locus_tag	ftype	length_bp	gene	EC_number	COG	product
PL25_00001	gene	300				
PL25_00001	CDS	300				hypothetical protein
PL25_00002	gene	378				
PL25_00002	CDS	378				hypothetical protein
PL25_00003	gene	330				
PL25_00003	CDS	330				hypothetical protein
PL25_00004	gene	111				
PL25_00004	CDS	111				hypothetical protein
PL25_00005	gene	264				
PL25_00005	CDS	264				hypothetical protein
PL25_00006	gene	438				
PL25_00006	CDS	438				hypothetical protein
PL25_00007	gene	147				
PL25_00007	CDS	147				hypothetical protein
PL25_00008	gene	1563				
PL25_00008	CDS	1563				hypothetical protein
PL25_00009	gene	291				
PL25_00009	CDS	291				hypothetical protein
PL25_00010	gene	972				
PL25_00010	CDS	972				hypothetical protein
PL25_00011	gene	165				
PL25_00011	CDS	165				hypothetical protein
PL25_00012	gene	156				
PL25_00012	CDS	156				hypothetical protein
PL25_00013	gene	171				
PL25_00013	CDS	171				hypothetical protein
PL25_00014	gene	144				
PL25_00014	CDS	144				hypothetical protein
PL25_00015	gene	108				
PL25_00015	CDS	108				hypothetical protein
PL25_00016	gene	180				
PL25_00016	CDS	180				hypothetical protein
PL25_00017	gene	255				
PL25_00017	CDS	255				hypothetical protein
PL25_00018	gene	1188				
PL25_00018	CDS	1188				hypothetical protein
PL25_00019	gene	240				
PL25_00019	CDS	240				hypothetical protein
PL25_00020	gene	189				
PL25_00020	CDS	189				hypothetical protein
PL25_00021	gene	261				
PL25_00021	CDS	261				hypothetical protein
PL25_00022	gene	186				
PL25_00022	CDS	186				hypothetical protein
PL25_00023	gene	213				
PL25_00023	CDS	213				hypothetical protein
PL25_00024	gene	633				
PL25_00024	CDS	633				hypothetical protein
PL25_00025	gene	300				
PL25_00025	CDS	300				hypothetical protein
PL25_00026	gene	378				
PL25_00026	CDS	378				hypothetical protein
PL25_00027	gene	330				
PL25_00027	CDS	330				hypothetical protein
PL25_00028	gene	111				
PL25_00028	CDS	111				hypothetical protein
PL25_00029	gene	264				
PL25_00029	CDS	264				hypothetical protein
PL25_00030	gene	438				
PL25_00030	CDS	438				hypothetical protein
PL25_00031	gene	147				
PL25_00031	CDS	147				hypothetical protein
PL25_00032	gene	1563				
PL25_00032	CDS	1563				hypothetical protein
PL25_00033	gene	1260				
PL25_00033	CDS	1260				hypothetical protein
PL25_00034	gene	165				
PL25_00034	CDS	165				hypothetical protein
PL25_00035	gene	156				
PL25_00035	CDS	156				hypothetical protein
PL25_00036	gene	171				
PL25_00036	CDS	171				hypothetical protein
PL25_00037	gene	144				
PL25_00037	CDS	144				hypothetical protein
PL25_00038	gene	108				
PL25_00038	CDS	108				hypothetical protein
PL25_00039	gene	180				
PL25_00039	CDS	180				hypothetical protein
PL25_00040	gene	255				
PL25_00040	CDS	255				hypothetical protein
PL25_00041	gene	1188				
PL25_00041	CDS	1188				hypothetical protein
PL25_00042	gene	240				
PL25_00042	CDS	240				hypothetical protein
PL25_00043	gene	189				
PL25_00043	CDS	189				hypothetical protein
PL25_00044	gene	261				
PL25_00044	CDS	261				hypothetical protein
PL25_00045	gene	186				
PL25_00045	CDS	186				hypothetical protein
PL25_00046	gene	213				
PL25_00046	CDS	213				hypothetical protein
PL25_00047	gene	633				
PL25_00047	CDS	633				hypothetical protein
PL25_00048	gene	300				
PL25_00048	CDS	300				hypothetical protein
PL25_00049	gene	378				
PL25_00049	CDS	378				hypothetical protein
PL25_00050	gene	330				
PL25_00050	CDS	330				hypothetical protein
PL25_00051	gene	111				
PL25_00051	CDS	111				hypothetical protein
PL25_00052	gene	264				
PL25_00052	CDS	264				hypothetical protein
PL25_00053	gene	438				
PL25_00053	CDS	438				hypothetical protein
PL25_00054	gene	147				
PL25_00054	CDS	147				hypothetical protein
PL25_00055	gene	1563				
PL25_00055	CDS	1563				hypothetical protein
PL25_00056	gene	1260				
PL25_00056	CDS	1260				hypothetical protein
PL25_00057	gene	165				
PL25_00057	CDS	165				hypothetical protein
PL25_00058	gene	156				
PL25_00058	CDS	156				hypothetical protein
PL25_00059	gene	171				
PL25_00059	CDS	171				hypothetical protein
PL25_00060	gene	144				
PL25_00060	CDS	144				hypothetical protein
PL25_00061	gene	108				
PL25_00061	CDS	108				hypothetical protein
PL25_00062	gene	180				
PL25_00062	CDS	180				hypothetical protein
PL25_00063	gene	255				
PL25_00063	CDS	255				hypothetical protein
PL25_00064	gene	1188				
PL25_00064	CDS	1188				hypothetical protein
PL25_00065	gene	240				
PL25_00065	CDS	240				hypothetical protein
PL25_00066	gene	189				
PL25_00066	CDS	189				hypothetical protein
PL25_00067	gene	261				
PL25_00067	CDS	261				hypothetical protein
PL25_00068	gene	186				
PL25_00068	CDS	186				hypothetical protein
PL25_00069	gene	213				
PL25_00069	CDS	213				hypothetical protein
PL25_00070	gene	279				
PL25_00070	CDS	279				hypothetical protein
PL25_00071	gene	471				
PL25_00071	CDS	471				hypothetical protein
PL25_00072	gene	177				
PL25_00072	CDS	177				hypothetical protein
PL25_00073	gene	312				
PL25_00073	CDS	312				hypothetical protein
PL25_00074	gene	498				
PL25_00074	CDS	498				hypothetical protein
PL25_00075	gene	207				
PL25_00075	CDS	207				hypothetical protein
PL25_00076	gene	1110				
PL25_00076	CDS	1110				hypothetical protein
PL25_00077	gene	555				
PL25_00077	CDS	555				hypothetical protein
PL25_00078	gene	1113				
PL25_00078	CDS	1113				hypothetical protein
PL25_00079	gene	693				
PL25_00079	CDS	693				hypothetical protein
PL25_00080	gene	2322				
PL25_00080	CDS	2322				hypothetical protein
PL25_00081	gene	555				
PL25_00081	CDS	555				hypothetical protein
PL25_00082	gene	2637				
PL25_00082	CDS	2637				hypothetical protein
PL25_00083	gene	525				
PL25_00083	CDS	525				hypothetical protein
PL25_00084	gene	219				
PL25_00084	CDS	219				hypothetical protein
PL25_00085	gene	1131				
PL25_00085	CDS	1131				hypothetical protein
PL25_00086	gene	225				
PL25_00086	CDS	225				hypothetical protein
PL25_00087	gene	291				
PL25_00087	CDS	291				hypothetical protein
PL25_00088	gene	603				
PL25_00088	CDS	603				hypothetical protein
PL25_00089	gene	357				
PL25_00089	CDS	357				hypothetical protein
PL25_00090	gene	1083				
PL25_00090	CDS	1083				hypothetical protein
PL25_00091	gene	459				
PL25_00091	CDS	459				hypothetical protein
PL25_00092	gene	525				
PL25_00092	CDS	525				hypothetical protein
PL25_00093	gene	1167				
PL25_00093	CDS	1167				hypothetical protein
PL25_00094	gene	2283	recD2_1			
PL25_00094	CDS	2283	recD2_1	5.6.2.3	COG0507	ATP-dependent RecD2 DNA helicase
PL25_00095	gene	507				
PL25_00095	CDS	507				hypothetical protein
PL25_00096	gene	249				
PL25_00096	CDS	249				hypothetical protein
PL25_00097	gene	141				
PL25_00097	CDS	141				hypothetical protein
PL25_00098	gene	1443	viaA			
PL25_00098	CDS	1443	viaA			Regulatory protein ViaA
PL25_00099	gene	1098	ravA			
PL25_00099	CDS	1098	ravA	3.6.1.-		Regulatory ATPase RavA
PL25_00100	gene	156				
PL25_00100	CDS	156				hypothetical protein
PL25_00101	gene	930				
PL25_00101	CDS	930				hypothetical protein
PL25_00102	gene	810	soj_1			
PL25_00102	CDS	810	soj_1	3.6.4.-	COG1192	Chromosome-partitioning ATPase Soj
PL25_00103	gene	405				
PL25_00103	CDS	405				hypothetical protein
PL25_00104	gene	345				
PL25_00104	CDS	345				hypothetical protein
PL25_00105	gene	267				
PL25_00105	CDS	267				hypothetical protein
PL25_00106	gene	342				
PL25_00106	CDS	342				hypothetical protein
PL25_00107	gene	618				
PL25_00107	CDS	618				hypothetical protein
PL25_00108	gene	267				
PL25_00108	CDS	267				hypothetical protein
PL25_00109	gene	360				
PL25_00109	CDS	360				hypothetical protein
PL25_00110	gene	246				
PL25_00110	CDS	246				hypothetical protein
PL25_00111	gene	288				
PL25_00111	CDS	288				hypothetical protein
PL25_00112	gene	315				
PL25_00112	CDS	315				hypothetical protein
PL25_00113	gene	612				
PL25_00113	CDS	612				hypothetical protein
PL25_00114	gene	354				
PL25_00114	CDS	354				hypothetical protein
PL25_00115	gene	324				
PL25_00115	CDS	324				hypothetical protein
PL25_00116	gene	2331				
PL25_00116	CDS	2331				hypothetical protein
PL25_00117	gene	354				
PL25_00117	CDS	354				hypothetical protein
PL25_00118	gene	846				
PL25_00118	CDS	846				hypothetical protein
PL25_00119	gene	789				
PL25_00119	CDS	789				hypothetical protein
PL25_00120	gene	204				
PL25_00120	CDS	204				hypothetical protein
PL25_00121	gene	72				
PL25_00121	tRNA	72				tRNA-Cys(gca)
PL25_00122	gene	168				
PL25_00122	CDS	168				hypothetical protein
PL25_00123	gene	300				
PL25_00123	CDS	300				hypothetical protein
PL25_00124	gene	393				
PL25_00124	CDS	393				hypothetical protein
PL25_00125	gene	186				
PL25_00125	CDS	186				hypothetical protein
PL25_00126	gene	234				
PL25_00126	CDS	234				hypothetical protein
PL25_00127	gene	777				
PL25_00127	CDS	777				hypothetical protein
PL25_00128	gene	564	hin			
PL25_00128	CDS	564	hin			DNA-invertase hin
PL25_00129	gene	96				
PL25_00129	CDS	96				hypothetical protein
PL25_00130	gene	252				
PL25_00130	CDS	252				hypothetical protein
PL25_00131	gene	174				
PL25_00131	CDS	174				hypothetical protein
PL25_00132	gene	492				
PL25_00132	CDS	492				hypothetical protein
PL25_00133	gene	876				
PL25_00133	CDS	876				hypothetical protein
PL25_00134	gene	696				
PL25_00134	CDS	696				hypothetical protein
PL25_00135	gene	387				
PL25_00135	CDS	387				hypothetical protein
PL25_00136	gene	465				
PL25_00136	CDS	465				hypothetical protein
PL25_00137	gene	366				
PL25_00137	CDS	366				hypothetical protein
PL25_00138	gene	303				
PL25_00138	CDS	303				hypothetical protein
PL25_00139	gene	723				
PL25_00139	CDS	723				hypothetical protein
PL25_00140	gene	426	ssbA_1			
PL25_00140	CDS	426	ssbA_1		COG0629	Single-stranded DNA-binding protein A
PL25_00141	gene	684				
PL25_00141	CDS	684				hypothetical protein
PL25_00142	gene	330				
PL25_00142	CDS	330				hypothetical protein
PL25_00143	gene	1029				
PL25_00143	CDS	1029				hypothetical protein
PL25_00144	gene	204				
PL25_00144	CDS	204				hypothetical protein
PL25_00145	gene	306				
PL25_00145	CDS	306				hypothetical protein
PL25_00146	gene	732				
PL25_00146	CDS	732				hypothetical protein
PL25_00147	gene	846	rpsA			
PL25_00147	CDS	846	rpsA		COG0539	Small ribosomal subunit protein bS1
PL25_00148	gene	1722				
PL25_00148	CDS	1722				hypothetical protein
PL25_00149	gene	741				
PL25_00149	CDS	741				hypothetical protein
PL25_00150	gene	1131				
PL25_00150	CDS	1131				hypothetical protein
PL25_00151	gene	627				
PL25_00151	CDS	627				hypothetical protein
PL25_00152	gene	165				
PL25_00152	CDS	165				hypothetical protein
PL25_00153	gene	699				
PL25_00153	CDS	699				hypothetical protein
PL25_00154	gene	333				
PL25_00154	CDS	333				hypothetical protein
PL25_00155	gene	402				
PL25_00155	CDS	402				hypothetical protein
PL25_00156	gene	2583				
PL25_00156	CDS	2583				hypothetical protein
PL25_00157	gene	168				
PL25_00157	CDS	168				hypothetical protein
PL25_00158	gene	1032				
PL25_00158	CDS	1032				hypothetical protein
PL25_00159	gene	252				
PL25_00159	CDS	252				hypothetical protein
PL25_00160	gene	249				
PL25_00160	CDS	249				hypothetical protein
PL25_00161	gene	258				
PL25_00161	CDS	258				hypothetical protein
PL25_00162	gene	423				
PL25_00162	CDS	423				hypothetical protein
PL25_00163	gene	285				
PL25_00163	CDS	285				hypothetical protein
PL25_00164	gene	222				
PL25_00164	CDS	222				hypothetical protein
PL25_00165	gene	129				
PL25_00165	CDS	129				hypothetical protein
PL25_00166	gene	144				
PL25_00166	CDS	144				hypothetical protein
PL25_00167	gene	177				
PL25_00167	CDS	177				hypothetical protein
PL25_00168	gene	264				
PL25_00168	CDS	264				hypothetical protein
PL25_00169	gene	348				
PL25_00169	CDS	348				hypothetical protein
PL25_00170	gene	291				
PL25_00170	CDS	291				hypothetical protein
PL25_00171	gene	1500				
PL25_00171	CDS	1500				hypothetical protein
PL25_00172	gene	531				
PL25_00172	CDS	531				hypothetical protein
PL25_00173	gene	798				
PL25_00173	CDS	798				hypothetical protein
PL25_00174	gene	198				
PL25_00174	CDS	198				hypothetical protein
PL25_00175	gene	153				
PL25_00175	CDS	153				hypothetical protein
PL25_00176	gene	945	xlyA_1			
PL25_00176	CDS	945	xlyA_1	3.5.1.28	COG3409	N-acetylmuramoyl-L-alanine amidase XlyA
PL25_00177	gene	267				
PL25_00177	CDS	267				hypothetical protein
PL25_00178	gene	213				
PL25_00178	CDS	213				hypothetical protein
PL25_00179	gene	147				
PL25_00179	CDS	147				hypothetical protein
PL25_00180	gene	180				
PL25_00180	CDS	180				hypothetical protein
PL25_00181	gene	1911				
PL25_00181	CDS	1911				hypothetical protein
PL25_00182	gene	912				
PL25_00182	CDS	912				hypothetical protein
PL25_00183	gene	1932				
PL25_00183	CDS	1932				hypothetical protein
PL25_00184	gene	807				
PL25_00184	CDS	807				hypothetical protein
PL25_00185	gene	2436				
PL25_00185	CDS	2436				hypothetical protein
PL25_00186	gene	450				
PL25_00186	CDS	450				hypothetical protein
PL25_00187	gene	489				
PL25_00187	CDS	489				hypothetical protein
PL25_00188	gene	324				
PL25_00188	CDS	324				hypothetical protein
PL25_00189	gene	405				
PL25_00189	CDS	405				hypothetical protein
PL25_00190	gene	432				
PL25_00190	CDS	432				hypothetical protein
PL25_00191	gene	312				
PL25_00191	CDS	312				hypothetical protein
PL25_00192	gene	297				
PL25_00192	CDS	297				hypothetical protein
PL25_00193	gene	825				
PL25_00193	CDS	825				hypothetical protein
PL25_00194	gene	612				
PL25_00194	CDS	612				hypothetical protein
PL25_00195	gene	255				
PL25_00195	CDS	255				hypothetical protein
PL25_00196	gene	177				
PL25_00196	CDS	177				hypothetical protein
PL25_00197	gene	912				
PL25_00197	CDS	912				hypothetical protein
PL25_00198	gene	1443				
PL25_00198	CDS	1443				hypothetical protein
PL25_00199	gene	1245				
PL25_00199	CDS	1245				hypothetical protein
PL25_00200	gene	453				
PL25_00200	CDS	453				hypothetical protein
PL25_00201	gene	165				
PL25_00201	CDS	165				hypothetical protein
PL25_00202	gene	141				
PL25_00202	CDS	141				hypothetical protein
PL25_00203	gene	186				
PL25_00203	CDS	186				hypothetical protein
PL25_00204	gene	330				
PL25_00204	CDS	330				hypothetical protein
PL25_00205	gene	144				
PL25_00205	CDS	144				hypothetical protein
PL25_00206	gene	1191				
PL25_00206	CDS	1191				hypothetical protein
PL25_00207	gene	87				
PL25_00207	tRNA	87				tRNA-Ser(gct)
PL25_00208	gene	459				
PL25_00208	CDS	459				hypothetical protein
PL25_00209	gene	240				
PL25_00209	CDS	240				hypothetical protein
PL25_00210	gene	150				
PL25_00210	CDS	150				hypothetical protein
PL25_00211	gene	390				
PL25_00211	CDS	390				hypothetical protein
PL25_00212	gene	228				
PL25_00212	CDS	228				hypothetical protein
PL25_00213	gene	462				
PL25_00213	CDS	462				hypothetical protein
PL25_00214	gene	180				
PL25_00214	CDS	180				hypothetical protein
PL25_00215	gene	339				
PL25_00215	CDS	339				hypothetical protein
PL25_00216	gene	153				
PL25_00216	CDS	153				hypothetical protein
PL25_00217	gene	600				
PL25_00217	CDS	600				hypothetical protein
PL25_00218	gene	273				
PL25_00218	CDS	273				hypothetical protein
PL25_00219	gene	930				
PL25_00219	CDS	930				hypothetical protein
PL25_00220	gene	738				
PL25_00220	CDS	738				hypothetical protein
PL25_00221	gene	378	ssb_1			
PL25_00221	CDS	378	ssb_1		COG0629	Single-stranded DNA-binding protein
PL25_00222	gene	138				
PL25_00222	CDS	138				hypothetical protein
PL25_00223	gene	348				
PL25_00223	CDS	348				hypothetical protein
PL25_00224	gene	429				
PL25_00224	CDS	429				hypothetical protein
PL25_00225	gene	396				
PL25_00225	CDS	396				hypothetical protein
PL25_00226	gene	210				
PL25_00226	CDS	210				hypothetical protein
PL25_00227	gene	201				
PL25_00227	CDS	201				hypothetical protein
PL25_00228	gene	1278	dnaC_1			
PL25_00228	CDS	1278	dnaC_1	5.6.2.3	COG0305	Replicative DNA helicase DnaC
PL25_00229	gene	279				
PL25_00229	CDS	279				hypothetical protein
PL25_00230	gene	708				
PL25_00230	CDS	708				hypothetical protein
PL25_00231	gene	204				
PL25_00231	CDS	204				hypothetical protein
PL25_00232	gene	219				
PL25_00232	CDS	219				hypothetical protein
PL25_00233	gene	198				
PL25_00233	CDS	198				hypothetical protein
PL25_00234	gene	111				
PL25_00234	CDS	111				hypothetical protein
PL25_00235	gene	492				
PL25_00235	CDS	492				hypothetical protein
PL25_00236	gene	297				
PL25_00236	CDS	297				hypothetical protein
PL25_00237	gene	192				
PL25_00237	CDS	192				hypothetical protein
PL25_00238	gene	306				
PL25_00238	CDS	306				hypothetical protein
PL25_00239	gene	348				
PL25_00239	CDS	348				hypothetical protein
PL25_00240	gene	399				
PL25_00240	CDS	399				hypothetical protein
PL25_00241	gene	324				
PL25_00241	CDS	324				hypothetical protein
PL25_00242	gene	369				
PL25_00242	CDS	369				hypothetical protein
PL25_00243	gene	186				
PL25_00243	CDS	186				hypothetical protein
PL25_00244	gene	222				
PL25_00244	CDS	222				hypothetical protein
PL25_00245	gene	276				
PL25_00245	CDS	276				hypothetical protein
PL25_00246	gene	291				
PL25_00246	CDS	291				hypothetical protein
PL25_00247	gene	654				
PL25_00247	CDS	654				hypothetical protein
PL25_00248	gene	402				
PL25_00248	CDS	402				hypothetical protein
PL25_00249	gene	111				
PL25_00249	CDS	111				hypothetical protein
PL25_00250	gene	366				
PL25_00250	CDS	366				hypothetical protein
PL25_00251	gene	795				
PL25_00251	CDS	795				hypothetical protein
PL25_00252	gene	186				
PL25_00252	CDS	186				hypothetical protein
PL25_00253	gene	96				
PL25_00253	CDS	96				hypothetical protein
PL25_00254	gene	171				
PL25_00254	CDS	171				hypothetical protein
PL25_00255	gene	336				
PL25_00255	CDS	336				hypothetical protein
PL25_00256	gene	336				
PL25_00256	CDS	336				hypothetical protein
PL25_00257	gene	117				
PL25_00257	CDS	117				hypothetical protein
PL25_00258	gene	486	gerR			
PL25_00258	CDS	486	gerR			Sporulation-specific transcriptional regulator GerR
PL25_00259	gene	174	rpmF			
PL25_00259	CDS	174	rpmF			Large ribosomal subunit protein bL32
PL25_00260	gene	531				
PL25_00260	CDS	531				hypothetical protein
PL25_00261	gene	888	tmcAL_1			
PL25_00261	CDS	888	tmcAL_1	6.3.4.-	COG1323	tRNA(Met) cytidine acetate ligase
PL25_00262	gene	339	tmcAL_2			
PL25_00262	CDS	339	tmcAL_2	6.3.1.22		tRNA(Met) cytidine acetate ligase
PL25_00263	gene	1011	ylbL			
PL25_00263	CDS	1011	ylbL		COG3480	putative protein YlbL
PL25_00264	gene	1218	ylbJ			
PL25_00264	CDS	1218	ylbJ		COG3314	Sporulation integral membrane protein YlbJ
PL25_00265	gene	480	coaD			
PL25_00265	CDS	480	coaD	2.7.7.3	COG0669	Phosphopantetheine adenylyltransferase
PL25_00266	gene	579	rsmD			
PL25_00266	CDS	579	rsmD	2.1.1.171	COG0742	Ribosomal RNA small subunit methyltransferase D
PL25_00267	gene	124				
PL25_00267	misc_RNA	124				ylbH
PL25_00268	gene	276				
PL25_00268	CDS	276				hypothetical protein
PL25_00269	gene	438	ylbF			
PL25_00269	CDS	438	ylbF		COG3679	Regulatory protein YlbF
PL25_00270	gene	234				
PL25_00270	CDS	234				hypothetical protein
PL25_00271	gene	402				
PL25_00271	CDS	402				hypothetical protein
PL25_00272	gene	1068				
PL25_00272	CDS	1068				hypothetical protein
PL25_00273	gene	366				
PL25_00273	CDS	366				hypothetical protein
PL25_00274	gene	1059				
PL25_00274	CDS	1059				Sodium-lithium/proton antiporter
PL25_00275	gene	456				
PL25_00275	CDS	456				hypothetical protein
PL25_00276	gene	900				
PL25_00276	CDS	900				hypothetical protein
PL25_00277	gene	315	caaD			
PL25_00277	CDS	315	caaD	7.1.1.9		Cytochrome c oxidase subunit 4B
PL25_00278	gene	624	ctaE			
PL25_00278	CDS	624	ctaE	7.1.1.9		Cytochrome c oxidase subunit 3
PL25_00279	gene	1854	ctaD			
PL25_00279	CDS	1854	ctaD	7.1.1.9		Cytochrome c oxidase subunit 1
PL25_00280	gene	1053	ctaC			
PL25_00280	CDS	1053	ctaC	7.1.1.9	COG1622	Cytochrome c oxidase subunit 2
PL25_00281	gene	945	ctaB2_1			
PL25_00281	CDS	945	ctaB2_1	2.5.1.141	COG0109	Protoheme IX farnesyltransferase 2
PL25_00282	gene	948	ctaA			
PL25_00282	CDS	948	ctaA	1.17.99.9		Heme A synthase
PL25_00283	gene	3447	pyc			
PL25_00283	CDS	3447	pyc	6.4.1.1	COG1038	Pyruvate carboxylase
PL25_00284	gene	1185	ftsW			
PL25_00284	CDS	1185	ftsW	2.4.99.28	COG0772	putative peptidoglycan glycosyltransferase FtsW
PL25_00285	gene	285				
PL25_00285	CDS	285				hypothetical protein
PL25_00286	gene	489				
PL25_00286	CDS	489				hypothetical protein
PL25_00287	gene	600				
PL25_00287	CDS	600				hypothetical protein
PL25_00288	gene	288				
PL25_00288	CDS	288				hypothetical protein
PL25_00289	gene	204				
PL25_00289	CDS	204				hypothetical protein
PL25_00290	gene	312				
PL25_00290	CDS	312				hypothetical protein
PL25_00291	gene	171				
PL25_00291	CDS	171				hypothetical protein
PL25_00292	gene	810	suhB			
PL25_00292	CDS	810	suhB	3.1.3.25	COG0483	Inositol-1-monophosphatase
PL25_00293	gene	192				
PL25_00293	CDS	192				hypothetical protein
PL25_00294	gene	618				
PL25_00294	CDS	618				hypothetical protein
PL25_00295	gene	270				
PL25_00295	CDS	270				hypothetical protein
PL25_00296	gene	1467	speA_1			
PL25_00296	CDS	1467	speA_1	4.1.1.19	COG1982	Arginine decarboxylase
PL25_00297	gene	215				
PL25_00297	misc_RNA	215				SR1
PL25_00298	gene	108				
PL25_00298	CDS	108				hypothetical protein
PL25_00299	gene	858				
PL25_00299	CDS	858				hypothetical protein
PL25_00300	gene	1530	opuD			
PL25_00300	CDS	1530	opuD		COG1292	Glycine betaine transporter OpuD
PL25_00301	gene	384				
PL25_00301	CDS	384				hypothetical protein
PL25_00302	gene	1407	pdhD_1			
PL25_00302	CDS	1407	pdhD_1	1.8.1.4		Dihydrolipoyl dehydrogenase
PL25_00303	gene	1275	pdhC_1			
PL25_00303	CDS	1275	pdhC_1	2.3.1.12	COG0508	Dihydrolipoyllysine-residue acetyltransferase component of pyruvate dehydrogenase complex
PL25_00304	gene	978	pdhB_1			
PL25_00304	CDS	978	pdhB_1	1.2.4.1		Pyruvate dehydrogenase E1 component subunit beta
PL25_00305	gene	1083	pdhA_1			
PL25_00305	CDS	1083	pdhA_1	1.2.4.1		Pyruvate dehydrogenase E1 component subunit alpha
PL25_00306	gene	720				
PL25_00306	CDS	720				hypothetical protein
PL25_00307	gene	552	def2			
PL25_00307	CDS	552	def2	3.5.1.88		Peptide deformylase 2
PL25_00308	gene	774				
PL25_00308	CDS	774				Putative bifunctional phosphatase/peptidyl-prolyl cis-trans isomerase
PL25_00309	gene	96				
PL25_00309	CDS	96				hypothetical protein
PL25_00310	gene	210	rpoY			
PL25_00310	CDS	210	rpoY	2.7.7.6	COG5503	DNA-directed RNA polymerase subunit epsilon
PL25_00311	gene	1668	rnjA			
PL25_00311	CDS	1668	rnjA	3.1.-.-	COG0595	Ribonuclease J1
PL25_00312	gene	666	ktrC			
PL25_00312	CDS	666	ktrC		COG0569	Ktr system potassium uptake protein C
PL25_00313	gene	1356				
PL25_00313	CDS	1356				IS1182 family transposase IS656
PL25_00314	gene	1839				
PL25_00314	CDS	1839			COG1132	putative ABC transporter ATP-binding protein
PL25_00315	gene	1818	ywjA_1			
PL25_00315	CDS	1818	ywjA_1		COG1132	putative ABC transporter ATP-binding protein YwjA
PL25_00316	gene	453	ykuV			
PL25_00316	CDS	453	ykuV	1.8.-.-	COG0526	Thiol-disulfide oxidoreductase YkuV
PL25_00317	gene	249				
PL25_00317	CDS	249				hypothetical protein
PL25_00318	gene	1116				
PL25_00318	CDS	1116		3.5.1.47	COG1473	N-acetyldiaminopimelate deacetylase
PL25_00319	gene	720	dapH_1			
PL25_00319	CDS	720	dapH_1	2.3.1.89	COG2171	2,3,4,5-tetrahydropyridine-2,6-dicarboxylate N-acetyltransferase
PL25_00320	gene	444	darB			
PL25_00320	CDS	444	darB		COG0517	Cyclic di-AMP receptor B
PL25_00321	gene	303	czrA			
PL25_00321	CDS	303	czrA		COG0640	HTH-type transcriptional repressor CzrA
PL25_00322	gene	912	czcD			
PL25_00322	CDS	912	czcD		COG1230	Cadmium, cobalt and zinc/H(+)-K(+) antiporter
PL25_00323	gene	855	lpxG_1			
PL25_00323	CDS	855	lpxG_1	3.6.1.-		UDP-2,3-diacylglucosamine pyrophosphatase LpxG
PL25_00324	gene	624				
PL25_00324	CDS	624				hypothetical protein
PL25_00325	gene	477				
PL25_00325	CDS	477				hypothetical protein
PL25_00326	gene	276				
PL25_00326	CDS	276				hypothetical protein
PL25_00327	gene	918				
PL25_00327	CDS	918				hypothetical protein
PL25_00328	gene	147				
PL25_00328	CDS	147				hypothetical protein
PL25_00329	gene	1158	dapX			
PL25_00329	CDS	1158	dapX	2.6.1.-	COG0436	putative N-acetyl-LL-diaminopimelate aminotransferase
PL25_00330	gene	525	sipT_1			
PL25_00330	CDS	525	sipT_1	3.4.21.89	COG0681	Signal peptidase I T
PL25_00331	gene	93				
PL25_00331	CDS	93				hypothetical protein
PL25_00332	gene	1158				
PL25_00332	CDS	1158				hypothetical protein
PL25_00333	gene	1143				
PL25_00333	CDS	1143				hypothetical protein
PL25_00334	gene	120				
PL25_00334	CDS	120				hypothetical protein
PL25_00335	gene	1158	mucR			
PL25_00335	CDS	1158	mucR	2.7.7.65		Bifunctional diguanylate cyclase/cyclic di-GMP phosphodiesterase MucR
PL25_00336	gene	147				
PL25_00336	CDS	147				hypothetical protein
PL25_00337	gene	1368	ktrB_1			
PL25_00337	CDS	1368	ktrB_1		COG0168	Ktr system potassium uptake protein B
PL25_00338	gene	411				
PL25_00338	CDS	411				hypothetical protein
PL25_00339	gene	1266	moeA_1			
PL25_00339	CDS	1266	moeA_1	2.10.1.1		Molybdopterin molybdenumtransferase
PL25_00340	gene	144				
PL25_00340	CDS	144				hypothetical protein
PL25_00341	gene	750	nfrA1			
PL25_00341	CDS	750	nfrA1	1.5.1.38	COG0778	FMN reductase (NADPH)
PL25_00342	gene	447				
PL25_00342	CDS	447				hypothetical protein
PL25_00343	gene	207				
PL25_00343	CDS	207				hypothetical protein
PL25_00344	gene	447				
PL25_00344	CDS	447				hypothetical protein
PL25_00345	gene	480				
PL25_00345	CDS	480				hypothetical protein
PL25_00346	gene	1017	spoVAD			
PL25_00346	CDS	1017	spoVAD		COG0332	Stage V sporulation protein AD
PL25_00347	gene	351				
PL25_00347	CDS	351				hypothetical protein
PL25_00348	gene	201				
PL25_00348	CDS	201				hypothetical protein
PL25_00349	gene	858				
PL25_00349	CDS	858				hypothetical protein
PL25_00350	gene	1224	dctA			
PL25_00350	CDS	1224	dctA		COG1301	C4-dicarboxylate transport protein
PL25_00351	gene	1347				
PL25_00351	CDS	1347			COG3385	IS4 family transposase ISHaha1
PL25_00352	gene	984	adhT			
PL25_00352	CDS	984	adhT	1.1.1.1		Alcohol dehydrogenase
PL25_00353	gene	1032	arsA			
PL25_00353	CDS	1032	arsA	7.3.2.7		Arsenical pump-driving ATPase
PL25_00354	gene	258				
PL25_00354	CDS	258				hypothetical protein
PL25_00355	gene	1737	cstA_1			
PL25_00355	CDS	1737	cstA_1		COG1966	Peptide transporter CstA
PL25_00356	gene	1431				
PL25_00356	CDS	1431				hypothetical protein
PL25_00357	gene	351	yflT			
PL25_00357	CDS	351	yflT			General stress protein 17M
PL25_00358	gene	570	thiT			
PL25_00358	CDS	570	thiT		COG3859	Thiamine transporter ThiT
PL25_00359	gene	103				
PL25_00359	misc_RNA	103				TPP
PL25_00360	gene	1785	pepF1			
PL25_00360	CDS	1785	pepF1	3.4.24.-		Oligoendopeptidase F, plasmid
PL25_00361	gene	258				
PL25_00361	CDS	258				hypothetical protein
PL25_00362	gene	537				
PL25_00362	CDS	537				hypothetical protein
PL25_00363	gene	2028	fpuB			
PL25_00363	CDS	2028	fpuB			Petrobactin import system permease protein FpuB
PL25_00364	gene	999	fpuA_1			
PL25_00364	CDS	999	fpuA_1			Petrobactin-binding protein FpuA
PL25_00365	gene	864				
PL25_00365	CDS	864				hypothetical protein
PL25_00366	gene	156				
PL25_00366	CDS	156				hypothetical protein
PL25_00367	gene	102				
PL25_00367	CDS	102				hypothetical protein
PL25_00368	gene	1215				
PL25_00368	CDS	1215		1.6.5.9	COG1252	Type II NADH:quinone oxidoreductase
PL25_00369	gene	504	fadD3_1			
PL25_00369	CDS	504	fadD3_1	6.2.1.41	COG0318	3-[(3aS,4S,7aS)-7a-methyl-1,5-dioxo-octahydro-1H-inden-4-yl]propanoyl:CoA ligase
PL25_00370	gene	136				
PL25_00370	misc_RNA	136				PyrR
PL25_00371	gene	1284				
PL25_00371	CDS	1284				Uracil permease
PL25_00372	gene	729	nhaG			
PL25_00372	CDS	729	nhaG			Na(+)/H(+) antiporter NhaG
PL25_00373	gene	1356				
PL25_00373	CDS	1356				IS1182 family transposase IS656
PL25_00374	gene	330				
PL25_00374	CDS	330				hypothetical protein
PL25_00375	gene	216				
PL25_00375	CDS	216				hypothetical protein
PL25_00376	gene	1482	dacC_1			
PL25_00376	CDS	1482	dacC_1	3.4.16.4	COG2027	D-alanyl-D-alanine carboxypeptidase DacC
PL25_00377	gene	1629				
PL25_00377	CDS	1629				hypothetical protein
PL25_00378	gene	615				
PL25_00378	CDS	615				hypothetical protein
PL25_00379	gene	903				
PL25_00379	CDS	903				hypothetical protein
PL25_00380	gene	1251	dinB_1			
PL25_00380	CDS	1251	dinB_1	2.7.7.7		DNA polymerase IV
PL25_00381	gene	933	iolS			
PL25_00381	CDS	933	iolS	1.1.1.-	COG0667	Aldo-keto reductase IolS
PL25_00382	gene	1203	deoB_1			
PL25_00382	CDS	1203	deoB_1	5.4.2.7		Phosphopentomutase
PL25_00383	gene	1161	yhfX			
PL25_00383	CDS	1161	yhfX		COG3457	putative protein YhfX
PL25_00384	gene	1125	yhfS			
PL25_00384	CDS	1125	yhfS		COG0626	putative protein YhfS
PL25_00385	gene	915	php			
PL25_00385	CDS	915	php	3.1.-.-	COG1735	Phosphotriesterase homology protein
PL25_00386	gene	1290				
PL25_00386	CDS	1290				hypothetical protein
PL25_00387	gene	360				
PL25_00387	CDS	360				hypothetical protein
PL25_00388	gene	381				
PL25_00388	CDS	381				hypothetical protein
PL25_00389	gene	933				
PL25_00389	CDS	933				hypothetical protein
PL25_00390	gene	1569				
PL25_00390	CDS	1569				hypothetical protein
PL25_00391	gene	879	dpaA_1			
PL25_00391	CDS	879	dpaA_1	1.3.1.-	COG1052	Dipicolinate synthase subunit A
PL25_00392	gene	372				
PL25_00392	CDS	372				hypothetical protein
PL25_00393	gene	753	cpnA_1			
PL25_00393	CDS	753	cpnA_1	1.1.1.163		Cyclopentanol dehydrogenase
PL25_00394	gene	654				
PL25_00394	CDS	654				hypothetical protein
PL25_00395	gene	1065				
PL25_00395	CDS	1065		1.1.1.93		Tartrate dehydrogenase/decarboxylase
PL25_00396	gene	270				
PL25_00396	CDS	270				hypothetical protein
PL25_00397	gene	132				
PL25_00397	CDS	132				hypothetical protein
PL25_00398	gene	708	bioC_1			
PL25_00398	CDS	708	bioC_1	2.1.1.197		Malonyl-[acyl-carrier protein] O-methyltransferase
PL25_00399	gene	792				
PL25_00399	CDS	792				hypothetical protein
PL25_00400	gene	450				
PL25_00400	CDS	450				hypothetical protein
PL25_00401	gene	2796				
PL25_00401	CDS	2796				hypothetical protein
PL25_00402	gene	4404	eccC			
PL25_00402	CDS	4404	eccC		COG1674	ESX secretion system protein EccC
PL25_00403	gene	1224	yukC			
PL25_00403	CDS	1224	yukC		COG4499	ESX secretion system protein YukC
PL25_00404	gene	240	yukD			
PL25_00404	CDS	240	yukD		COG5417	ESX secretion system protein YukD
PL25_00405	gene	294	yukE			
PL25_00405	CDS	294	yukE		COG4842	Protein YukE
PL25_00406	gene	255				
PL25_00406	CDS	255				hypothetical protein
PL25_00407	gene	102				
PL25_00407	CDS	102				hypothetical protein
PL25_00408	gene	150				
PL25_00408	CDS	150				hypothetical protein
PL25_00409	gene	1242				
PL25_00409	CDS	1242				IS1182 family transposase IS663
PL25_00410	gene	2727				
PL25_00410	CDS	2727				hypothetical protein
PL25_00411	gene	222				
PL25_00411	CDS	222				hypothetical protein
PL25_00412	gene	129				
PL25_00412	CDS	129				hypothetical protein
PL25_00413	gene	336				
PL25_00413	CDS	336				hypothetical protein
PL25_00414	gene	486				
PL25_00414	CDS	486				hypothetical protein
PL25_00415	gene	1128				
PL25_00415	CDS	1128				hypothetical protein
PL25_00416	gene	546	nfeD2			
PL25_00416	CDS	546	nfeD2		COG1585	Membrane protein NfeD2
PL25_00417	gene	1548	floT			
PL25_00417	CDS	1548	floT		COG2268	Flotillin-like protein FloT
PL25_00418	gene	714	bioC_2			
PL25_00418	CDS	714	bioC_2	2.1.1.197		Malonyl-[acyl-carrier protein] O-methyltransferase
PL25_00419	gene	558				
PL25_00419	CDS	558				hypothetical protein
PL25_00420	gene	543				
PL25_00420	CDS	543				hypothetical protein
PL25_00421	gene	783				
PL25_00421	CDS	783				hypothetical protein
PL25_00422	gene	588	cutR			
PL25_00422	CDS	588	cutR		COG1349	HTH-type transcriptional repressor CutR
PL25_00423	gene	798				
PL25_00423	CDS	798				hypothetical protein
PL25_00424	gene	867	hdha			
PL25_00424	CDS	867	hdha	1.1.1.-		7alpha-hydroxysteroid dehydrogenase
PL25_00425	gene	1092				
PL25_00425	CDS	1092				hypothetical protein
PL25_00426	gene	1458	gerXA			
PL25_00426	CDS	1458	gerXA			Spore germination protein XA
PL25_00427	gene	1131				
PL25_00427	CDS	1131				hypothetical protein
PL25_00428	gene	138				
PL25_00428	CDS	138				hypothetical protein
PL25_00429	gene	774				
PL25_00429	CDS	774				hypothetical protein
PL25_00430	gene	546	ydaF			
PL25_00430	CDS	546	ydaF	2.3.1.-	COG1670	Putative ribosomal N-acetyltransferase YdaF
PL25_00431	gene	774	bioC_3			
PL25_00431	CDS	774	bioC_3	2.1.1.197		Malonyl-[acyl-carrier protein] O-methyltransferase
PL25_00432	gene	990	cotA_1			
PL25_00432	CDS	990	cotA_1	1.10.3.2	COG2132	Laccase
PL25_00433	gene	234	cotA_2			
PL25_00433	CDS	234	cotA_2	1.10.3.2	COG2132	Laccase
PL25_00434	gene	684				
PL25_00434	CDS	684				hypothetical protein
PL25_00435	gene	1374	phoB			
PL25_00435	CDS	1374	phoB	3.1.3.1	COG1785	Alkaline phosphatase 3
PL25_00436	gene	1254	tsuA			
PL25_00436	CDS	1254	tsuA		COG2391	Thiosulfate transporter TsuA
PL25_00437	gene	138				
PL25_00437	CDS	138				hypothetical protein
PL25_00438	gene	1050				
PL25_00438	CDS	1050				hypothetical protein
PL25_00439	gene	519				
PL25_00439	CDS	519				hypothetical protein
PL25_00440	gene	1293				
PL25_00440	CDS	1293				hypothetical protein
PL25_00441	gene	690	cutC			
PL25_00441	CDS	690	cutC			PF03932 family protein CutC
PL25_00442	gene	1389	pepA			
PL25_00442	CDS	1389	pepA	3.4.11.1	COG0260	putative cytosol aminopeptidase
PL25_00443	gene	972	dppF_1			
PL25_00443	CDS	972	dppF_1	7.4.2.9	COG4608	Dipeptide transport ATP-binding protein DppF
PL25_00444	gene	987	oppD_1			
PL25_00444	CDS	987	oppD_1	7.4.2.6	COG0444	Oligopeptide transport ATP-binding protein OppD
PL25_00445	gene	888	gsiD_1			
PL25_00445	CDS	888	gsiD_1		COG1173	Glutathione transport system permease protein GsiD
PL25_00446	gene	921	gsiC_1			
PL25_00446	CDS	921	gsiC_1		COG0601	Glutathione transport system permease protein GsiC
PL25_00447	gene	1566	gsiB			
PL25_00447	CDS	1566	gsiB		COG0747	Glutathione-binding protein GsiB
PL25_00448	gene	996				
PL25_00448	CDS	996				hypothetical protein
PL25_00449	gene	1170	nagC_1			
PL25_00449	CDS	1170	nagC_1		COG1846	DNA-binding transcriptional dual regulator NagC
PL25_00450	gene	104				
PL25_00450	misc_RNA	104				SAM
PL25_00451	gene	1116	metI			
PL25_00451	CDS	1116	metI	2.5.1.-	COG0626	Cystathionine gamma-synthase/O-acetylhomoserine (thiol)-lyase
PL25_00452	gene	612	pabA_1			
PL25_00452	CDS	612	pabA_1	2.6.1.85	COG0512	Aminodeoxychorismate synthase component 2
PL25_00453	gene	1752	menF			
PL25_00453	CDS	1752	menF	5.4.4.2		Isochorismate synthase MenF
PL25_00454	gene	813				
PL25_00454	CDS	813			COG0428	Zinc transporter ZIPB
PL25_00455	gene	1461	katA_1			
PL25_00455	CDS	1461	katA_1	1.11.1.6	COG0753	Vegetative catalase
PL25_00456	gene	789				
PL25_00456	CDS	789				hypothetical protein
PL25_00457	gene	228	tusA			
PL25_00457	CDS	228	tusA		COG0425	Sulfur carrier protein TusA
PL25_00458	gene	1131	gloB_1			
PL25_00458	CDS	1131	gloB_1	3.1.2.6		Hydroxyacylglutathione hydrolase
PL25_00459	gene	399	dsrE2_1			
PL25_00459	CDS	399	dsrE2_1		COG2210	Sulfur carrier protein DsrE2
PL25_00460	gene	573	glpE_1			
PL25_00460	CDS	573	glpE_1	2.8.1.1		Thiosulfate sulfurtransferase GlpE
PL25_00461	gene	300				
PL25_00461	CDS	300		2.8.1.-	COG0607	Sulfurtransferase
PL25_00462	gene	480	dsrE2_2			
PL25_00462	CDS	480	dsrE2_2		COG2210	Sulfur carrier protein DsrE2
PL25_00463	gene	261	ricR_1			
PL25_00463	CDS	261	ricR_1		COG1937	Copper-sensing transcriptional repressor RicR
PL25_00464	gene	342				
PL25_00464	CDS	342				hypothetical protein
PL25_00465	gene	312				
PL25_00465	CDS	312				hypothetical protein
PL25_00466	gene	627				
PL25_00466	CDS	627				hypothetical protein
PL25_00467	gene	390				
PL25_00467	CDS	390				hypothetical protein
PL25_00468	gene	1029	splB			
PL25_00468	CDS	1029	splB	4.1.99.14	COG1533	Spore photoproduct lyase
PL25_00469	gene	243				
PL25_00469	CDS	243				hypothetical protein
PL25_00470	gene	1095	xylB_1			
PL25_00470	CDS	1095	xylB_1	1.1.1.90		Aryl-alcohol dehydrogenase
PL25_00471	gene	723				
PL25_00471	CDS	723				hypothetical protein
PL25_00472	gene	825				
PL25_00472	CDS	825				hypothetical protein
PL25_00473	gene	1227				
PL25_00473	CDS	1227				hypothetical protein
PL25_00474	gene	165				
PL25_00474	CDS	165				hypothetical protein
PL25_00475	gene	1212				
PL25_00475	CDS	1212				hypothetical protein
PL25_00476	gene	1215				
PL25_00476	CDS	1215				hypothetical protein
PL25_00477	gene	753				
PL25_00477	CDS	753				hypothetical protein
PL25_00478	gene	837	lpxG_2			
PL25_00478	CDS	837	lpxG_2	3.6.1.-		UDP-2,3-diacylglucosamine pyrophosphatase LpxG
PL25_00479	gene	540				
PL25_00479	CDS	540				hypothetical protein
PL25_00480	gene	327	ebrA			
PL25_00480	CDS	327	ebrA			Multidrug resistance protein EbrA
PL25_00481	gene	351	ebrB_1			
PL25_00481	CDS	351	ebrB_1			Multidrug resistance protein EbrB
PL25_00482	gene	696				
PL25_00482	CDS	696		3.1.3.3		Phosphoserine phosphatase
PL25_00483	gene	471	mshD_1			
PL25_00483	CDS	471	mshD_1	2.3.1.189		Mycothiol acetyltransferase
PL25_00484	gene	471	yqjY			
PL25_00484	CDS	471	yqjY		COG0456	putative protein YqjY
PL25_00485	gene	387	ectC			
PL25_00485	CDS	387	ectC	4.2.1.108		L-ectoine synthase
PL25_00486	gene	1275	ectB			
PL25_00486	CDS	1275	ectB	2.6.1.76		Diaminobutyrate--2-oxoglutarate transaminase
PL25_00487	gene	480	ectA			
PL25_00487	CDS	480	ectA	2.3.1.178		L-2,4-diaminobutyric acid acetyltransferase
PL25_00488	gene	1266	hutI_1			
PL25_00488	CDS	1266	hutI_1	3.5.2.7		Imidazolonepropionase
PL25_00489	gene	1161				
PL25_00489	CDS	1161				hypothetical protein
PL25_00490	gene	420				
PL25_00490	CDS	420				hypothetical protein
PL25_00491	gene	966	panS			
PL25_00491	CDS	966	panS			Pantothenate precursors transporter PanS
PL25_00492	gene	252				
PL25_00492	CDS	252				hypothetical protein
PL25_00493	gene	732	feoB_1			
PL25_00493	CDS	732	feoB_1		COG0370	Fe(2+) transporter FeoB
PL25_00494	gene	1401	feoB_2			
PL25_00494	CDS	1401	feoB_2		COG0370	Fe(2+) transporter FeoB
PL25_00495	gene	726				
PL25_00495	CDS	726				hypothetical protein
PL25_00496	gene	135				
PL25_00496	CDS	135				hypothetical protein
PL25_00497	gene	108				
PL25_00497	CDS	108				hypothetical protein
PL25_00498	gene	270				
PL25_00498	CDS	270				hypothetical protein
PL25_00499	gene	1362	ulaA_1			
PL25_00499	CDS	1362	ulaA_1		COG3037	Ascorbate-specific PTS system EIIC component
PL25_00500	gene	267	ulaB			
PL25_00500	CDS	267	ulaB	2.7.1.194		Ascorbate-specific PTS system EIIB component
PL25_00501	gene	2112				
PL25_00501	CDS	2112				hypothetical protein
PL25_00502	gene	633				
PL25_00502	CDS	633				hypothetical protein
PL25_00503	gene	945	msrR			
PL25_00503	CDS	945	msrR		COG1316	Regulatory protein MsrR
PL25_00504	gene	105				
PL25_00504	CDS	105				hypothetical protein
PL25_00505	gene	192				
PL25_00505	CDS	192				hypothetical protein
PL25_00506	gene	804	mtnU			
PL25_00506	CDS	804	mtnU	3.5.1.111	COG0388	2-oxoglutaramate amidase
PL25_00507	gene	939	mhqO			
PL25_00507	CDS	939	mhqO	1.13.11.-	COG0346	Putative ring-cleaving dioxygenase MhqO
PL25_00508	gene	1692	dppA_1			
PL25_00508	CDS	1692	dppA_1		COG4166	Dipeptide-binding protein
PL25_00509	gene	147				
PL25_00509	CDS	147				hypothetical protein
PL25_00510	gene	1179	yhhS			
PL25_00510	CDS	1179	yhhS		COG0477	putative MFS-type transporter YhhS
PL25_00511	gene	1179	mvaS			
PL25_00511	CDS	1179	mvaS	2.3.3.10	COG3425	Hydroxymethylglutaryl-CoA synthase
PL25_00512	gene	1116	spoVE_1			
PL25_00512	CDS	1116	spoVE_1		COG0772	Stage V sporulation protein E
PL25_00513	gene	1038	rodA_1			
PL25_00513	CDS	1038	rodA_1	2.4.99.28	COG0772	Peptidoglycan glycosyltransferase RodA
PL25_00514	gene	1359				
PL25_00514	CDS	1359				IS1182 family transposase IS662
PL25_00515	gene	1359				
PL25_00515	CDS	1359				IS1182 family transposase IS662
PL25_00516	gene	483	ylbP			
PL25_00516	CDS	483	ylbP	2.3.1.-	COG0454	putative N-acetyltransferase YlbP
PL25_00517	gene	381				
PL25_00517	CDS	381				hypothetical protein
PL25_00518	gene	1620	bshC			
PL25_00518	CDS	1620	bshC	6.-.-.-	COG4365	Putative cysteine ligase BshC
PL25_00519	gene	432	mraZ			
PL25_00519	CDS	432	mraZ		COG2001	Transcriptional regulator MraZ
PL25_00520	gene	990	rsmH			
PL25_00520	CDS	990	rsmH	2.1.1.199	COG0275	Ribosomal RNA small subunit methyltransferase H
PL25_00521	gene	375	ftsL			
PL25_00521	CDS	375	ftsL			Cell division protein FtsL
PL25_00522	gene	2223	pbpB			
PL25_00522	CDS	2223	pbpB	3.4.16.4	COG0768	Penicillin-binding protein 2B
PL25_00523	gene	1932	spoVD			
PL25_00523	CDS	1932	spoVD	3.4.16.4	COG0768	Stage V sporulation protein D
PL25_00524	gene	1467	murE_1			
PL25_00524	CDS	1467	murE_1	6.3.2.13		UDP-N-acetylmuramoyl-L-alanyl-D-glutamate--2,6-diaminopimelate ligase
PL25_00525	gene	1362	murF			
PL25_00525	CDS	1362	murF	6.3.2.10	COG0770	UDP-N-acetylmuramoyl-tripeptide--D-alanyl-D-alanine ligase
PL25_00526	gene	987	mraY			
PL25_00526	CDS	987	mraY	2.7.8.13	COG0472	Phospho-N-acetylmuramoyl-pentapeptide-transferase
PL25_00527	gene	1350	murD			
PL25_00527	CDS	1350	murD	6.3.2.9	COG0771	UDP-N-acetylmuramoylalanine--D-glutamate ligase
PL25_00528	gene	1113	spoVE_2			
PL25_00528	CDS	1113	spoVE_2		COG0772	Stage V sporulation protein E
PL25_00529	gene	840	divIB			
PL25_00529	CDS	840	divIB		COG1589	Cell division protein DivIB
PL25_00530	gene	1281	ftsA_1			
PL25_00530	CDS	1281	ftsA_1		COG0849	Cell division protein FtsA
PL25_00531	gene	1155	ftsZ			
PL25_00531	CDS	1155	ftsZ		COG0206	Cell division protein FtsZ
PL25_00532	gene	90				
PL25_00532	CDS	90				hypothetical protein
PL25_00533	gene	921	spoIIGA			
PL25_00533	CDS	921	spoIIGA	3.4.23.-		Sporulation sigma-E factor-processing peptidase
PL25_00534	gene	720	sigE_1			
PL25_00534	CDS	720	sigE_1		COG1191	RNA polymerase sigma-E factor
PL25_00535	gene	786	sigG			
PL25_00535	CDS	786	sigG		COG1191	RNA polymerase sigma-G factor
PL25_00536	gene	279	ylmC			
PL25_00536	CDS	279	ylmC		COG1873	putative sporulation protein YlmC
PL25_00537	gene	810	ylmD			
PL25_00537	CDS	810	ylmD	2.4.2.1		Purine nucleoside phosphorylase YlmD
PL25_00538	gene	669				
PL25_00538	CDS	669			COG0325	Pyridoxal phosphate homeostasis protein
PL25_00539	gene	432	sepF			
PL25_00539	CDS	432	sepF		COG1799	Cell division protein SepF
PL25_00540	gene	267				
PL25_00540	CDS	267				hypothetical protein
PL25_00541	gene	777	rqcP2			
PL25_00541	CDS	777	rqcP2		COG2302	Ribosome-associated protein quality control protein P2
PL25_00542	gene	504	divIVA			
PL25_00542	CDS	504	divIVA		COG3599	Septum site-determining protein DivIVA
PL25_00543	gene	219				
PL25_00543	misc_RNA	219				T-box
PL25_00544	gene	2751	ileS			
PL25_00544	CDS	2751	ileS			isoleucine--tRNA ligase IleS
PL25_00545	gene	990				
PL25_00545	CDS	990				hypothetical protein
PL25_00546	gene	987				
PL25_00546	CDS	987				hypothetical protein
PL25_00547	gene	795	uup_1			
PL25_00547	CDS	795	uup_1	3.6.1.-		ATP-binding protein Uup
PL25_00548	gene	1347				
PL25_00548	CDS	1347			COG3385	IS4 family transposase ISHaha1
PL25_00549	gene	471	lspA			
PL25_00549	CDS	471	lspA	3.4.23.36		Lipoprotein signal peptidase
PL25_00550	gene	912	rluD_1			
PL25_00550	CDS	912	rluD_1	5.4.99.23	COG0564	Ribosomal large subunit pseudouridine synthase D
PL25_00551	gene	103				
PL25_00551	misc_RNA	103				PyrR
PL25_00552	gene	546	pyrR			
PL25_00552	CDS	546	pyrR			Bifunctional protein PyrR
PL25_00553	gene	930	pyrB			
PL25_00553	CDS	930	pyrB	2.1.3.2	COG0540	Aspartate carbamoyltransferase catalytic subunit
PL25_00554	gene	1281	pyrC			
PL25_00554	CDS	1281	pyrC	3.5.2.3		Dihydroorotase
PL25_00555	gene	1095	pyrAA			
PL25_00555	CDS	1095	pyrAA	6.3.5.5	COG0505	Carbamoyl phosphate synthase pyrimidine-specific small chain
PL25_00556	gene	3201	pyrAB			
PL25_00556	CDS	3201	pyrAB	6.3.4.16	COG0458	Carbamoyl phosphate synthase pyrimidine-specific large chain
PL25_00557	gene	759	pyrK			
PL25_00557	CDS	759	pyrK		COG0543	Dihydroorotate dehydrogenase B (NAD(+)), electron transfer subunit
PL25_00558	gene	912	pyrD			
PL25_00558	CDS	912	pyrD	1.3.1.14	COG0167	Dihydroorotate dehydrogenase B (NAD(+)), catalytic subunit
PL25_00559	gene	711	pyrF			
PL25_00559	CDS	711	pyrF	4.1.1.23	COG0284	Orotidine 5'-phosphate decarboxylase
PL25_00560	gene	642	pyrE_1			
PL25_00560	CDS	642	pyrE_1	2.4.2.10	COG0461	Orotate phosphoribosyltransferase
PL25_00561	gene	765	ycgJ			
PL25_00561	CDS	765	ycgJ	2.1.1.-	COG2226	putative methyltransferase YcgJ
PL25_00562	gene	861	argP			
PL25_00562	CDS	861	argP			HTH-type transcriptional regulator ArgP
PL25_00563	gene	420	ohrB			
PL25_00563	CDS	420	ohrB		COG1764	Organic hydroperoxide resistance protein OhrB
PL25_00564	gene	1704	rqcH			
PL25_00564	CDS	1704	rqcH		COG1293	Rqc2 RqcH
PL25_00565	gene	2655	yloB			
PL25_00565	CDS	2655	yloB	7.2.2.10	COG0474	Calcium-transporting ATPase
PL25_00566	gene	888	yloC			
PL25_00566	CDS	888	yloC	3.1.26.-	COG1561	Endoribonuclease YloC
PL25_00567	gene	264	remA			
PL25_00567	CDS	264	remA		COG2052	Extracellular matrix regulatory protein A
PL25_00568	gene	618	gmk			
PL25_00568	CDS	618	gmk	2.7.4.8		Guanylate kinase
PL25_00569	gene	204	rpoZ			
PL25_00569	CDS	204	rpoZ	2.7.7.6	COG1758	DNA-directed RNA polymerase subunit omega
PL25_00570	gene	1212	undec1A			
PL25_00570	CDS	1212	undec1A	4.1.1.-		Cysteine/Cysteine sulfinic acid decarboxylase
PL25_00571	gene	2409	priA			
PL25_00571	CDS	2409	priA	5.6.2.4	COG1198	Replication restart protein PriA
PL25_00572	gene	945	fmt			
PL25_00572	CDS	945	fmt	2.1.2.9	COG0223	Methionyl-tRNA formyltransferase
PL25_00573	gene	1356	rsmB			
PL25_00573	CDS	1356	rsmB	2.1.1.176	COG0144	Ribosomal RNA small subunit methyltransferase B
PL25_00574	gene	762	prpC			
PL25_00574	CDS	762	prpC	3.1.3.16	COG0631	Protein phosphatase PrpC
PL25_00575	gene	2034	prkC_1			
PL25_00575	CDS	2034	prkC_1	2.7.11.1	COG0515	Serine/threonine-protein kinase PrkC
PL25_00576	gene	882	rsgA_1			
PL25_00576	CDS	882	rsgA_1	3.6.1.-	COG1162	Small ribosomal subunit biogenesis GTPase RsgA
PL25_00577	gene	657	rpe			
PL25_00577	CDS	657	rpe	5.1.3.1	COG0036	Ribulose-phosphate 3-epimerase
PL25_00578	gene	654	thiN			
PL25_00578	CDS	654	thiN	2.7.6.2	COG1564	Thiamine pyrophosphokinase
PL25_00579	gene	1683				
PL25_00579	CDS	1683				IS1182 family transposase IS663
PL25_00580	gene	189	rpmB			
PL25_00580	CDS	189	rpmB		COG0227	Large ribosomal subunit protein bL28
PL25_00581	gene	363				
PL25_00581	CDS	363				putative protein
PL25_00582	gene	1662				
PL25_00582	CDS	1662				putative protein
PL25_00583	gene	1284				
PL25_00583	CDS	1284				Nucleobase transporter PlAzg2
PL25_00584	gene	663	sdhB			
PL25_00584	CDS	663	sdhB	4.3.1.17		L-serine dehydratase, beta chain
PL25_00585	gene	876	sdhA_1			
PL25_00585	CDS	876	sdhA_1	4.3.1.17		L-serine dehydratase, alpha chain
PL25_00586	gene	2034	recG			
PL25_00586	CDS	2034	recG	5.6.2.4	COG1200	ATP-dependent DNA helicase RecG
PL25_00587	gene	573	fapR			
PL25_00587	CDS	573	fapR		COG1349	Transcription factor FapR
PL25_00588	gene	1002	plsX			
PL25_00588	CDS	1002	plsX	2.3.1.274	COG0416	Phosphate acyltransferase
PL25_00589	gene	936	fabD			
PL25_00589	CDS	936	fabD	2.3.1.39		Malonyl CoA-acyl carrier protein transacylase
PL25_00590	gene	741	fabG_1			
PL25_00590	CDS	741	fabG_1	1.1.1.100		3-oxoacyl-[acyl-carrier-protein] reductase FabG
PL25_00591	gene	237	acpA			
PL25_00591	CDS	237	acpA		COG0236	Acyl carrier protein
PL25_00592	gene	684	rnc			
PL25_00592	CDS	684	rnc	3.1.26.3	COG0571	Ribonuclease 3
PL25_00593	gene	68				
PL25_00593	misc_RNA	68				Ref64
PL25_00594	gene	1698				
PL25_00594	CDS	1698				IS1182 family transposase IS663
PL25_00595	gene	225				
PL25_00595	CDS	225				hypothetical protein
PL25_00596	gene	3567	smc_1			
PL25_00596	CDS	3567	smc_1		COG1196	Chromosome partition protein Smc
PL25_00597	gene	996	ftsY			
PL25_00597	CDS	996	ftsY	3.6.5.4	COG0552	Signal recognition particle receptor FtsY
PL25_00598	gene	321				
PL25_00598	CDS	321				hypothetical protein
PL25_00599	gene	1344	ffh			
PL25_00599	CDS	1344	ffh	3.6.5.4	COG0541	Signal recognition particle protein
PL25_00600	gene	279	rpsP			
PL25_00600	CDS	279	rpsP		COG0228	Small ribosomal subunit protein bS16
PL25_00601	gene	228	khpA			
PL25_00601	CDS	228	khpA			RNA-binding protein KhpA
PL25_00602	gene	390				
PL25_00602	CDS	390				hypothetical protein
PL25_00603	gene	516	rimM			
PL25_00603	CDS	516	rimM			Ribosome maturation factor RimM
PL25_00604	gene	735	trmD			
PL25_00604	CDS	735	trmD	2.1.1.228		tRNA (guanine-N(1)-)-methyltransferase
PL25_00605	gene	345	rplS			
PL25_00605	CDS	345	rplS		COG0335	Large ribosomal subunit protein bL19
PL25_00606	gene	573	sipT_2			
PL25_00606	CDS	573	sipT_2	3.4.21.89	COG0681	Signal peptidase I T
PL25_00607	gene	852	rbgA			
PL25_00607	CDS	852	rbgA		COG1161	Ribosome biogenesis GTPase A
PL25_00608	gene	771	rnhB			
PL25_00608	CDS	771	rnhB	3.1.26.4	COG0164	Ribonuclease HII
PL25_00609	gene	1710				
PL25_00609	CDS	1710				hypothetical protein
PL25_00610	gene	276	flhB_1			
PL25_00610	CDS	276	flhB_1		COG1377	Flagellar biosynthetic protein FlhB
PL25_00611	gene	1161	sucC			
PL25_00611	CDS	1161	sucC	6.2.1.5	COG0045	Succinate--CoA ligase [ADP-forming] subunit beta
PL25_00612	gene	903	sucD			
PL25_00612	CDS	903	sucD	6.2.1.5	COG0074	Succinate--CoA ligase [ADP-forming] subunit alpha
PL25_00613	gene	891				
PL25_00613	CDS	891				hypothetical protein
PL25_00614	gene	2079	topA			
PL25_00614	CDS	2079	topA	5.6.2.1	COG0550	DNA topoisomerase 1
PL25_00615	gene	312				
PL25_00615	CDS	312				hypothetical protein
PL25_00616	gene	900	xerC_1			
PL25_00616	CDS	900	xerC_1		COG4974	Tyrosine recombinase XerC
PL25_00617	gene	546	clpQ			
PL25_00617	CDS	546	clpQ	3.4.21.-	COG5405	ATP-dependent protease subunit ClpQ
PL25_00618	gene	1398	clpY			
PL25_00618	CDS	1398	clpY		COG1220	ATP-dependent protease ATPase subunit ClpY
PL25_00619	gene	780	codY			
PL25_00619	CDS	780	codY		COG4465	Global transcriptional regulator CodY
PL25_00620	gene	393	flgB			
PL25_00620	CDS	393	flgB		COG1815	Flagellar basal body rod protein FlgB
PL25_00621	gene	450	flgC			
PL25_00621	CDS	450	flgC			Flagellar basal-body rod protein FlgC
PL25_00622	gene	309	fliE			
PL25_00622	CDS	309	fliE			Flagellar hook-basal body complex protein FliE
PL25_00623	gene	1596	fliF			
PL25_00623	CDS	1596	fliF			Flagellar M-ring protein
PL25_00624	gene	1014	fliG			
PL25_00624	CDS	1014	fliG		COG1536	Flagellar motor switch protein FliG
PL25_00625	gene	792				
PL25_00625	CDS	792				hypothetical protein
PL25_00626	gene	1320	sctN			
PL25_00626	CDS	1320	sctN	7.4.2.8	COG1157	Type 3 secretion system ATPase
PL25_00627	gene	447	fliJ			
PL25_00627	CDS	447	fliJ		COG2882	Flagellar FliJ protein
PL25_00628	gene	600				
PL25_00628	CDS	600				hypothetical protein
PL25_00629	gene	1284				
PL25_00629	CDS	1284				hypothetical protein
PL25_00630	gene	498				
PL25_00630	CDS	498				hypothetical protein
PL25_00631	gene	390				
PL25_00631	CDS	390				hypothetical protein
PL25_00632	gene	792	flgG_1			
PL25_00632	CDS	792	flgG_1			Flagellar basal-body rod protein FlgG
PL25_00633	gene	219	swrD			
PL25_00633	CDS	219	swrD		COG1582	Swarming motility protein SwrD
PL25_00634	gene	420				
PL25_00634	CDS	420				hypothetical protein
PL25_00635	gene	999	fliM			
PL25_00635	CDS	999	fliM		COG1868	Flagellar motor switch protein FliM
PL25_00636	gene	1128				
PL25_00636	CDS	1128				hypothetical protein
PL25_00637	gene	363	cheY_1			
PL25_00637	CDS	363	cheY_1		COG2201	Chemotaxis protein CheY
PL25_00638	gene	663				
PL25_00638	CDS	663				hypothetical protein
PL25_00639	gene	666	fliP			
PL25_00639	CDS	666	fliP			Flagellar biosynthetic protein FliP
PL25_00640	gene	270				
PL25_00640	CDS	270				hypothetical protein
PL25_00641	gene	780	fliR			
PL25_00641	CDS	780	fliR			Flagellar biosynthetic protein FliR
PL25_00642	gene	1080	flhB_2			
PL25_00642	CDS	1080	flhB_2			Flagellar biosynthetic protein FlhB
PL25_00643	gene	2034	flhA			
PL25_00643	CDS	2034	flhA		COG1298	Flagellar biosynthesis protein FlhA
PL25_00644	gene	1119	flhF			
PL25_00644	CDS	1119	flhF		COG1419	Flagellar biosynthesis protein FlhF
PL25_00645	gene	867	ylxH			
PL25_00645	CDS	867	ylxH		COG0455	Flagellum site-determining protein YlxH
PL25_00646	gene	1068	cheB_1			
PL25_00646	CDS	1068	cheB_1	3.1.1.61	COG2201	Protein-glutamate methylesterase/protein-glutamine glutaminase
PL25_00647	gene	2034	cheA			
PL25_00647	CDS	2034	cheA	2.7.13.3	COG0643	Chemotaxis protein CheA
PL25_00648	gene	471	cheW			
PL25_00648	CDS	471	cheW		COG0835	Chemotaxis protein CheW
PL25_00649	gene	633	cheC			
PL25_00649	CDS	633	cheC	3.-.-.-	COG1776	CheY-P phosphatase CheC
PL25_00650	gene	498	cheD			
PL25_00650	CDS	498	cheD	3.5.1.44	COG1871	Chemoreceptor glutamine deamidase CheD
PL25_00651	gene	780	sigD			
PL25_00651	CDS	780	sigD		COG1191	RNA polymerase sigma-D factor
PL25_00652	gene	1374				
PL25_00652	CDS	1374				hypothetical protein
PL25_00653	gene	309				
PL25_00653	CDS	309				hypothetical protein
PL25_00654	gene	450				
PL25_00654	CDS	450				hypothetical protein
PL25_00655	gene	747	rpsB			
PL25_00655	CDS	747	rpsB		COG0052	Small ribosomal subunit protein uS2
PL25_00656	gene	885	tsf			
PL25_00656	CDS	885	tsf		COG0264	Elongation factor Ts
PL25_00657	gene	723	pyrH			
PL25_00657	CDS	723	pyrH	2.7.4.22	COG0528	Uridylate kinase
PL25_00658	gene	549	frr			
PL25_00658	CDS	549	frr		COG0233	Ribosome-recycling factor
PL25_00659	gene	771	uppS_1			
PL25_00659	CDS	771	uppS_1	2.5.1.-	COG0020	Isoprenyl transferase
PL25_00660	gene	807				
PL25_00660	CDS	807				hypothetical protein
PL25_00661	gene	1266	rasP			
PL25_00661	CDS	1266	rasP	3.4.24.-	COG0750	Regulator of sigma-W protease RasP
PL25_00662	gene	4287	polC_1			
PL25_00662	CDS	4287	polC_1	2.7.7.7	COG2176	DNA polymerase III PolC-type
PL25_00663	gene	471	rimP			
PL25_00663	CDS	471	rimP		COG0779	Ribosome maturation factor RimP
PL25_00664	gene	1098	nusA			
PL25_00664	CDS	1098	nusA		COG0195	Transcription termination/antitermination protein NusA
PL25_00665	gene	282				
PL25_00665	CDS	282				hypothetical protein
PL25_00666	gene	300	rulQ			
PL25_00666	CDS	300	rulQ		COG1358	RNA-binding protein YlxQ
PL25_00667	gene	2151	infB			
PL25_00667	CDS	2151	infB			Translation initiation factor IF-2
PL25_00668	gene	279				
PL25_00668	CDS	279				hypothetical protein
PL25_00669	gene	351	rbfA			
PL25_00669	CDS	351	rbfA		COG0858	Ribosome-binding factor A
PL25_00670	gene	894	truB			
PL25_00670	CDS	894	truB	5.4.99.25		tRNA pseudouridine synthase B
PL25_00671	gene	945	ribCF			
PL25_00671	CDS	945	ribCF		COG0196	Bifunctional riboflavin kinase/FMN adenylyltransferase
PL25_00672	gene	270	rpsO			
PL25_00672	CDS	270	rpsO		COG0184	Small ribosomal subunit protein uS15
PL25_00673	gene	2124	pnp_1			
PL25_00673	CDS	2124	pnp_1	2.7.7.8	COG1185	Polyribonucleotide nucleotidyltransferase
PL25_00674	gene	945				
PL25_00674	CDS	945				hypothetical protein
PL25_00675	gene	1224				
PL25_00675	CDS	1224		3.4.24.-	COG0612	putative zinc protease
PL25_00676	gene	243				
PL25_00676	CDS	243				hypothetical protein
PL25_00677	gene	876	dpaA_2			
PL25_00677	CDS	876	dpaA_2	1.3.1.-	COG1052	Dipicolinate synthase subunit A
PL25_00678	gene	591	dpaB			
PL25_00678	CDS	591	dpaB	1.3.1.-	COG0452	Dipicolinate synthase subunit B
PL25_00679	gene	1053	asd			
PL25_00679	CDS	1053	asd	1.2.1.11	COG0136	Aspartate-semialdehyde dehydrogenase
PL25_00680	gene	1224	lysC			
PL25_00680	CDS	1224	lysC	2.7.2.4	COG0527	Aspartokinase 2
PL25_00681	gene	873	dapA_1			
PL25_00681	CDS	873	dapA_1	4.3.3.7	COG0329	4-hydroxy-tetrahydrodipicolinate synthase
PL25_00682	gene	729	tepA			
PL25_00682	CDS	729	tepA		COG0740	Translocation-enhancing protein TepA
PL25_00683	gene	228				
PL25_00683	CDS	228				hypothetical protein
PL25_00684	gene	2364	spoIIIE			
PL25_00684	CDS	2364	spoIIIE		COG1674	DNA translocase SpoIIIE
PL25_00685	gene	807	nagR_1			
PL25_00685	CDS	807	nagR_1		COG2188	HTH-type transcriptional repressor NagR
PL25_00686	gene	1092	nupN_1			
PL25_00686	CDS	1092	nupN_1		COG1744	ABC transporter guanosine-binding protein NupN
PL25_00687	gene	1530	nupO			
PL25_00687	CDS	1530	nupO	7.6.2.-	COG3845	Guanosine import ATP-binding protein NupO
PL25_00688	gene	1047	nupP			
PL25_00688	CDS	1047	nupP		COG4603	Guanosine ABC transporter permease protein NupP
PL25_00689	gene	960	nupQ			
PL25_00689	CDS	960	nupQ		COG1079	Guanosine ABC transporter permease protein NupQ
PL25_00690	gene	1302				
PL25_00690	CDS	1302				hypothetical protein
PL25_00691	gene	1284				
PL25_00691	CDS	1284				hypothetical protein
PL25_00692	gene	714	fabG_2			
PL25_00692	CDS	714	fabG_2	1.1.1.100		3-oxoacyl-[acyl-carrier-protein] reductase FabG
PL25_00693	gene	261	yflH			
PL25_00693	CDS	261	yflH			putative protein YflH
PL25_00694	gene	792				
PL25_00694	CDS	792				hypothetical protein
PL25_00695	gene	900	rodZ			
PL25_00695	CDS	900	rodZ			Cytoskeleton protein RodZ
PL25_00696	gene	579	pgsA			
PL25_00696	CDS	579	pgsA	2.7.8.5		CDP-diacylglycerol--glycerol-3-phosphate 3-phosphatidyltransferase
PL25_00697	gene	1248	cinA			
PL25_00697	CDS	1248	cinA		COG1058	Putative competence-damage inducible protein
PL25_00698	gene	1077	recA			
PL25_00698	CDS	1077	recA		COG0468	Protein RecA
PL25_00699	gene	1563	rny			
PL25_00699	CDS	1563	rny	3.1.-.-	COG1418	Ribonuclease Y
PL25_00700	gene	798	ymdB			
PL25_00700	CDS	798	ymdB	3.1.4.16	COG1692	2',3'-cyclic-nucleotide 2'-phosphodiesterase
PL25_00701	gene	261	spoVS			
PL25_00701	CDS	261	spoVS		COG2359	Stage V sporulation protein S
PL25_00702	gene	1569	miaB			
PL25_00702	CDS	1569	miaB	2.8.4.3	COG0621	tRNA-2-methylthio-N(6)-dimethylallyladenosine synthase
PL25_00703	gene	429	ymcA			
PL25_00703	CDS	429	ymcA		COG4550	putative protein YmcA
PL25_00704	gene	567				
PL25_00704	CDS	567				hypothetical protein
PL25_00705	gene	2592	mutS			
PL25_00705	CDS	2592	mutS		COG0249	DNA mismatch repair protein MutS
PL25_00706	gene	1860	mutL			
PL25_00706	CDS	1860	mutL		COG0323	DNA mismatch repair protein MutL
PL25_00707	gene	450	dps1			
PL25_00707	CDS	450	dps1	1.16.-.-	COG0783	DNA protection during starvation protein 1
PL25_00708	gene	936	miaA			
PL25_00708	CDS	936	miaA	2.5.1.75	COG0324	tRNA dimethylallyltransferase
PL25_00709	gene	225	hfq			
PL25_00709	CDS	225	hfq		COG1923	RNA-binding protein Hfq
PL25_00710	gene	924	spoVK			
PL25_00710	CDS	924	spoVK		COG0464	Stage V sporulation protein K
PL25_00711	gene	1236	hflX_1			
PL25_00711	CDS	1236	hflX_1		COG2262	GTPase HflX
PL25_00712	gene	1245				
PL25_00712	CDS	1245				hypothetical protein
PL25_00713	gene	402	glnR			
PL25_00713	CDS	402	glnR		COG0789	HTH-type transcriptional regulator GlnR
PL25_00714	gene	1338	glnA			
PL25_00714	CDS	1338	glnA	6.3.1.2	COG0174	Glutamine synthetase
PL25_00715	gene	330				
PL25_00715	CDS	330				hypothetical protein
PL25_00716	gene	453				
PL25_00716	CDS	453				hypothetical protein
PL25_00717	gene	687				
PL25_00717	CDS	687				hypothetical protein
PL25_00718	gene	375				
PL25_00718	CDS	375				IS1182 family transposase ISAco1
PL25_00719	gene	1356				
PL25_00719	CDS	1356				IS1182 family transposase IS656
PL25_00720	gene	1071				
PL25_00720	CDS	1071				IS1182 family transposase ISBsp4
PL25_00721	gene	1284				
PL25_00721	CDS	1284				IS110 family transposase IS653
PL25_00722	gene	1275				
PL25_00722	CDS	1275				hypothetical protein
PL25_00723	gene	183				
PL25_00723	CDS	183			COG3311	Putative DNA-binding proteinA
PL25_00724	gene	1461				
PL25_00724	CDS	1461				hypothetical protein
PL25_00725	gene	417	nhaX_1			
PL25_00725	CDS	417	nhaX_1		COG0589	Stress response protein NhaX
PL25_00726	gene	816	CatBsu			
PL25_00726	CDS	816	CatBsu	1.11.1.6		Manganese catalase
PL25_00727	gene	1965	ubiB_1			
PL25_00727	CDS	1965	ubiB_1	2.7.-.-		protein kinase UbiB
PL25_00728	gene	432				
PL25_00728	CDS	432				hypothetical protein
PL25_00729	gene	309				
PL25_00729	CDS	309				hypothetical protein
PL25_00730	gene	816				
PL25_00730	CDS	816				hypothetical protein
PL25_00731	gene	135				
PL25_00731	CDS	135				hypothetical protein
PL25_00732	gene	801				
PL25_00732	CDS	801				hypothetical protein
PL25_00733	gene	660				
PL25_00733	CDS	660				hypothetical protein
PL25_00734	gene	525	sigV_1			
PL25_00734	CDS	525	sigV_1		COG1595	RNA polymerase sigma factor SigV
PL25_00735	gene	1077				
PL25_00735	CDS	1077				hypothetical protein
PL25_00736	gene	288				
PL25_00736	CDS	288				hypothetical protein
PL25_00737	gene	891	gltR_1			
PL25_00737	CDS	891	gltR_1		COG0583	HTH-type transcriptional regulator GltR
PL25_00738	gene	1068	nmoA			
PL25_00738	CDS	1068	nmoA	1.13.12.-		Nitronate monooxygenase
PL25_00739	gene	198				
PL25_00739	CDS	198				hypothetical protein
PL25_00740	gene	519				
PL25_00740	CDS	519				hypothetical protein
PL25_00741	gene	594				
PL25_00741	CDS	594				hypothetical protein
PL25_00742	gene	282				
PL25_00742	CDS	282				hypothetical protein
PL25_00743	gene	168				
PL25_00743	CDS	168				hypothetical protein
PL25_00744	gene	105				
PL25_00744	CDS	105				hypothetical protein
PL25_00745	gene	672				
PL25_00745	CDS	672				hypothetical protein
PL25_00746	gene	1275				
PL25_00746	CDS	1275				hypothetical protein
PL25_00747	gene	603	uptA_1			
PL25_00747	CDS	603	uptA_1		COG0586	Undecaprenyl phosphate transporter A
PL25_00748	gene	210	yfiT			
PL25_00748	CDS	210	yfiT	3.-.-.-	COG2318	Putative metal-dependent hydrolase YfiT
PL25_00749	gene	282				
PL25_00749	CDS	282				hypothetical protein
PL25_00750	gene	180				
PL25_00750	CDS	180				hypothetical protein
PL25_00751	gene	237				
PL25_00751	CDS	237				hypothetical protein
PL25_00752	gene	168				
PL25_00752	CDS	168				hypothetical protein
PL25_00753	gene	351				
PL25_00753	CDS	351				hypothetical protein
PL25_00754	gene	822				
PL25_00754	CDS	822				hypothetical protein
PL25_00755	gene	291				
PL25_00755	CDS	291				hypothetical protein
PL25_00756	gene	474				
PL25_00756	CDS	474				hypothetical protein
PL25_00757	gene	657	epsM_1			
PL25_00757	CDS	657	epsM_1	2.3.1.203	COG0110	UDP-N-acetylbacillosamine N-acetyltransferase
PL25_00758	gene	522				
PL25_00758	CDS	522				hypothetical protein
PL25_00759	gene	705				
PL25_00759	CDS	705				hypothetical protein
PL25_00760	gene	576	resA_1			
PL25_00760	CDS	576	resA_1		COG0526	Thiol-disulfide oxidoreductase ResA
PL25_00761	gene	153				
PL25_00761	CDS	153				hypothetical protein
PL25_00762	gene	468	cbaB_1			
PL25_00762	CDS	468	cbaB_1	7.1.1.9	COG1622	Cytochrome c oxidase subunit 2
PL25_00763	gene	1671	cbaA_1			
PL25_00763	CDS	1671	cbaA_1	7.1.1.9	COG0843	Cytochrome c oxidase subunit 1
PL25_00764	gene	630				
PL25_00764	CDS	630				hypothetical protein
PL25_00765	gene	558				
PL25_00765	CDS	558				hypothetical protein
PL25_00766	gene	696				
PL25_00766	CDS	696			COG0664	Cyclic AMP receptor protein
PL25_00767	gene	1137	ahbD			
PL25_00767	CDS	1137	ahbD	1.3.98.6	COG0535	AdoMet-dependent heme synthase
PL25_00768	gene	3684	narG			
PL25_00768	CDS	3684	narG	1.7.5.1	COG5013	Respiratory nitrate reductase 1 alpha chain
PL25_00769	gene	1473	narH			
PL25_00769	CDS	1473	narH	1.7.5.1	COG1140	Respiratory nitrate reductase 1 beta chain
PL25_00770	gene	531	narX_1			
PL25_00770	CDS	531	narX_1			Nitrate reductase-like protein NarX
PL25_00771	gene	699	narX_2			
PL25_00771	CDS	699	narX_2			Nitrate reductase-like protein NarX
PL25_00772	gene	477				
PL25_00772	CDS	477				hypothetical protein
PL25_00773	gene	1512				
PL25_00773	CDS	1512				hypothetical protein
PL25_00774	gene	1011	moaA			
PL25_00774	CDS	1011	moaA	4.1.99.22	COG2896	GTP 3',8-cyclase
PL25_00775	gene	1011				
PL25_00775	CDS	1011				hypothetical protein
PL25_00776	gene	477	moaE			
PL25_00776	CDS	477	moaE	2.8.1.12		Molybdopterin synthase catalytic subunit
PL25_00777	gene	234	moaD			
PL25_00777	CDS	234	moaD		COG1977	Molybdopterin synthase sulfur carrier subunit
PL25_00778	gene	459				
PL25_00778	CDS	459				hypothetical protein
PL25_00779	gene	435				
PL25_00779	CDS	435				hypothetical protein
PL25_00780	gene	951	deoR			
PL25_00780	CDS	951	deoR		COG2390	Deoxyribonucleoside regulator
PL25_00781	gene	297	xerH_1			
PL25_00781	CDS	297	xerH_1			Tyrosine recombinase XerH
PL25_00782	gene	396				
PL25_00782	CDS	396				hypothetical protein
PL25_00783	gene	816				
PL25_00783	CDS	816				hypothetical protein
PL25_00784	gene	354				
PL25_00784	CDS	354				hypothetical protein
PL25_00785	gene	1233				
PL25_00785	CDS	1233			COG3385	IS4 family transposase ISDre1
PL25_00786	gene	123				
PL25_00786	CDS	123				hypothetical protein
PL25_00787	gene	963				
PL25_00787	CDS	963				hypothetical protein
PL25_00788	gene	480				
PL25_00788	CDS	480				hypothetical protein
PL25_00789	gene	477				
PL25_00789	CDS	477				hypothetical protein
PL25_00790	gene	1353	gatC_1			
PL25_00790	CDS	1353	gatC_1		COG3775	PTS system galactitol-specific EIIC component
PL25_00791	gene	645	araD			
PL25_00791	CDS	645	araD	5.1.3.4	COG0235	L-ribulose-5-phosphate 4-epimerase
PL25_00792	gene	288				
PL25_00792	CDS	288				hypothetical protein
PL25_00793	gene	996	acoA			
PL25_00793	CDS	996	acoA	1.1.1.-	COG1071	Acetoin:2,6-dichlorophenolindophenol oxidoreductase subunit alpha
PL25_00794	gene	984	bfmBAB_1			
PL25_00794	CDS	984	bfmBAB_1	1.2.4.4	COG0022	2-oxoisovalerate dehydrogenase subunit beta
PL25_00795	gene	1383	pdhC_2			
PL25_00795	CDS	1383	pdhC_2	2.3.1.12		Dihydrolipoyllysine-residue acetyltransferase component of pyruvate dehydrogenase complex
PL25_00796	gene	1377	lpd			
PL25_00796	CDS	1377	lpd	1.8.1.4	COG1249	Dihydrolipoyl dehydrogenase
PL25_00797	gene	735	bioC_4			
PL25_00797	CDS	735	bioC_4	2.1.1.197		Malonyl-[acyl-carrier protein] O-methyltransferase
PL25_00798	gene	1389	rfnT			
PL25_00798	CDS	1389	rfnT		COG2814	Riboflavin transporter RfnT
PL25_00799	gene	672				
PL25_00799	CDS	672			COG0607	HTH-type transcriptional regulator
PL25_00800	gene	384				
PL25_00800	CDS	384				hypothetical protein
PL25_00801	gene	216				
PL25_00801	CDS	216				hypothetical protein
PL25_00802	gene	1332	mepA			
PL25_00802	CDS	1332	mepA		COG0534	Multidrug export protein MepA
PL25_00803	gene	783	rutD			
PL25_00803	CDS	783	rutD	3.5.1.-		Putative carbamate hydrolase RutD
PL25_00804	gene	252				
PL25_00804	CDS	252				hypothetical protein
PL25_00805	gene	444	cwlJ_1			
PL25_00805	CDS	444	cwlJ_1		COG3773	Cell wall hydrolase CwlJ
PL25_00806	gene	462				
PL25_00806	CDS	462				hypothetical protein
PL25_00807	gene	816	amj			
PL25_00807	CDS	816	amj			Lipid II flippase Amj
PL25_00808	gene	273				
PL25_00808	CDS	273				hypothetical protein
PL25_00809	gene	888	cysL_1			
PL25_00809	CDS	888	cysL_1		COG0583	HTH-type transcriptional regulator CysL
PL25_00810	gene	882	yfcA			
PL25_00810	CDS	882	yfcA		COG0730	putative membrane transporter protein YfcA
PL25_00811	gene	759				
PL25_00811	CDS	759				hypothetical protein
PL25_00812	gene	858	rhaR_1			
PL25_00812	CDS	858	rhaR_1			HTH-type transcriptional activator RhaR
PL25_00813	gene	234				
PL25_00813	CDS	234				hypothetical protein
PL25_00814	gene	411				
PL25_00814	CDS	411				hypothetical protein
PL25_00815	gene	483				
PL25_00815	CDS	483				hypothetical protein
PL25_00816	gene	324	yxeA			
PL25_00816	CDS	324	yxeA		COG5294	putative protein YxeA
PL25_00817	gene	357	gdx_1			
PL25_00817	CDS	357	gdx_1			Guanidinium exporter
PL25_00818	gene	312	ebrB_2			
PL25_00818	CDS	312	ebrB_2			Multidrug resistance protein EbrB
PL25_00819	gene	600	bcrC			
PL25_00819	CDS	600	bcrC	3.6.1.27	COG0671	Undecaprenyl-diphosphatase BcrC
PL25_00820	gene	564				
PL25_00820	CDS	564				hypothetical protein
PL25_00821	gene	294				
PL25_00821	CDS	294				hypothetical protein
PL25_00822	gene	186				
PL25_00822	CDS	186				hypothetical protein
PL25_00823	gene	624	lexA_1			
PL25_00823	CDS	624	lexA_1	3.4.21.88	COG1974	LexA repressor
PL25_00824	gene	93				
PL25_00824	CDS	93				hypothetical protein
PL25_00825	gene	642	yneB			
PL25_00825	CDS	642	yneB		COG1961	Resolvase YneB
PL25_00826	gene	237				
PL25_00826	CDS	237				hypothetical protein
PL25_00827	gene	2001	tkt			
PL25_00827	CDS	2001	tkt	2.2.1.1		Transketolase
PL25_00828	gene	459	sirA			
PL25_00828	CDS	459	sirA			Sporulation inhibitor of replication protein SirA
PL25_00829	gene	222				
PL25_00829	CDS	222				hypothetical protein
PL25_00830	gene	705				
PL25_00830	CDS	705				hypothetical protein
PL25_00831	gene	429	mrpB			
PL25_00831	CDS	429	mrpB		COG2111	Na(+)/H(+) antiporter subunit B
PL25_00832	gene	372	cheY_2			
PL25_00832	CDS	372	cheY_2		COG2201	Chemotaxis protein CheY
PL25_00833	gene	480				
PL25_00833	CDS	480				hypothetical protein
PL25_00834	gene	474	yneK			
PL25_00834	CDS	474	yneK			Membrane protein YneK
PL25_00835	gene	1122	kinA			
PL25_00835	CDS	1122	kinA	2.7.13.3	COG4191	Sporulation kinase A
PL25_00836	gene	2712	citB			
PL25_00836	CDS	2712	citB	4.2.1.3	COG1048	Aconitate hydratase A
PL25_00837	gene	594	resA_2			
PL25_00837	CDS	594	resA_2			Thiol-disulfide oxidoreductase ResA
PL25_00838	gene	234	tlp			
PL25_00838	CDS	234	tlp			Small, acid-soluble spore protein Tlp
PL25_00839	gene	423				
PL25_00839	CDS	423		3.1.2.28		1,4-dihydroxy-2-naphthoyl-CoA hydrolase
PL25_00840	gene	300				
PL25_00840	CDS	300				hypothetical protein
PL25_00841	gene	297	pdhI			
PL25_00841	CDS	297	pdhI		COG4841	Pyruvate dehydrogenase inhibitor
PL25_00842	gene	240	yidD			
PL25_00842	CDS	240	yidD		COG0759	Putative membrane protein insertion efficiency factor
PL25_00843	gene	933	folE2			
PL25_00843	CDS	933	folE2	3.5.4.16	COG1469	GTP cyclohydrolase FolE2
PL25_00844	gene	582	plsY_1			
PL25_00844	CDS	582	plsY_1	2.3.1.275	COG0344	Glycerol-3-phosphate acyltransferase
PL25_00845	gene	1284				
PL25_00845	CDS	1284				IS110 family transposase IS653
PL25_00846	gene	1068	opuCA_1			
PL25_00846	CDS	1068	opuCA_1	7.6.2.9		Carnitine transport ATP-binding protein OpuCA
PL25_00847	gene	1530	egtUBC			
PL25_00847	CDS	1530	egtUBC		COG1174	putative ergothioneine transporter EgtUBC
PL25_00848	gene	417	yccU			
PL25_00848	CDS	417	yccU		COG1832	putative protein YccU
PL25_00849	gene	1965	parE			
PL25_00849	CDS	1965	parE			DNA topoisomerase IV subunit B ParE
PL25_00850	gene	2454	grlA			
PL25_00850	CDS	2454	grlA			DNA topoisomerase GrlA
PL25_00851	gene	546	kstR2_1			
PL25_00851	CDS	546	kstR2_1		COG1309	HTH-type transcriptional repressor KstR2
PL25_00852	gene	1143	acdA_1			
PL25_00852	CDS	1143	acdA_1	1.3.99.-	COG1960	Acyl-CoA dehydrogenase
PL25_00853	gene	1635	fadD3_2			
PL25_00853	CDS	1635	fadD3_2	6.2.1.41	COG0318	3-[(3aS,4S,7aS)-7a-methyl-1,5-dioxo-octahydro-1H-inden-4-yl]propanoyl:CoA ligase
PL25_00854	gene	1356	pccA			
PL25_00854	CDS	1356	pccA	6.4.1.3	COG4770	Propionyl-CoA carboxylase alpha chain
PL25_00855	gene	210	yngHB			
PL25_00855	CDS	210	yngHB		COG0511	Biotin/lipoyl attachment protein
PL25_00856	gene	783	crt_1			
PL25_00856	CDS	783	crt_1	4.2.1.150	COG1024	Short-chain-enoyl-CoA hydratase
PL25_00857	gene	1530	mmdA_1			
PL25_00857	CDS	1530	mmdA_1	7.2.4.3		Methylmalonyl-CoA decarboxylase subunit alpha
PL25_00858	gene	459	nphA2_1			
PL25_00858	CDS	459	nphA2_1	1.5.1.36		NADH-dependent flavin reductase
PL25_00859	gene	630	guaB_1			
PL25_00859	CDS	630	guaB_1	1.1.1.205		Inosine-5'-monophosphate dehydrogenase
PL25_00860	gene	3636	dynA			
PL25_00860	CDS	3636	dynA		COG0699	Dynamin-like protein A
PL25_00861	gene	864	ypcP			
PL25_00861	CDS	864	ypcP	3.1.11.-	COG0258	5'-3' exonuclease
PL25_00862	gene	648	comA			
PL25_00862	CDS	648	comA	3.4.22.-	COG2274	Transport/processing ATP-binding protein ComA
PL25_00863	gene	795	fetB			
PL25_00863	CDS	795	fetB		COG0390	putative iron export permease protein FetB
PL25_00864	gene	348				
PL25_00864	CDS	348				hypothetical protein
PL25_00865	gene	918	cysK_1			
PL25_00865	CDS	918	cysK_1	2.5.1.47		Cysteine synthase
PL25_00866	gene	663				
PL25_00866	CDS	663				hypothetical protein
PL25_00867	gene	969				
PL25_00867	CDS	969				hypothetical protein
PL25_00868	gene	129				
PL25_00868	CDS	129				hypothetical protein
PL25_00869	gene	474	yycN			
PL25_00869	CDS	474	yycN	2.3.1.-	COG0456	putative N-acetyltransferase YycN
PL25_00870	gene	867				
PL25_00870	CDS	867				hypothetical protein
PL25_00871	gene	726	xerH_2			
PL25_00871	CDS	726	xerH_2			Tyrosine recombinase XerH
PL25_00872	gene	1239	nagZ_1			
PL25_00872	CDS	1239	nagZ_1	3.2.1.52	COG1472	Beta-hexosaminidase
PL25_00873	gene	141				
PL25_00873	CDS	141				hypothetical protein
PL25_00874	gene	834				
PL25_00874	CDS	834				hypothetical protein
PL25_00875	gene	504				
PL25_00875	CDS	504		2.3.1.-		Acetyltransferase
PL25_00876	gene	546	yyaP			
PL25_00876	CDS	546	yyaP		COG0262	putative protein YyaP
PL25_00877	gene	1155				
PL25_00877	CDS	1155				hypothetical protein
PL25_00878	gene	1173				
PL25_00878	CDS	1173				hypothetical protein
PL25_00879	gene	687	lnrK_1			
PL25_00879	CDS	687	lnrK_1		COG2197	Transcriptional regulatory protein LnrK
PL25_00880	gene	141				
PL25_00880	CDS	141				hypothetical protein
PL25_00881	gene	315				
PL25_00881	CDS	315				hypothetical protein
PL25_00882	gene	915				
PL25_00882	CDS	915				hypothetical protein
PL25_00883	gene	477				
PL25_00883	CDS	477				hypothetical protein
PL25_00884	gene	1437				
PL25_00884	CDS	1437				hypothetical protein
PL25_00885	gene	813				
PL25_00885	CDS	813				hypothetical protein
PL25_00886	gene	756	srlR_1			
PL25_00886	CDS	756	srlR_1		COG1349	Glucitol operon repressor
PL25_00887	gene	918	tagK_1			
PL25_00887	CDS	918	tagK_1	2.7.1.234	COG1105	D-tagatose-1-phosphate kinase
PL25_00888	gene	1869	fruA_1			
PL25_00888	CDS	1869	fruA_1		COG1299	PTS system fructose-specific EIIABC component
PL25_00889	gene	1698	cdr_1			
PL25_00889	CDS	1698	cdr_1	1.8.1.14		Coenzyme A disulfide reductase
PL25_00890	gene	399				
PL25_00890	CDS	399				hypothetical protein
PL25_00891	gene	204				
PL25_00891	CDS	204				hypothetical protein
PL25_00892	gene	1533	petC			
PL25_00892	CDS	1533	petC	7.1.1.6		Cytochrome b6-f complex iron-sulfur subunit
PL25_00893	gene	273	acyP			
PL25_00893	CDS	273	acyP	3.6.1.7	COG1254	Acylphosphatase
PL25_00894	gene	300				
PL25_00894	CDS	300				hypothetical protein
PL25_00895	gene	240	fdxA_1			
PL25_00895	CDS	240	fdxA_1			Ferredoxin 7Fe
PL25_00896	gene	1191				
PL25_00896	CDS	1191		3.4.19.11		Gamma-D-glutamyl-L-diamino acid endopeptidase 1
PL25_00897	gene	579	gpmB			
PL25_00897	CDS	579	gpmB	5.4.2.-		phosphoglycerate mutase GpmB
PL25_00898	gene	207				
PL25_00898	CDS	207				hypothetical protein
PL25_00899	gene	1023	msrAB			
PL25_00899	CDS	1023	msrAB		COG0225	Peptide methionine sulfoxide reductase MsrA/MsrB
PL25_00900	gene	546				
PL25_00900	CDS	546				hypothetical protein
PL25_00901	gene	930				
PL25_00901	CDS	930				hypothetical protein
PL25_00902	gene	1233	hemA_1			
PL25_00902	CDS	1233	hemA_1	2.3.1.37	COG0156	5-aminolevulinate synthase
PL25_00903	gene	228				
PL25_00903	CDS	228				hypothetical protein
PL25_00904	gene	765	tatC1			
PL25_00904	CDS	765	tatC1		COG0805	Sec-independent protein translocase protein TatCd
PL25_00905	gene	195	tatAd_1			
PL25_00905	CDS	195	tatAd_1		COG1826	Sec-independent protein translocase protein TatAd
PL25_00906	gene	210	tatAd_2			
PL25_00906	CDS	210	tatAd_2		COG1826	Sec-independent protein translocase protein TatAd
PL25_00907	gene	588	mobA			
PL25_00907	CDS	588	mobA	2.7.7.77	COG0746	putative molybdenum cofactor guanylyltransferase
PL25_00908	gene	489	dfrA			
PL25_00908	CDS	489	dfrA	1.5.1.3	COG0262	Dihydrofolate reductase
PL25_00909	gene	957	thyA			
PL25_00909	CDS	957	thyA	2.1.1.45	COG0207	Thymidylate synthase
PL25_00910	gene	1023				
PL25_00910	CDS	1023				hypothetical protein
PL25_00911	gene	588	yedJ			
PL25_00911	CDS	588	yedJ		COG1418	putative protein YedJ
PL25_00912	gene	1671	fhs			
PL25_00912	CDS	1671	fhs	6.3.4.3	COG2759	Formate--tetrahydrofolate ligase
PL25_00913	gene	201	cspB_1			
PL25_00913	CDS	201	cspB_1			Cold shock protein CspB
PL25_00914	gene	693				
PL25_00914	CDS	693				queuosine precursor transporter
PL25_00915	gene	141				
PL25_00915	CDS	141				hypothetical protein
PL25_00916	gene	504	cbaB_2			
PL25_00916	CDS	504	cbaB_2	7.1.1.9	COG1622	Cytochrome c oxidase subunit 2
PL25_00917	gene	1659	cbaA_2			
PL25_00917	CDS	1659	cbaA_2	7.1.1.9	COG0843	Cytochrome c oxidase subunit 1
PL25_00918	gene	519				
PL25_00918	CDS	519				hypothetical protein
PL25_00919	gene	1089				
PL25_00919	CDS	1089		2.3.1.-	COG3424	Methyl-branched alkylpyrone synthesis polyketide synthase-like Pks11
PL25_00920	gene	1503	ypwA			
PL25_00920	CDS	1503	ypwA	3.4.17.19	COG2317	Carboxypeptidase 1
PL25_00921	gene	1143	ypsC			
PL25_00921	CDS	1143	ypsC	2.1.1.-	COG0116	Putative RNA methyltransferase YpsC
PL25_00922	gene	375				
PL25_00922	misc_RNA	375				RNaseP_bact_b
PL25_00923	gene	321	gpsB			
PL25_00923	CDS	321	gpsB		COG3599	Cell cycle protein GpsB
PL25_00924	gene	1185	cdaR_1			
PL25_00924	CDS	1185	cdaR_1		COG3835	Carbohydrate diacid regulator
PL25_00925	gene	1167	dmg			
PL25_00925	CDS	1167	dmg	1.5.3.10		Dimethylglycine oxidase
PL25_00926	gene	963	arcB			
PL25_00926	CDS	963	arcB	1.5.1.49		Delta(1)-pyrroline-2-carboxylate reductase
PL25_00927	gene	1458	putP_1			
PL25_00927	CDS	1458	putP_1		COG0591	High-affinity proline transporter PutP
PL25_00928	gene	408	cdd			
PL25_00928	CDS	408	cdd	3.5.4.5	COG0295	Cytidine deaminase
PL25_00929	gene	363				
PL25_00929	CDS	363				hypothetical protein
PL25_00930	gene	216				
PL25_00930	CDS	216				hypothetical protein
PL25_00931	gene	105				
PL25_00931	CDS	105				hypothetical protein
PL25_00932	gene	966				
PL25_00932	CDS	966				hypothetical protein
PL25_00933	gene	591	recU			
PL25_00933	CDS	591	recU	3.1.21.10	COG3331	Holliday junction resolvase RecU
PL25_00934	gene	2772	ponA			
PL25_00934	CDS	2772	ponA		COG0744	Penicillin-binding protein 1A/1B
PL25_00935	gene	660	nth_1			
PL25_00935	CDS	660	nth_1	4.2.99.18	COG0177	Endonuclease III
PL25_00936	gene	681	dnaD			
PL25_00936	CDS	681	dnaD		COG3935	Replicative helicase loading/DNA remodeling protein DnaD
PL25_00937	gene	1293	asnS			
PL25_00937	CDS	1293	asnS	6.1.1.22		Asparagine--tRNA ligase
PL25_00938	gene	1185				
PL25_00938	CDS	1185		2.6.1.1		Aspartate aminotransferase
PL25_00939	gene	531				
PL25_00939	CDS	531				hypothetical protein
PL25_00940	gene	171				
PL25_00940	CDS	171				hypothetical protein
PL25_00941	gene	2802	dinG			
PL25_00941	CDS	2802	dinG	3.1.-.-	COG0847	3'-5' exonuclease DinG
PL25_00942	gene	993	birA			
PL25_00942	CDS	993	birA	6.3.4.15	COG0340	Bifunctional ligase/repressor BirA
PL25_00943	gene	1215	cca			
PL25_00943	CDS	1215	cca	2.7.7.72		CCA-adding enzyme
PL25_00944	gene	1128	bshA			
PL25_00944	CDS	1128	bshA	2.4.1.-	COG0438	N-acetyl-alpha-D-glucosaminyl L-malate synthase
PL25_00945	gene	429	mgsA			
PL25_00945	CDS	429	mgsA	4.2.3.3	COG1803	Methylglyoxal synthase
PL25_00946	gene	798	dapB			
PL25_00946	CDS	798	dapB	1.17.1.8	COG0289	4-hydroxy-tetrahydrodipicolinate reductase
PL25_00947	gene	873				
PL25_00947	CDS	873				hypothetical protein
PL25_00948	gene	690				
PL25_00948	CDS	690				hypothetical protein
PL25_00949	gene	579				
PL25_00949	CDS	579				hypothetical protein
PL25_00950	gene	783	qcrC			
PL25_00950	CDS	783	qcrC			Menaquinol:cytochrome c reductase cytochrome c subunit
PL25_00951	gene	675	qcrB			
PL25_00951	CDS	675	qcrB		COG1290	Menaquinol:cytochrome c reductase cytochrome b subunit
PL25_00952	gene	513	qcrA			
PL25_00952	CDS	513	qcrA		COG0723	Menaquinol:cytochrome c reductase iron-sulfur subunit
PL25_00953	gene	459				
PL25_00953	CDS	459				hypothetical protein
PL25_00954	gene	576				
PL25_00954	CDS	576				hypothetical protein
PL25_00955	gene	1272	ypiA			
PL25_00955	CDS	1272	ypiA		COG0457	TPR repeat-containing protein YpiA
PL25_00956	gene	216				
PL25_00956	CDS	216				hypothetical protein
PL25_00957	gene	1287	aroA1			
PL25_00957	CDS	1287	aroA1	2.5.1.19	COG0128	3-phosphoshikimate 1-carboxyvinyltransferase 1
PL25_00958	gene	1101				
PL25_00958	CDS	1101				hypothetical protein
PL25_00959	gene	1092	hisC_1			
PL25_00959	CDS	1092	hisC_1	2.6.1.9	COG0079	Histidinol-phosphate aminotransferase
PL25_00960	gene	375	aroH			
PL25_00960	CDS	375	aroH	5.4.99.5	COG4401	Chorismate mutase AroH
PL25_00961	gene	1080	aroB			
PL25_00961	CDS	1080	aroB	4.2.3.4		3-dehydroquinate synthase
PL25_00962	gene	1170	aroC			
PL25_00962	CDS	1170	aroC	4.2.3.5	COG0082	Chorismate synthase
PL25_00963	gene	795	cheR			
PL25_00963	CDS	795	cheR	2.1.1.80	COG1352	Chemotaxis protein methyltransferase
PL25_00964	gene	447	ndk			
PL25_00964	CDS	447	ndk	2.7.4.6	COG0105	Nucleoside diphosphate kinase
PL25_00965	gene	972	hepT			
PL25_00965	CDS	972	hepT	2.5.1.30	COG0142	Heptaprenyl diphosphate synthase component 2
PL25_00966	gene	705	menG			
PL25_00966	CDS	705	menG	2.1.1.163	COG2226	Demethylmenaquinone methyltransferase
PL25_00967	gene	798				
PL25_00967	CDS	798				hypothetical protein
PL25_00968	gene	225	mtrB			
PL25_00968	CDS	225	mtrB			Transcription attenuation protein MtrB
PL25_00969	gene	1692				
PL25_00969	CDS	1692				IS1182 family transposase IS663
PL25_00970	gene	68				
PL25_00970	misc_RNA	68				Ref64
PL25_00971	gene	273	hbs			
PL25_00971	CDS	273	hbs		COG0776	DNA-binding protein HU 1
PL25_00972	gene	1479	spoIVA			
PL25_00972	CDS	1479	spoIVA	3.6.1.-	COG0699	Stage IV sporulation protein A
PL25_00973	gene	729				
PL25_00973	CDS	729				hypothetical protein
PL25_00974	gene	198				
PL25_00974	CDS	198				hypothetical protein
PL25_00975	gene	261	spoVIF			
PL25_00975	CDS	261	spoVIF			Sporulation-specific transcription factor SpoVIF
PL25_00976	gene	1035	gpsA			
PL25_00976	CDS	1035	gpsA	1.1.1.94	COG0240	Glycerol-3-phosphate dehydrogenase [NAD(P)+]
PL25_00977	gene	1311	der			
PL25_00977	CDS	1311	der		COG1160	GTPase Der
PL25_00978	gene	186				
PL25_00978	CDS	186				hypothetical protein
PL25_00979	gene	894				
PL25_00979	CDS	894				hypothetical protein
PL25_00980	gene	1131	ypfD			
PL25_00980	CDS	1131	ypfD		COG0539	Small ribosomal subunit protein bS1 
PL25_00981	gene	579	plsC_1			
PL25_00981	CDS	579	plsC_1	2.3.1.-	COG0204	1-acyl-sn-glycerol-3-phosphate acyltransferase
PL25_00982	gene	684	cmk			
PL25_00982	CDS	684	cmk	2.7.4.25	COG0283	Cytidylate kinase
PL25_00983	gene	663	ypfA			
PL25_00983	CDS	663	ypfA		COG5581	putative protein YpfA
PL25_00984	gene	1344	ypeB			
PL25_00984	CDS	1344	ypeB		COG2959	Sporulation protein YpeB
PL25_00985	gene	813	sleB			
PL25_00985	CDS	813	sleB		COG3409	Spore cortex-lytic enzyme
PL25_00986	gene	711	prsW			
PL25_00986	CDS	711	prsW	3.4.-.-	COG2339	Protease PrsW
PL25_00987	gene	972	ansB			
PL25_00987	CDS	972	ansB	3.5.1.1	COG0252	L-asparaginase 2
PL25_00988	gene	129				
PL25_00988	CDS	129				hypothetical protein
PL25_00989	gene	963	bdr			
PL25_00989	CDS	963	bdr	1.8.1.-	COG0492	Bacilliredoxin reductase Bdr
PL25_00990	gene	1281	gudB			
PL25_00990	CDS	1281	gudB	1.4.1.2	COG0334	Cryptic catabolic NAD-specific glutamate dehydrogenase GudB
PL25_00991	gene	579	mecB			
PL25_00991	CDS	579	mecB		COG4862	Adapter protein MecA 2
PL25_00992	gene	771	ypbG			
PL25_00992	CDS	771	ypbG		COG1408	putative protein YpbG
PL25_00993	gene	336				
PL25_00993	CDS	336				hypothetical protein
PL25_00994	gene	588				
PL25_00994	CDS	588				hypothetical protein
PL25_00995	gene	1557	recS			
PL25_00995	CDS	1557	recS	5.6.2.4	COG0514	putative ATP-dependent DNA helicase RecS
PL25_00996	gene	1068	ypbB			
PL25_00996	CDS	1068	ypbB		COG4955	Protein YpbB
PL25_00997	gene	1158	rsiX			
PL25_00997	CDS	1158	rsiX			Anti-sigma-X factor RsiX
PL25_00998	gene	534	sigX			
PL25_00998	CDS	534	sigX		COG1595	ECF RNA polymerase sigma factor SigX
PL25_00999	gene	519				
PL25_00999	CDS	519				hypothetical protein
PL25_01000	gene	441				
PL25_01000	CDS	441				hypothetical protein
PL25_01001	gene	1767	resE			
PL25_01001	CDS	1767	resE	2.7.13.3	COG5002	Sensor histidine kinase ResE
PL25_01002	gene	714	resD_1			
PL25_01002	CDS	714	resD_1		COG0745	Transcriptional regulatory protein ResD
PL25_01003	gene	1191	resC			
PL25_01003	CDS	1191	resC		COG0755	Cytochrome c biogenesis protein ResC
PL25_01004	gene	1644	ccs1			
PL25_01004	CDS	1644	ccs1			Cytochrome c biogenesis protein Ccs1
PL25_01005	gene	573	resA_3			
PL25_01005	CDS	573	resA_3		COG0526	Thiol-disulfide oxidoreductase ResA
PL25_01006	gene	744	rluB_1			
PL25_01006	CDS	744	rluB_1	5.4.99.22	COG1187	Ribosomal large subunit pseudouridine synthase B
PL25_01007	gene	543				
PL25_01007	CDS	543				hypothetical protein
PL25_01008	gene	2757				
PL25_01008	CDS	2757				hypothetical protein
PL25_01009	gene	429				
PL25_01009	CDS	429				hypothetical protein
PL25_01010	gene	639				
PL25_01010	CDS	639				hypothetical protein
PL25_01011	gene	921				
PL25_01011	CDS	921				hypothetical protein
PL25_01012	gene	228				
PL25_01012	CDS	228				hypothetical protein
PL25_01013	gene	255				
PL25_01013	CDS	255				hypothetical protein
PL25_01014	gene	132				
PL25_01014	CDS	132				hypothetical protein
PL25_01015	gene	285				
PL25_01015	CDS	285				hypothetical protein
PL25_01016	gene	2640				
PL25_01016	CDS	2640				hypothetical protein
PL25_01017	gene	969				
PL25_01017	CDS	969				hypothetical protein
PL25_01018	gene	462				
PL25_01018	CDS	462				hypothetical protein
PL25_01019	gene	849				
PL25_01019	CDS	849				hypothetical protein
PL25_01020	gene	3303	smc_2			
PL25_01020	CDS	3303	smc_2			Chromosome partition protein Smc
PL25_01021	gene	213				
PL25_01021	CDS	213				hypothetical protein
PL25_01022	gene	324				
PL25_01022	CDS	324				hypothetical protein
PL25_01023	gene	597				
PL25_01023	CDS	597				hypothetical protein
PL25_01024	gene	345				
PL25_01024	CDS	345				hypothetical protein
PL25_01025	gene	405				
PL25_01025	CDS	405				hypothetical protein
PL25_01026	gene	333				
PL25_01026	CDS	333				hypothetical protein
PL25_01027	gene	288				
PL25_01027	CDS	288				hypothetical protein
PL25_01028	gene	564				
PL25_01028	CDS	564				hypothetical protein
PL25_01029	gene	1278				
PL25_01029	CDS	1278				hypothetical protein
PL25_01030	gene	771	clpP_1			
PL25_01030	CDS	771	clpP_1	3.4.21.92		ATP-dependent Clp protease proteolytic subunit
PL25_01031	gene	1260				
PL25_01031	CDS	1260				hypothetical protein
PL25_01032	gene	207				
PL25_01032	CDS	207				hypothetical protein
PL25_01033	gene	213				
PL25_01033	CDS	213				hypothetical protein
PL25_01034	gene	1698				
PL25_01034	CDS	1698				hypothetical protein
PL25_01035	gene	486				
PL25_01035	CDS	486				hypothetical protein
PL25_01036	gene	369				
PL25_01036	CDS	369				hypothetical protein
PL25_01037	gene	291				
PL25_01037	CDS	291				hypothetical protein
PL25_01038	gene	510				
PL25_01038	CDS	510				hypothetical protein
PL25_01039	gene	582				
PL25_01039	CDS	582				hypothetical protein
PL25_01040	gene	321				
PL25_01040	CDS	321				hypothetical protein
PL25_01041	gene	525				
PL25_01041	CDS	525				hypothetical protein
PL25_01042	gene	1365	ywqA_1			
PL25_01042	CDS	1365	ywqA_1	3.6.4.-	COG0553	Putative ATP-dependent helicase/translocase YwqA
PL25_01043	gene	285				
PL25_01043	CDS	285				hypothetical protein
PL25_01044	gene	2349				
PL25_01044	CDS	2349				hypothetical protein
PL25_01045	gene	1506				
PL25_01045	CDS	1506				hypothetical protein
PL25_01046	gene	351				
PL25_01046	CDS	351				hypothetical protein
PL25_01047	gene	114				
PL25_01047	CDS	114				hypothetical protein
PL25_01048	gene	1953				
PL25_01048	CDS	1953				hypothetical protein
PL25_01049	gene	816				
PL25_01049	CDS	816				hypothetical protein
PL25_01050	gene	117				
PL25_01050	CDS	117				hypothetical protein
PL25_01051	gene	1179				
PL25_01051	CDS	1179				hypothetical protein
PL25_01052	gene	381				
PL25_01052	CDS	381				hypothetical protein
PL25_01053	gene	180				
PL25_01053	CDS	180				hypothetical protein
PL25_01054	gene	588				
PL25_01054	CDS	588				hypothetical protein
PL25_01055	gene	261				
PL25_01055	CDS	261				hypothetical protein
PL25_01056	gene	234				
PL25_01056	CDS	234				hypothetical protein
PL25_01057	gene	225				
PL25_01057	CDS	225				hypothetical protein
PL25_01058	gene	732				
PL25_01058	CDS	732				hypothetical protein
PL25_01059	gene	171				
PL25_01059	CDS	171				hypothetical protein
PL25_01060	gene	219				
PL25_01060	CDS	219				hypothetical protein
PL25_01061	gene	645	lexA_2			
PL25_01061	CDS	645	lexA_2	3.4.21.88		LexA repressor
PL25_01062	gene	1038	xerC_2			
PL25_01062	CDS	1038	xerC_2			Tyrosine recombinase XerC
PL25_01063	gene	531	spmB			
PL25_01063	CDS	531	spmB		COG0700	Spore maturation protein B
PL25_01064	gene	585	spmA			
PL25_01064	CDS	585	spmA		COG2715	Spore maturation protein A
PL25_01065	gene	1113	dacB			
PL25_01065	CDS	1113	dacB	3.4.16.4	COG1686	D-alanyl-D-alanine carboxypeptidase DacB
PL25_01066	gene	68				
PL25_01066	misc_RNA	68				Bacillaceae-1
PL25_01067	gene	162				
PL25_01067	CDS	162				hypothetical protein
PL25_01068	gene	879				
PL25_01068	CDS	879				hypothetical protein
PL25_01069	gene	597	scpB			
PL25_01069	CDS	597	scpB		COG1386	Segregation and condensation protein B
PL25_01070	gene	738	scpA			
PL25_01070	CDS	738	scpA		COG1354	Segregation and condensation protein A
PL25_01071	gene	90				
PL25_01071	CDS	90				hypothetical protein
PL25_01072	gene	372	ribT			
PL25_01072	CDS	372	ribT	2.3.1.-	COG0456	Protein RibT
PL25_01073	gene	465				
PL25_01073	CDS	465				hypothetical protein
PL25_01074	gene	435	ppiB			
PL25_01074	CDS	435	ppiB	5.2.1.8	COG0652	Peptidyl-prolyl cis-trans isomerase B
PL25_01075	gene	1308	lysA			
PL25_01075	CDS	1308	lysA	4.1.1.20	COG1166	Diaminopimelate decarboxylase
PL25_01076	gene	1482				
PL25_01076	CDS	1482				hypothetical protein
PL25_01077	gene	429				
PL25_01077	CDS	429				hypothetical protein
PL25_01078	gene	618				
PL25_01078	CDS	618				hypothetical protein
PL25_01079	gene	756	sigF			
PL25_01079	CDS	756	sigF		COG1191	RNA polymerase sigma-F factor
PL25_01080	gene	441	spoIIAB			
PL25_01080	CDS	441	spoIIAB	2.7.11.1	COG2172	Anti-sigma F factor
PL25_01081	gene	354	spoIIAA			
PL25_01081	CDS	354	spoIIAA		COG1366	Anti-sigma F factor antagonist
PL25_01082	gene	1173	dacF			
PL25_01082	CDS	1173	dacF	3.4.16.4	COG1686	D-alanyl-D-alanine carboxypeptidase DacF
PL25_01083	gene	1305	pdp			
PL25_01083	CDS	1305	pdp	2.4.2.2		Pyrimidine-nucleoside phosphorylase
PL25_01084	gene	828	punA			
PL25_01084	CDS	828	punA	2.4.2.1		Purine nucleoside phosphorylase 1
PL25_01085	gene	1194	deoB_2			
PL25_01085	CDS	1194	deoB_2	5.4.2.7		Phosphopentomutase
PL25_01086	gene	894	xerD			
PL25_01086	CDS	894	xerD			Tyrosine recombinase XerD
PL25_01087	gene	207				
PL25_01087	CDS	207				hypothetical protein
PL25_01088	gene	459	fur			
PL25_01088	CDS	459	fur		COG0735	Ferric uptake regulation protein
PL25_01089	gene	636	spoIIM			
PL25_01089	CDS	636	spoIIM		COG1300	Stage II sporulation protein M
PL25_01090	gene	1170				
PL25_01090	CDS	1170				hypothetical protein
PL25_01091	gene	546	nudF			
PL25_01091	CDS	546	nudF	3.6.1.13	COG0494	ADP-ribose pyrophosphatase
PL25_01092	gene	912	ydjG			
PL25_01092	CDS	912	ydjG	1.1.1.-	COG0667	NADH-specific methylglyoxal reductase
PL25_01093	gene	336				
PL25_01093	CDS	336				hypothetical protein
PL25_01094	gene	798	ydfG			
PL25_01094	CDS	798	ydfG	1.1.1.381	COG4221	NADP-dependent 3-hydroxy acid dehydrogenase YdfG
PL25_01095	gene	969				
PL25_01095	CDS	969				hypothetical protein
PL25_01096	gene	1623	rocB			
PL25_01096	CDS	1623	rocB		COG4187	Protein RocB
PL25_01097	gene	735	UgpQ_1			
PL25_01097	CDS	735	UgpQ_1	3.1.4.46	COG0584	Glycerophosphodiester phosphodiesterase
PL25_01098	gene	1284				
PL25_01098	CDS	1284				IS110 family transposase IS653
PL25_01099	gene	1026	namA			
PL25_01099	CDS	1026	namA	1.6.99.1	COG1902	NADPH dehydrogenase
PL25_01100	gene	918	rnz			
PL25_01100	CDS	918	rnz	3.1.26.11	COG1234	Ribonuclease Z
PL25_01101	gene	1371	aldH1			
PL25_01101	CDS	1371	aldH1	1.2.1.-	COG1012	4,4'-diaponeurosporen-aldehyde dehydrogenase
PL25_01102	gene	1248	dinB_2			
PL25_01102	CDS	1248	dinB_2	2.7.7.7	COG0389	DNA polymerase IV
PL25_01103	gene	1125	pepT_1			
PL25_01103	CDS	1125	pepT_1	3.4.11.4	COG2195	Peptidase T
PL25_01104	gene	1551	mmdA_2			
PL25_01104	CDS	1551	mmdA_2	7.2.4.3		Methylmalonyl-CoA decarboxylase subunit alpha
PL25_01105	gene	423	epi			
PL25_01105	CDS	423	epi	5.1.99.-	COG0346	Ethylmalonyl-CoA/methylmalonyl-CoA epimerase
PL25_01106	gene	68				
PL25_01106	misc_RNA	68				Bacillaceae-1
PL25_01107	gene	108				
PL25_01107	CDS	108				hypothetical protein
PL25_01108	gene	981				
PL25_01108	CDS	981				hypothetical protein
PL25_01109	gene	432	brxB			
PL25_01109	CDS	432	brxB			Bacilliredoxin BrxB
PL25_01110	gene	1272	pdhC_3			
PL25_01110	CDS	1272	pdhC_3	2.3.1.12		Dihydrolipoyllysine-residue acetyltransferase component of pyruvate dehydrogenase complex
PL25_01111	gene	984	bfmBAB_2			
PL25_01111	CDS	984	bfmBAB_2	1.2.4.4	COG0022	2-oxoisovalerate dehydrogenase subunit beta
PL25_01112	gene	993	bfmBAA			
PL25_01112	CDS	993	bfmBAA	1.2.4.4	COG1071	2-oxoisovalerate dehydrogenase subunit alpha
PL25_01113	gene	1422	pdhD_2			
PL25_01113	CDS	1422	pdhD_2	1.8.1.4		Dihydrolipoyl dehydrogenase
PL25_01114	gene	1080	buk2			
PL25_01114	CDS	1080	buk2	2.7.2.7	COG3426	Butyrate kinase 2
PL25_01115	gene	1095	ldh_1			
PL25_01115	CDS	1095	ldh_1	1.4.1.9		Leucine dehydrogenase
PL25_01116	gene	915	ptb			
PL25_01116	CDS	915	ptb	2.3.1.19	COG0280	Phosphate butyryltransferase
PL25_01117	gene	2064	norR_1			
PL25_01117	CDS	2064	norR_1			Anaerobic nitric oxide reductase transcription regulator NorR
PL25_01118	gene	249				
PL25_01118	CDS	249				hypothetical protein
PL25_01119	gene	1347	yclM			
PL25_01119	CDS	1347	yclM	2.7.2.4	COG0527	Aspartokinase 3
PL25_01120	gene	777	spo0A			
PL25_01120	CDS	777	spo0A		COG0745	Stage 0 sporulation protein A
PL25_01121	gene	1296	spoIVB			
PL25_01121	CDS	1296	spoIVB	3.4.21.116	COG0750	SpoIVB peptidase
PL25_01122	gene	1770	recN			
PL25_01122	CDS	1770	recN		COG0497	DNA repair protein RecN
PL25_01123	gene	450	argR			
PL25_01123	CDS	450	argR		COG1438	Arginine repressor
PL25_01124	gene	831	tlyA			
PL25_01124	CDS	831	tlyA			Hemolysin A
PL25_01125	gene	576				
PL25_01125	CDS	576				hypothetical protein
PL25_01126	gene	626				
PL25_01126	misc_RNA	626				OLE
PL25_01127	gene	891				
PL25_01127	CDS	891		2.5.1.10		Farnesyl diphosphate synthase
PL25_01128	gene	231	xseB			
PL25_01128	CDS	231	xseB	3.1.11.6	COG1722	Exodeoxyribonuclease 7 small subunit
PL25_01129	gene	1341	xseA			
PL25_01129	CDS	1341	xseA	3.1.11.6	COG1570	Exodeoxyribonuclease 7 large subunit
PL25_01130	gene	855	folD			
PL25_01130	CDS	855	folD		COG0190	Bifunctional protein FolD protein
PL25_01131	gene	381	nusB			
PL25_01131	CDS	381	nusB		COG0781	Transcription antitermination protein NusB
PL25_01132	gene	387				
PL25_01132	CDS	387				putative protein
PL25_01133	gene	1362	accC			
PL25_01133	CDS	1362	accC	6.3.4.14	COG0439	Biotin carboxylase
PL25_01134	gene	498	accB			
PL25_01134	CDS	498	accB		COG0511	Biotin carboxyl carrier protein of acetyl-CoA carboxylase
PL25_01135	gene	621	spoIIIAH			
PL25_01135	CDS	621	spoIIIAH			Stage III sporulation protein AH
PL25_01136	gene	639				
PL25_01136	CDS	639				hypothetical protein
PL25_01137	gene	621	spoIIIAF			
PL25_01137	CDS	621	spoIIIAF			Stage III sporulation protein AF
PL25_01138	gene	1176	spoIIIAE			
PL25_01138	CDS	1176	spoIIIAE			Stage III sporulation protein AE
PL25_01139	gene	393				
PL25_01139	CDS	393				hypothetical protein
PL25_01140	gene	207				
PL25_01140	CDS	207				hypothetical protein
PL25_01141	gene	513	spoIIIAB			
PL25_01141	CDS	513	spoIIIAB			Stage III sporulation protein AB
PL25_01142	gene	921				
PL25_01142	CDS	921				hypothetical protein
PL25_01143	gene	558	efp			
PL25_01143	CDS	558	efp		COG0231	Elongation factor P
PL25_01144	gene	1062	ypdF			
PL25_01144	CDS	1062	ypdF	3.4.11.-	COG0006	Aminopeptidase YpdF
PL25_01145	gene	510				
PL25_01145	CDS	510				hypothetical protein
PL25_01146	gene	381				
PL25_01146	CDS	381				hypothetical protein
PL25_01147	gene	894				
PL25_01147	CDS	894				hypothetical protein
PL25_01148	gene	675				
PL25_01148	CDS	675				IS3 family transposase ISEnfa5
PL25_01149	gene	360				
PL25_01149	CDS	360				IS3 family transposase ISEnfa5
PL25_01150	gene	423	mntR			
PL25_01150	CDS	423	mntR		COG1321	HTH-type transcriptional regulator MntR
PL25_01151	gene	366	glpE_2			
PL25_01151	CDS	366	glpE_2	2.8.1.1		Thiosulfate sulfurtransferase GlpE
PL25_01152	gene	1467	gcvPB			
PL25_01152	CDS	1467	gcvPB	1.4.4.2		putative glycine dehydrogenase (decarboxylating) subunit 2
PL25_01153	gene	1350	gcvPA			
PL25_01153	CDS	1350	gcvPA	1.4.4.2		putative glycine dehydrogenase (decarboxylating) subunit 1
PL25_01154	gene	1116	gcvT			
PL25_01154	CDS	1116	gcvT	2.1.2.10	COG0404	Aminomethyltransferase
PL25_01155	gene	109				
PL25_01155	misc_RNA	109				Glycine
PL25_01156	gene	1665	rapA_1			
PL25_01156	CDS	1665	rapA_1	3.6.4.-	COG0553	RNA polymerase-associated protein RapA
PL25_01157	gene	780				
PL25_01157	CDS	780				hypothetical protein
PL25_01158	gene	189				
PL25_01158	CDS	189				hypothetical protein
PL25_01159	gene	1029	comGA			
PL25_01159	CDS	1029	comGA		COG2804	Competence protein ComGA
PL25_01160	gene	1053				
PL25_01160	CDS	1053				hypothetical protein
PL25_01161	gene	312				
PL25_01161	CDS	312				hypothetical protein
PL25_01162	gene	453				
PL25_01162	CDS	453				hypothetical protein
PL25_01163	gene	339				
PL25_01163	CDS	339				hypothetical protein
PL25_01164	gene	447				
PL25_01164	CDS	447				hypothetical protein
PL25_01165	gene	384				
PL25_01165	CDS	384				hypothetical protein
PL25_01166	gene	243				
PL25_01166	CDS	243				hypothetical protein
PL25_01167	gene	624	gloC			
PL25_01167	CDS	624	gloC	3.1.2.6	COG0491	Hydroxyacylglutathione hydrolase GloC
PL25_01168	gene	171				
PL25_01168	CDS	171				hypothetical protein
PL25_01169	gene	456				
PL25_01169	CDS	456				IS200/IS605 family transposase ISAac3
PL25_01170	gene	1908	ltaS2			
PL25_01170	CDS	1908	ltaS2		COG1368	Lipoteichoic acid synthase 2
PL25_01171	gene	975	glcK			
PL25_01171	CDS	975	glcK	2.7.1.2	COG1940	Glucokinase
PL25_01172	gene	276				
PL25_01172	CDS	276				hypothetical protein
PL25_01173	gene	1458	gerBA_1			
PL25_01173	CDS	1458	gerBA_1		COG0697	Spore germination protein B1
PL25_01174	gene	861				
PL25_01174	CDS	861				hypothetical protein
PL25_01175	gene	1548	gluP			
PL25_01175	CDS	1548	gluP	3.4.21.105	COG0457	Rhomboid protease GluP
PL25_01176	gene	195				
PL25_01176	CDS	195				hypothetical protein
PL25_01177	gene	585	yqgN			
PL25_01177	CDS	585	yqgN		COG0212	putative protein YqgN
PL25_01178	gene	150	rpmG1			
PL25_01178	CDS	150	rpmG1		COG0267	Large ribosomal subunit protein bL33A
PL25_01179	gene	216	tatAd_3			
PL25_01179	CDS	216	tatAd_3		COG1826	Sec-independent protein translocase protein TatAd
PL25_01180	gene	1719				
PL25_01180	CDS	1719		1.1.99.3		Gluconate 2-dehydrogenase flavoprotein
PL25_01181	gene	753				
PL25_01181	CDS	753				hypothetical protein
PL25_01182	gene	687				
PL25_01182	CDS	687				hypothetical protein
PL25_01183	gene	177				
PL25_01183	CDS	177				hypothetical protein
PL25_01184	gene	213				
PL25_01184	CDS	213				hypothetical protein
PL25_01185	gene	228				
PL25_01185	CDS	228				hypothetical protein
PL25_01186	gene	420	mltG_1			
PL25_01186	CDS	420	mltG_1	4.2.2.29		Endolytic murein transglycosylase
PL25_01187	gene	1347				
PL25_01187	CDS	1347			COG3385	IS4 family transposase ISHaha1
PL25_01188	gene	657	phoU			
PL25_01188	CDS	657	phoU			Phosphate-specific transport system accessory protein PhoU 
PL25_01189	gene	654	pbpA_1			
PL25_01189	CDS	654	pbpA_1	3.4.16.4	COG0768	Penicillin-binding protein 2A
PL25_01190	gene	1464	pbpA_2			
PL25_01190	CDS	1464	pbpA_2	3.4.16.4	COG0768	Penicillin-binding protein 2A
PL25_01191	gene	1272				
PL25_01191	CDS	1272				hypothetical protein
PL25_01192	gene	612	sodA_1			
PL25_01192	CDS	612	sodA_1	1.15.1.1		Superoxide dismutase [Mn]
PL25_01193	gene	76				
PL25_01193	tRNA	76				tRNA-Phe(gaa)
PL25_01194	gene	93				
PL25_01194	tRNA	93				tRNA-Ser(tga)
PL25_01195	gene	77				
PL25_01195	tRNA	77				tRNA-Met(cat)
PL25_01196	gene	76				
PL25_01196	tRNA	76				tRNA-His(gtg)
PL25_01197	gene	77				
PL25_01197	tRNA	77				tRNA-Met(cat)
PL25_01198	gene	75				
PL25_01198	tRNA	75				tRNA-Asn(gtt)
PL25_01199	gene	1626				
PL25_01199	CDS	1626				hypothetical protein
PL25_01200	gene	163				
PL25_01200	misc_RNA	163				group-II-D1D4-3
PL25_01201	gene	633				
PL25_01201	CDS	633				hypothetical protein
PL25_01202	gene	348				
PL25_01202	CDS	348				hypothetical protein
PL25_01203	gene	375				
PL25_01203	CDS	375				hypothetical protein
PL25_01204	gene	285				
PL25_01204	CDS	285				hypothetical protein
PL25_01205	gene	894	nfo_1			
PL25_01205	CDS	894	nfo_1	3.1.21.2	COG0648	putative endonuclease 4
PL25_01206	gene	1308	cshB			
PL25_01206	CDS	1308	cshB	3.6.4.13		DEAD-box ATP-dependent RNA helicase CshB
PL25_01207	gene	1110				
PL25_01207	CDS	1110				GTP cyclohydrolase 1 type 2 
PL25_01208	gene	729	trmK			
PL25_01208	CDS	729	trmK	2.1.1.217	COG2384	tRNA (adenine(22)-N(1))-methyltransferase
PL25_01209	gene	378				
PL25_01209	CDS	378				hypothetical protein
PL25_01210	gene	525				
PL25_01210	CDS	525				hypothetical protein
PL25_01211	gene	1122	sigA			
PL25_01211	CDS	1122	sigA		COG0568	RNA polymerase sigma factor SigA
PL25_01212	gene	1815	dnaG			
PL25_01212	CDS	1815	dnaG	2.7.7.101	COG0358	DNA primase
PL25_01213	gene	804	yqfL			
PL25_01213	CDS	804	yqfL	2.7.11.32	COG1806	Putative pyruvate, phosphate dikinase regulatory protein
PL25_01214	gene	630	ccpN			
PL25_01214	CDS	630	ccpN		COG0517	Transcriptional repressor CcpN
PL25_01215	gene	2073	glyS			
PL25_01215	CDS	2073	glyS	6.1.1.14	COG0751	Glycine--tRNA ligase beta subunit
PL25_01216	gene	879	glyQ			
PL25_01216	CDS	879	glyQ	6.1.1.14	COG0752	Glycine--tRNA ligase alpha subunit
PL25_01217	gene	744	recO			
PL25_01217	CDS	744	recO		COG1381	DNA repair protein RecO
PL25_01218	gene	147				
PL25_01218	CDS	147				hypothetical protein
PL25_01219	gene	903	era			
PL25_01219	CDS	903	era		COG1159	GTPase Era
PL25_01220	gene	309	dgkA			
PL25_01220	CDS	309	dgkA	2.7.1.66	COG0818	Undecaprenol kinase
PL25_01221	gene	465	ybeY			
PL25_01221	CDS	465	ybeY	3.1.-.-		Endoribonuclease YbeY
PL25_01222	gene	2142	pgpH			
PL25_01222	CDS	2142	pgpH	3.1.4.59		Cyclic-di-AMP phosphodiesterase PgpH
PL25_01223	gene	960				
PL25_01223	CDS	960			COG1702	PhoH-like protein
PL25_01224	gene	1221				
PL25_01224	CDS	1221				hypothetical protein
PL25_01225	gene	285				
PL25_01225	CDS	285				hypothetical protein
PL25_01226	gene	528				
PL25_01226	CDS	528				hypothetical protein
PL25_01227	gene	996	floA			
PL25_01227	CDS	996	floA		COG4864	Flotillin-like protein FloA
PL25_01228	gene	1329				
PL25_01228	CDS	1329				hypothetical protein
PL25_01229	gene	74				
PL25_01229	misc_RNA	74				group-II-D1D4-1
PL25_01230	gene	172				
PL25_01230	misc_RNA	172				group-II-D1D4-3
PL25_01231	gene	456				
PL25_01231	CDS	456				IS200/IS605 family transposase ISAac3
PL25_01232	gene	450	yqeY			
PL25_01232	CDS	450	yqeY		COG1610	putative protein YqeY
PL25_01233	gene	177	rpsU			
PL25_01233	CDS	177	rpsU		COG0828	Small ribosomal subunit protein bS21
PL25_01234	gene	693	deoC			
PL25_01234	CDS	693	deoC	4.1.2.4	COG0274	Deoxyribose-phosphate aldolase
PL25_01235	gene	1347	mtaB			
PL25_01235	CDS	1347	mtaB	2.8.4.5	COG0621	Threonylcarbamoyladenosine tRNA methylthiotransferase MtaB
PL25_01236	gene	759	rsmE			
PL25_01236	CDS	759	rsmE	2.1.1.193	COG1385	Ribosomal RNA small subunit methyltransferase E
PL25_01237	gene	939	prmA			
PL25_01237	CDS	939	prmA	2.1.1.-		Ribosomal protein L11 methyltransferase
PL25_01238	gene	1128	dnaJ			
PL25_01238	CDS	1128	dnaJ		COG0484	Chaperone protein DnaJ
PL25_01239	gene	1836	dnaK			
PL25_01239	CDS	1836	dnaK		COG0443	Chaperone protein DnaK
PL25_01240	gene	600	grpE			
PL25_01240	CDS	600	grpE			Protein GrpE
PL25_01241	gene	1032	hrcA			
PL25_01241	CDS	1032	hrcA		COG1420	Heat-inducible transcription repressor HrcA
PL25_01242	gene	1155	hemW			
PL25_01242	CDS	1155	hemW		COG0635	Heme chaperone HemW
PL25_01243	gene	354				
PL25_01243	CDS	354				hypothetical protein
PL25_01244	gene	1809	lepA			
PL25_01244	CDS	1809	lepA	3.6.5.-		Elongation factor 4
PL25_01245	gene	318				
PL25_01245	CDS	318				hypothetical protein
PL25_01246	gene	1164				
PL25_01246	CDS	1164				hypothetical protein
PL25_01247	gene	1110	gpr			
PL25_01247	CDS	1110	gpr	3.4.24.78	COG0680	Germination protease
PL25_01248	gene	267	rpsT			
PL25_01248	CDS	267	rpsT		COG0268	Small ribosomal subunit protein bS20
PL25_01249	gene	1038	holA			
PL25_01249	CDS	1038	holA	2.7.7.7	COG1466	DNA polymerase III subunit delta
PL25_01250	gene	246				
PL25_01250	CDS	246				hypothetical protein
PL25_01251	gene	2274	comEC_1			
PL25_01251	CDS	2274	comEC_1		COG0658	ComE operon protein 3
PL25_01252	gene	570				
PL25_01252	CDS	570				hypothetical protein
PL25_01253	gene	606	comEA			
PL25_01253	CDS	606	comEA		COG1555	ComE operon protein 1
PL25_01254	gene	756	ubiE_1			
PL25_01254	CDS	756	ubiE_1	2.1.1.163		Ubiquinone/menaquinone biosynthesis C-methyltransferase UbiE
PL25_01255	gene	357	rsfS			
PL25_01255	CDS	357	rsfS		COG0799	Ribosomal silencing factor RsfS
PL25_01256	gene	576				
PL25_01256	CDS	576		3.6.1.41	COG1713	Bis(5'-nucleosyl)-tetraphosphatase, symmetrical
PL25_01257	gene	567	nadD			
PL25_01257	CDS	567	nadD	2.7.7.18	COG1057	Nicotinate-nucleotide adenylyltransferase
PL25_01258	gene	291	yhbY			
PL25_01258	CDS	291	yhbY		COG1534	RNA-binding protein YhbY
PL25_01259	gene	840	aroE			
PL25_01259	CDS	840	aroE	1.1.1.25	COG0169	Shikimate dehydrogenase (NADP(+))
PL25_01260	gene	1101	yqeH			
PL25_01260	CDS	1101	yqeH		COG1161	putative protein YqeH
PL25_01261	gene	516				
PL25_01261	CDS	516				hypothetical protein
PL25_01262	gene	66				
PL25_01262	misc_RNA	66				Bacillaceae-1
PL25_01263	gene	147	sda			
PL25_01263	CDS	147	sda			Sporulation inhibitor sda
PL25_01264	gene	2322	mrpA			
PL25_01264	CDS	2322	mrpA		COG1009	Na(+)/H(+) antiporter subunit A
PL25_01265	gene	339	mrpC			
PL25_01265	CDS	339	mrpC		COG1006	Na(+)/H(+) antiporter subunit C
PL25_01266	gene	1482	mrpD			
PL25_01266	CDS	1482	mrpD		COG0651	Na(+)/H(+) antiporter subunit D
PL25_01267	gene	477	mrpE			
PL25_01267	CDS	477	mrpE		COG1863	Na(+)/H(+) antiporter subunit E
PL25_01268	gene	312	mrpF			
PL25_01268	CDS	312	mrpF		COG2212	Na(+)/H(+) antiporter subunit F
PL25_01269	gene	381	mrpG			
PL25_01269	CDS	381	mrpG		COG1320	Na(+)/H(+) antiporter subunit G
PL25_01270	gene	1479	murE_2			
PL25_01270	CDS	1479	murE_2	6.3.2.7		UDP-N-acetylmuramoyl-L-alanyl-D-glutamate--L-lysine ligase
PL25_01271	gene	360	sigK_1			
PL25_01271	CDS	360	sigK_1			RNA polymerase sigma-K factor
PL25_01272	gene	1500				
PL25_01272	CDS	1500				hypothetical protein
PL25_01273	gene	531				
PL25_01273	CDS	531				hypothetical protein
PL25_01274	gene	798				
PL25_01274	CDS	798				hypothetical protein
PL25_01275	gene	198				
PL25_01275	CDS	198				hypothetical protein
PL25_01276	gene	153				
PL25_01276	CDS	153				hypothetical protein
PL25_01277	gene	945	xlyA_2			
PL25_01277	CDS	945	xlyA_2	3.5.1.28	COG3409	N-acetylmuramoyl-L-alanine amidase XlyA
PL25_01278	gene	267				
PL25_01278	CDS	267				hypothetical protein
PL25_01279	gene	213				
PL25_01279	CDS	213				hypothetical protein
PL25_01280	gene	147				
PL25_01280	CDS	147				hypothetical protein
PL25_01281	gene	180				
PL25_01281	CDS	180				hypothetical protein
PL25_01282	gene	1911				
PL25_01282	CDS	1911				hypothetical protein
PL25_01283	gene	912				
PL25_01283	CDS	912				hypothetical protein
PL25_01284	gene	1932				
PL25_01284	CDS	1932				hypothetical protein
PL25_01285	gene	807				
PL25_01285	CDS	807				hypothetical protein
PL25_01286	gene	2436				
PL25_01286	CDS	2436				hypothetical protein
PL25_01287	gene	450				
PL25_01287	CDS	450				hypothetical protein
PL25_01288	gene	489				
PL25_01288	CDS	489				hypothetical protein
PL25_01289	gene	324				
PL25_01289	CDS	324				hypothetical protein
PL25_01290	gene	405				
PL25_01290	CDS	405				hypothetical protein
PL25_01291	gene	432				
PL25_01291	CDS	432				hypothetical protein
PL25_01292	gene	312				
PL25_01292	CDS	312				hypothetical protein
PL25_01293	gene	297				
PL25_01293	CDS	297				hypothetical protein
PL25_01294	gene	825				
PL25_01294	CDS	825				hypothetical protein
PL25_01295	gene	612				
PL25_01295	CDS	612				hypothetical protein
PL25_01296	gene	255				
PL25_01296	CDS	255				hypothetical protein
PL25_01297	gene	177				
PL25_01297	CDS	177				hypothetical protein
PL25_01298	gene	912				
PL25_01298	CDS	912				hypothetical protein
PL25_01299	gene	1443				
PL25_01299	CDS	1443				hypothetical protein
PL25_01300	gene	1245				
PL25_01300	CDS	1245				hypothetical protein
PL25_01301	gene	453				
PL25_01301	CDS	453				hypothetical protein
PL25_01302	gene	165				
PL25_01302	CDS	165				hypothetical protein
PL25_01303	gene	141				
PL25_01303	CDS	141				hypothetical protein
PL25_01304	gene	186				
PL25_01304	CDS	186				hypothetical protein
PL25_01305	gene	330				
PL25_01305	CDS	330				hypothetical protein
PL25_01306	gene	144				
PL25_01306	CDS	144				hypothetical protein
PL25_01307	gene	1191				
PL25_01307	CDS	1191				hypothetical protein
PL25_01308	gene	87				
PL25_01308	tRNA	87				tRNA-Ser(gct)
PL25_01309	gene	459				
PL25_01309	CDS	459				hypothetical protein
PL25_01310	gene	240				
PL25_01310	CDS	240				hypothetical protein
PL25_01311	gene	150				
PL25_01311	CDS	150				hypothetical protein
PL25_01312	gene	390				
PL25_01312	CDS	390				hypothetical protein
PL25_01313	gene	228				
PL25_01313	CDS	228				hypothetical protein
PL25_01314	gene	462				
PL25_01314	CDS	462				hypothetical protein
PL25_01315	gene	180				
PL25_01315	CDS	180				hypothetical protein
PL25_01316	gene	339				
PL25_01316	CDS	339				hypothetical protein
PL25_01317	gene	153				
PL25_01317	CDS	153				hypothetical protein
PL25_01318	gene	600				
PL25_01318	CDS	600				hypothetical protein
PL25_01319	gene	273				
PL25_01319	CDS	273				hypothetical protein
PL25_01320	gene	930				
PL25_01320	CDS	930				hypothetical protein
PL25_01321	gene	738				
PL25_01321	CDS	738				hypothetical protein
PL25_01322	gene	378	ssb_2			
PL25_01322	CDS	378	ssb_2		COG0629	Single-stranded DNA-binding protein
PL25_01323	gene	138				
PL25_01323	CDS	138				hypothetical protein
PL25_01324	gene	348				
PL25_01324	CDS	348				hypothetical protein
PL25_01325	gene	429				
PL25_01325	CDS	429				hypothetical protein
PL25_01326	gene	396				
PL25_01326	CDS	396				hypothetical protein
PL25_01327	gene	210				
PL25_01327	CDS	210				hypothetical protein
PL25_01328	gene	201				
PL25_01328	CDS	201				hypothetical protein
PL25_01329	gene	1278	dnaC_2			
PL25_01329	CDS	1278	dnaC_2	5.6.2.3	COG0305	Replicative DNA helicase DnaC
PL25_01330	gene	279				
PL25_01330	CDS	279				hypothetical protein
PL25_01331	gene	708				
PL25_01331	CDS	708				hypothetical protein
PL25_01332	gene	204				
PL25_01332	CDS	204				hypothetical protein
PL25_01333	gene	219				
PL25_01333	CDS	219				hypothetical protein
PL25_01334	gene	198				
PL25_01334	CDS	198				hypothetical protein
PL25_01335	gene	111				
PL25_01335	CDS	111				hypothetical protein
PL25_01336	gene	492				
PL25_01336	CDS	492				hypothetical protein
PL25_01337	gene	297				
PL25_01337	CDS	297				hypothetical protein
PL25_01338	gene	192				
PL25_01338	CDS	192				hypothetical protein
PL25_01339	gene	306				
PL25_01339	CDS	306				hypothetical protein
PL25_01340	gene	348				
PL25_01340	CDS	348				hypothetical protein
PL25_01341	gene	399				
PL25_01341	CDS	399				hypothetical protein
PL25_01342	gene	324				
PL25_01342	CDS	324				hypothetical protein
PL25_01343	gene	369				
PL25_01343	CDS	369				hypothetical protein
PL25_01344	gene	186				
PL25_01344	CDS	186				hypothetical protein
PL25_01345	gene	222				
PL25_01345	CDS	222				hypothetical protein
PL25_01346	gene	276				
PL25_01346	CDS	276				hypothetical protein
PL25_01347	gene	291				
PL25_01347	CDS	291				hypothetical protein
PL25_01348	gene	654				
PL25_01348	CDS	654				hypothetical protein
PL25_01349	gene	402				
PL25_01349	CDS	402				hypothetical protein
PL25_01350	gene	111				
PL25_01350	CDS	111				hypothetical protein
PL25_01351	gene	366				
PL25_01351	CDS	366				hypothetical protein
PL25_01352	gene	795				
PL25_01352	CDS	795				hypothetical protein
PL25_01353	gene	186				
PL25_01353	CDS	186				hypothetical protein
PL25_01354	gene	96				
PL25_01354	CDS	96				hypothetical protein
PL25_01355	gene	171				
PL25_01355	CDS	171				hypothetical protein
PL25_01356	gene	336				
PL25_01356	CDS	336				hypothetical protein
PL25_01357	gene	336				
PL25_01357	CDS	336				hypothetical protein
PL25_01358	gene	117				
PL25_01358	CDS	117				hypothetical protein
PL25_01359	gene	360	sigK_2			
PL25_01359	CDS	360	sigK_2			RNA polymerase sigma-K factor
PL25_01360	gene	237				
PL25_01360	CDS	237				hypothetical protein
PL25_01361	gene	690	mtnN			
PL25_01361	CDS	690	mtnN	3.2.2.9	COG0775	5'-methylthioadenosine/S-adenosylhomocysteine nucleosidase
PL25_01362	gene	684				
PL25_01362	CDS	684				hypothetical protein
PL25_01363	gene	477	greA			
PL25_01363	CDS	477	greA		COG0782	Transcription elongation factor GreA
PL25_01364	gene	642	udk_1			
PL25_01364	CDS	642	udk_1	2.7.1.48		Uridine kinase
PL25_01365	gene	639	trmR			
PL25_01365	CDS	639	trmR	2.1.1.-	COG4122	tRNA 5-hydroxyuridine methyltransferase
PL25_01366	gene	1119	mltG_2			
PL25_01366	CDS	1119	mltG_2	4.2.2.29	COG1559	Endolytic murein transglycosylase
PL25_01367	gene	288				
PL25_01367	CDS	288				hypothetical protein
PL25_01368	gene	414	yrrK			
PL25_01368	CDS	414	yrrK	3.1.-.-	COG0816	Putative pre-16S rRNA nuclease
PL25_01369	gene	273				
PL25_01369	CDS	273				hypothetical protein
PL25_01370	gene	2646	alaS			
PL25_01370	CDS	2646	alaS	6.1.1.7		Alanine--tRNA ligase
PL25_01371	gene	203				
PL25_01371	misc_RNA	203				T-box
PL25_01372	gene	789				
PL25_01372	CDS	789				hypothetical protein
PL25_01373	gene	114				
PL25_01373	CDS	114				hypothetical protein
PL25_01374	gene	564				
PL25_01374	CDS	564				hypothetical protein
PL25_01375	gene	1086				
PL25_01375	CDS	1086				hypothetical protein
PL25_01376	gene	195				
PL25_01376	CDS	195				hypothetical protein
PL25_01377	gene	2310	recD2_2			
PL25_01377	CDS	2310	recD2_2	5.6.2.3	COG0507	ATP-dependent RecD2 DNA helicase
PL25_01378	gene	660	yrrB			
PL25_01378	CDS	660	yrrB		COG0457	TPR repeat-containing protein YrrB
PL25_01379	gene	1113	mnmA			
PL25_01379	CDS	1113	mnmA	2.8.1.13		tRNA-specific 2-thiouridylase MnmA
PL25_01380	gene	1143	iscS_1			
PL25_01380	CDS	1143	iscS_1	2.8.1.7		Cysteine desulfurase IscS
PL25_01381	gene	420	cymR			
PL25_01381	CDS	420	cymR		COG1959	HTH-type transcriptional regulator CymR
PL25_01382	gene	1278	rarA			
PL25_01382	CDS	1278	rarA	3.6.4.-	COG2256	Replication-associated recombination protein A
PL25_01383	gene	666	rsfA			
PL25_01383	CDS	666	rsfA			Prespore-specific transcriptional regulator RsfA
PL25_01384	gene	184				
PL25_01384	misc_RNA	184				6S
PL25_01385	gene	1776	aspS			
PL25_01385	CDS	1776	aspS	6.1.1.12		Aspartate--tRNA ligase
PL25_01386	gene	1269	hisS			
PL25_01386	CDS	1269	hisS	6.1.1.21		Histidine--tRNA ligase
PL25_01387	gene	219				
PL25_01387	misc_RNA	219				T-box
PL25_01388	gene	177				
PL25_01388	CDS	177				hypothetical protein
PL25_01389	gene	1044				
PL25_01389	CDS	1044				hypothetical protein
PL25_01390	gene	447	dtd			
PL25_01390	CDS	447	dtd	3.1.1.96	COG1490	D-aminoacyl-tRNA deacylase
PL25_01391	gene	2202	relA			
PL25_01391	CDS	2202	relA	2.7.6.5	COG0317	GTP pyrophosphokinase
PL25_01392	gene	513	apt			
PL25_01392	CDS	513	apt	2.4.2.7		Adenine phosphoribosyltransferase
PL25_01393	gene	2331	recJ			
PL25_01393	CDS	2331	recJ	3.1.-.-	COG0608	Single-stranded-DNA-specific exonuclease RecJ
PL25_01394	gene	333	lapA			
PL25_01394	CDS	333	lapA			Lipopolysaccharide assembly protein A
PL25_01395	gene	456				
PL25_01395	CDS	456				IS200/IS605 family transposase ISAac3
PL25_01396	gene	2271	secDF			
PL25_01396	CDS	2271	secDF		COG0341	Protein translocase subunit SecDF
PL25_01397	gene	294	comN			
PL25_01397	CDS	294	comN			Post-transcriptional regulator ComN
PL25_01398	gene	1551	spoVB			
PL25_01398	CDS	1551	spoVB		COG2244	Stage V sporulation protein B
PL25_01399	gene	216				
PL25_01399	CDS	216				hypothetical protein
PL25_01400	gene	327				
PL25_01400	CDS	327				hypothetical protein
PL25_01401	gene	1299				
PL25_01401	CDS	1299			COG1055	putative transporter
PL25_01402	gene	387				
PL25_01402	CDS	387				hypothetical protein
PL25_01403	gene	258	yajC			
PL25_01403	CDS	258	yajC		COG1862	Sec translocon accessory complex subunit YajC
PL25_01404	gene	1140	tgt			
PL25_01404	CDS	1140	tgt	2.4.2.29		Queuine tRNA-ribosyltransferase
PL25_01405	gene	1035	queA			
PL25_01405	CDS	1035	queA	2.4.99.17	COG0809	S-adenosylmethionine:tRNA ribosyltransferase-isomerase
PL25_01406	gene	204				
PL25_01406	CDS	204				hypothetical protein
PL25_01407	gene	1014	ruvB			
PL25_01407	CDS	1014	ruvB	3.6.4.-	COG2255	Holliday junction branch migration complex subunit RuvB
PL25_01408	gene	600	ruvA			
PL25_01408	CDS	600	ruvA		COG0632	Holliday junction branch migration complex subunit RuvA
PL25_01409	gene	732				
PL25_01409	CDS	732			COG0217	putative transcriptional regulatory protein
PL25_01410	gene	573				
PL25_01410	CDS	573				hypothetical protein
PL25_01411	gene	741	nadE			
PL25_01411	CDS	741	nadE	6.3.1.5	COG0171	NH(3)-dependent NAD(+) synthetase
PL25_01412	gene	960				
PL25_01412	CDS	960				hypothetical protein
PL25_01413	gene	855				
PL25_01413	CDS	855				hypothetical protein
PL25_01414	gene	855	pheA			
PL25_01414	CDS	855	pheA		COG0077	Bifunctional chorismate mutase/prephenate dehydratase
PL25_01415	gene	1287	obg			
PL25_01415	CDS	1287	obg	3.6.5.-	COG0536	GTPase Obg
PL25_01416	gene	534				
PL25_01416	CDS	534				hypothetical protein
PL25_01417	gene	291	rpmA			
PL25_01417	CDS	291	rpmA		COG0211	Large ribosomal subunit protein bL27
PL25_01418	gene	330	prp			
PL25_01418	CDS	330	prp	3.4.22.-	COG2868	Ribosomal processing cysteine protease Prp
PL25_01419	gene	309	rplU			
PL25_01419	CDS	309	rplU		COG0261	Large ribosomal subunit protein bL21
PL25_01420	gene	73				
PL25_01420	misc_RNA	73				L21_leader
PL25_01421	gene	246				
PL25_01421	CDS	246				hypothetical protein
PL25_01422	gene	363				
PL25_01422	CDS	363				hypothetical protein
PL25_01423	gene	909	yceM			
PL25_01423	CDS	909	yceM	1.-.-.-	COG0673	Putative oxidoreductase YceM
PL25_01424	gene	768				
PL25_01424	CDS	768				hypothetical protein
PL25_01425	gene	429	yugI_1			
PL25_01425	CDS	429	yugI_1		COG1098	General stress protein 13
PL25_01426	gene	870	spoIVFB			
PL25_01426	CDS	870	spoIVFB	3.4.24.-	COG1994	Stage IV sporulation protein FB
PL25_01427	gene	762	spoIVFA			
PL25_01427	CDS	762	spoIVFA		COG0739	Stage IV sporulation protein FA
PL25_01428	gene	801	minD			
PL25_01428	CDS	801	minD		COG2894	Septum site-determining protein MinD
PL25_01429	gene	690	minC			
PL25_01429	CDS	690	minC		COG0850	Septum site-determining protein MinC
PL25_01430	gene	540	mreD			
PL25_01430	CDS	540	mreD		COG2891	Rod shape-determining protein MreD
PL25_01431	gene	903	mreC			
PL25_01431	CDS	903	mreC		COG1792	Cell shape-determining protein MreC
PL25_01432	gene	1041	mreB			
PL25_01432	CDS	1041	mreB		COG1077	Cell shape-determining protein MreB
PL25_01433	gene	354				
PL25_01433	CDS	354				hypothetical protein
PL25_01434	gene	693				
PL25_01434	CDS	693				hypothetical protein
PL25_01435	gene	906				
PL25_01435	CDS	906				hypothetical protein
PL25_01436	gene	1275	fpgS			
PL25_01436	CDS	1275	fpgS	6.3.2.17		Folylpolyglutamate synthase
PL25_01437	gene	906	rimK_1			
PL25_01437	CDS	906	rimK_1	6.3.2.-		Ribosomal protein bS6--L-glutamate ligase
PL25_01438	gene	867	rimK_2			
PL25_01438	CDS	867	rimK_2	6.3.2.-		Ribosomal protein bS6--L-glutamate ligase
PL25_01439	gene	2649	valS			
PL25_01439	CDS	2649	valS	6.1.1.9	COG0525	Valine--tRNA ligase
PL25_01440	gene	256				
PL25_01440	misc_RNA	256				T-box
PL25_01441	gene	1011				
PL25_01441	CDS	1011				hypothetical protein
PL25_01442	gene	1155				
PL25_01442	CDS	1155				hypothetical protein
PL25_01443	gene	1287	hemL			
PL25_01443	CDS	1287	hemL	5.4.3.8	COG0001	Glutamate-1-semialdehyde 2,1-aminomutase
PL25_01444	gene	123	hemB_1			
PL25_01444	CDS	123	hemB_1	4.2.1.24		Delta-aminolevulinic acid dehydratase
PL25_01445	gene	861	hemB_2			
PL25_01445	CDS	861	hemB_2	4.2.1.24		Delta-aminolevulinic acid dehydratase
PL25_01446	gene	762				
PL25_01446	CDS	762				hypothetical protein
PL25_01447	gene	930	hemC			
PL25_01447	CDS	930	hemC	2.5.1.61		Porphobilinogen deaminase
PL25_01448	gene	819	ccsA			
PL25_01448	CDS	819	ccsA			Cytochrome c biogenesis protein CcsA
PL25_01449	gene	1371	hemA_2			
PL25_01449	CDS	1371	hemA_2	1.2.1.70	COG0373	Glutamyl-tRNA reductase
PL25_01450	gene	483				
PL25_01450	CDS	483				hypothetical protein
PL25_01451	gene	747	glnQ_1			
PL25_01451	CDS	747	glnQ_1			Glutamine transport ATP-binding protein GlnQ
PL25_01452	gene	663	artQ_1			
PL25_01452	CDS	663	artQ_1		COG0765	Arginine transport system permease protein ArtQ
PL25_01453	gene	813	tcyJ			
PL25_01453	CDS	813	tcyJ		COG0834	L-cystine-binding protein TcyJ
PL25_01454	gene	588	engB			
PL25_01454	CDS	588	engB		COG0218	putative GTP-binding protein EngB
PL25_01455	gene	2337	lon1			
PL25_01455	CDS	2337	lon1	3.4.21.53	COG0466	Lon protease 1
PL25_01456	gene	1284	clpX			
PL25_01456	CDS	1284	clpX		COG1219	ATP-dependent Clp protease ATP-binding subunit ClpX
PL25_01457	gene	1287	tig			
PL25_01457	CDS	1287	tig	5.2.1.8	COG0544	Trigger factor
PL25_01458	gene	981				
PL25_01458	CDS	981				hypothetical protein
PL25_01459	gene	357				
PL25_01459	CDS	357				hypothetical protein
PL25_01460	gene	477				
PL25_01460	CDS	477				hypothetical protein
PL25_01461	gene	276				
PL25_01461	CDS	276				hypothetical protein
PL25_01462	gene	102				
PL25_01462	CDS	102				hypothetical protein
PL25_01463	gene	360				
PL25_01463	CDS	360				hypothetical protein
PL25_01464	gene	408				
PL25_01464	CDS	408				hypothetical protein
PL25_01465	gene	816				
PL25_01465	CDS	816				hypothetical protein
PL25_01466	gene	474				
PL25_01466	CDS	474				hypothetical protein
PL25_01467	gene	309				
PL25_01467	CDS	309				hypothetical protein
PL25_01468	gene	393				
PL25_01468	CDS	393				hypothetical protein
PL25_01469	gene	720				
PL25_01469	CDS	720		1.-.-.-	COG4221	putative oxidoreductase
PL25_01470	gene	537				
PL25_01470	CDS	537				hypothetical protein
PL25_01471	gene	549				
PL25_01471	CDS	549				hypothetical protein
PL25_01472	gene	594				
PL25_01472	CDS	594				hypothetical protein
PL25_01473	gene	1320				
PL25_01473	CDS	1320				hypothetical protein
PL25_01474	gene	198				
PL25_01474	CDS	198				hypothetical protein
PL25_01475	gene	918				
PL25_01475	CDS	918				hypothetical protein
PL25_01476	gene	399				
PL25_01476	CDS	399				hypothetical protein
PL25_01477	gene	132				
PL25_01477	CDS	132				hypothetical protein
PL25_01478	gene	288				
PL25_01478	CDS	288				hypothetical protein
PL25_01479	gene	2637				
PL25_01479	CDS	2637				hypothetical protein
PL25_01480	gene	969				
PL25_01480	CDS	969				hypothetical protein
PL25_01481	gene	462				
PL25_01481	CDS	462				hypothetical protein
PL25_01482	gene	849				
PL25_01482	CDS	849				hypothetical protein
PL25_01483	gene	3711				
PL25_01483	CDS	3711				hypothetical protein
PL25_01484	gene	165				
PL25_01484	CDS	165				hypothetical protein
PL25_01485	gene	339				
PL25_01485	CDS	339				hypothetical protein
PL25_01486	gene	573				
PL25_01486	CDS	573				hypothetical protein
PL25_01487	gene	390				
PL25_01487	CDS	390				hypothetical protein
PL25_01488	gene	384				
PL25_01488	CDS	384				hypothetical protein
PL25_01489	gene	333				
PL25_01489	CDS	333				hypothetical protein
PL25_01490	gene	297				
PL25_01490	CDS	297				hypothetical protein
PL25_01491	gene	693				
PL25_01491	CDS	693				hypothetical protein
PL25_01492	gene	1197				
PL25_01492	CDS	1197				hypothetical protein
PL25_01493	gene	771	clpP_2			
PL25_01493	CDS	771	clpP_2	3.4.21.92		ATP-dependent Clp protease proteolytic subunit
PL25_01494	gene	252				
PL25_01494	CDS	252				hypothetical protein
PL25_01495	gene	1212				
PL25_01495	CDS	1212				hypothetical protein
PL25_01496	gene	1791				
PL25_01496	CDS	1791				hypothetical protein
PL25_01497	gene	453				
PL25_01497	CDS	453				hypothetical protein
PL25_01498	gene	324				
PL25_01498	CDS	324				hypothetical protein
PL25_01499	gene	390				
PL25_01499	CDS	390				hypothetical protein
PL25_01500	gene	315				
PL25_01500	CDS	315				hypothetical protein
PL25_01501	gene	516				
PL25_01501	CDS	516				hypothetical protein
PL25_01502	gene	1512				
PL25_01502	CDS	1512				hypothetical protein
PL25_01503	gene	687				
PL25_01503	CDS	687				hypothetical protein
PL25_01504	gene	597				
PL25_01504	CDS	597				hypothetical protein
PL25_01505	gene	438				
PL25_01505	CDS	438				hypothetical protein
PL25_01506	gene	1365	ywqA_2			
PL25_01506	CDS	1365	ywqA_2	3.6.4.-	COG0553	Putative ATP-dependent helicase/translocase YwqA
PL25_01507	gene	285				
PL25_01507	CDS	285				hypothetical protein
PL25_01508	gene	2346				
PL25_01508	CDS	2346				hypothetical protein
PL25_01509	gene	1512				
PL25_01509	CDS	1512				hypothetical protein
PL25_01510	gene	351				
PL25_01510	CDS	351				hypothetical protein
PL25_01511	gene	120				
PL25_01511	CDS	120				hypothetical protein
PL25_01512	gene	1953				
PL25_01512	CDS	1953				hypothetical protein
PL25_01513	gene	816				
PL25_01513	CDS	816				hypothetical protein
PL25_01514	gene	117				
PL25_01514	CDS	117				hypothetical protein
PL25_01515	gene	1179				
PL25_01515	CDS	1179				hypothetical protein
PL25_01516	gene	381				
PL25_01516	CDS	381				hypothetical protein
PL25_01517	gene	180				
PL25_01517	CDS	180				hypothetical protein
PL25_01518	gene	588				
PL25_01518	CDS	588				hypothetical protein
PL25_01519	gene	261				
PL25_01519	CDS	261				hypothetical protein
PL25_01520	gene	234				
PL25_01520	CDS	234				hypothetical protein
PL25_01521	gene	225				
PL25_01521	CDS	225				hypothetical protein
PL25_01522	gene	195				
PL25_01522	CDS	195				hypothetical protein
PL25_01523	gene	219				
PL25_01523	CDS	219				hypothetical protein
PL25_01524	gene	393				
PL25_01524	CDS	393				hypothetical protein
PL25_01525	gene	132				
PL25_01525	CDS	132				hypothetical protein
PL25_01526	gene	225				
PL25_01526	CDS	225				hypothetical protein
PL25_01527	gene	1170				
PL25_01527	CDS	1170			COG0582	Putative prophage phiRv2 integrase
PL25_01528	gene	77				
PL25_01528	tRNA	77				tRNA-Arg(tct)
PL25_01529	gene	74				
PL25_01529	tRNA	74				tRNA-Gly(tcc)
PL25_01530	gene	510				
PL25_01530	CDS	510		3.1.4.-		putative metallophosphoesterase MPN_126
PL25_01531	gene	609				
PL25_01531	CDS	609		3.6.1.66		dITP/XTP pyrophosphatase
PL25_01532	gene	768	rph			
PL25_01532	CDS	768	rph	2.7.7.56	COG0689	Ribonuclease PH
PL25_01533	gene	1077	gerM			
PL25_01533	CDS	1077	gerM		COG5401	Spore germination protein GerM
PL25_01534	gene	825	murI			
PL25_01534	CDS	825	murI	5.1.1.3	COG0796	Glutamate racemase
PL25_01535	gene	456				
PL25_01535	CDS	456				hypothetical protein
PL25_01536	gene	225	gerE			
PL25_01536	CDS	225	gerE		COG2197	Spore germination protein GerE
PL25_01537	gene	435				
PL25_01537	CDS	435		3.1.-.-	COG0824	Putative esterase
PL25_01538	gene	765	frdB			
PL25_01538	CDS	765	frdB	1.3.5.1	COG0479	Fumarate reductase iron-sulfur subunit
PL25_01539	gene	1764	sdhA_2			
PL25_01539	CDS	1764	sdhA_2	1.3.5.1	COG1053	Succinate dehydrogenase flavoprotein subunit
PL25_01540	gene	615	sdhC			
PL25_01540	CDS	615	sdhC		COG2009	Succinate dehydrogenase cytochrome b558 subunit
PL25_01541	gene	441	yslB			
PL25_01541	CDS	441	yslB		COG1719	putative protein YslB
PL25_01542	gene	1884	uvrC			
PL25_01542	CDS	1884	uvrC		COG0322	UvrABC system protein C
PL25_01543	gene	315	trxA			
PL25_01543	CDS	315	trxA		COG3118	Thioredoxin
PL25_01544	gene	990	etfA			
PL25_01544	CDS	990	etfA		COG2025	Electron transfer flavoprotein subunit alpha
PL25_01545	gene	774	etfB			
PL25_01545	CDS	774	etfB		COG2086	Electron transfer flavoprotein subunit beta
PL25_01546	gene	774	fadB_1			
PL25_01546	CDS	774	fadB_1	4.2.1.17	COG1024	putative enoyl-CoA hydratase
PL25_01547	gene	585	fadR			
PL25_01547	CDS	585	fadR		COG1309	Fatty acid metabolism regulator protein
PL25_01548	gene	1698	fadD			
PL25_01548	CDS	1698	fadD	6.2.1.3	COG0318	Long-chain-fatty-acid--CoA ligase
PL25_01549	gene	417				
PL25_01549	CDS	417				hypothetical protein
PL25_01550	gene	2340	mutSB			
PL25_01550	CDS	2340	mutSB	3.6.4.-	COG1193	Putative endonuclease MutS2
PL25_01551	gene	1719	polX			
PL25_01551	CDS	1719	polX		COG1387	DNA polymerase/3'-5' exonuclease PolX
PL25_01552	gene	555				
PL25_01552	CDS	555				hypothetical protein
PL25_01553	gene	264	zapA			
PL25_01553	CDS	264	zapA		COG3027	Cell division protein ZapA
PL25_01554	gene	936	rnhC			
PL25_01554	CDS	936	rnhC	3.1.26.4	COG1039	Ribonuclease HIII
PL25_01555	gene	2427	pheT_1			
PL25_01555	CDS	2427	pheT_1	6.1.1.20		Phenylalanine--tRNA ligase beta subunit
PL25_01556	gene	1035	pheS			
PL25_01556	CDS	1035	pheS	6.1.1.20	COG0016	Phenylalanine--tRNA ligase alpha subunit
PL25_01557	gene	738	rlmP			
PL25_01557	CDS	738	rlmP	2.1.1.-	COG0566	23S rRNA (guanosine(2553)-2'-O)-methyltransferase RlmP
PL25_01558	gene	222	sspI			
PL25_01558	CDS	222	sspI			Small, acid-soluble spore protein I
PL25_01559	gene	1566				
PL25_01559	CDS	1566				hypothetical protein
PL25_01560	gene	1224				
PL25_01560	CDS	1224				hypothetical protein
PL25_01561	gene	1143				
PL25_01561	CDS	1143				hypothetical protein
PL25_01562	gene	672	lnrL_1			
PL25_01562	CDS	672	lnrL_1	7.6.2.-	COG1131	Linearmycin resistance ATP-binding protein LnrL
PL25_01563	gene	618	mltF_1			
PL25_01563	CDS	618	mltF_1			Membrane-bound lytic murein transglycosylase F
PL25_01564	gene	663				
PL25_01564	CDS	663				hypothetical protein
PL25_01565	gene	381	insK_1			
PL25_01565	CDS	381	insK_1		COG2801	Putative transposase InsK for insertion sequence element IS150
PL25_01566	gene	528				
PL25_01566	CDS	528				IS3 family transposase ISAba45
PL25_01567	gene	1086	ysdC_1			
PL25_01567	CDS	1086	ysdC_1	3.4.11.-	COG1363	Putative aminopeptidase YsdC
PL25_01568	gene	486				
PL25_01568	CDS	486				hypothetical protein
PL25_01569	gene	387	ysdB			
PL25_01569	CDS	387	ysdB			Sigma-w pathway protein YsdB
PL25_01570	gene	585				
PL25_01570	CDS	585				hypothetical protein
PL25_01571	gene	357	rplT			
PL25_01571	CDS	357	rplT		COG0292	Large ribosomal subunit protein bL20
PL25_01572	gene	198	rpmI			
PL25_01572	CDS	198	rpmI		COG0291	Large ribosomal subunit protein bL35
PL25_01573	gene	522	infC			
PL25_01573	CDS	522	infC			Translation initiation factor IF-3
PL25_01574	gene	123				
PL25_01574	misc_RNA	123				L20_leader
PL25_01575	gene	291	atl			
PL25_01575	CDS	291	atl		COG3695	DNA base-flipping protein
PL25_01576	gene	747				
PL25_01576	CDS	747				hypothetical protein
PL25_01577	gene	1941	thrS			
PL25_01577	CDS	1941	thrS	6.1.1.3	COG0441	Threonine--tRNA ligase 1
PL25_01578	gene	858				
PL25_01578	CDS	858				hypothetical protein
PL25_01579	gene	1026	aroA_1			
PL25_01579	CDS	1026	aroA_1		COG1605	Protein AroA(G)
PL25_01580	gene	693	sfp_1			
PL25_01580	CDS	693	sfp_1	2.7.8.7		4'-phosphopantetheinyl transferase Sfp
PL25_01581	gene	186	mbtH			
PL25_01581	CDS	186	mbtH		COG3251	Protein MbtH
PL25_01582	gene	7149	dhbF			
PL25_01582	CDS	7149	dhbF	6.2.1.66	COG1020	Dimodular nonribosomal peptide synthase
PL25_01583	gene	894	dhbB			
PL25_01583	CDS	894	dhbB	3.3.2.1	COG1535	Isochorismatase
PL25_01584	gene	1614	dhbE			
PL25_01584	CDS	1614	dhbE	6.2.1.71	COG1021	2,3-dihydroxybenzoate-AMP ligase
PL25_01585	gene	1182	dhbC			
PL25_01585	CDS	1182	dhbC	5.4.4.2	COG1169	Isochorismate synthase DhbC
PL25_01586	gene	786	dhbA			
PL25_01586	CDS	786	dhbA	1.3.1.28	COG1028	2,3-dihydro-2,3-dihydroxybenzoate dehydrogenase
PL25_01587	gene	927	dnaI			
PL25_01587	CDS	927	dnaI	3.6.4.-	COG1484	Replicative helicase loader DnaI
PL25_01588	gene	1344	dnaB			
PL25_01588	CDS	1344	dnaB		COG3611	Replicative helicase loading/DNA remodeling protein DnaB
PL25_01589	gene	471	nrdR			
PL25_01589	CDS	471	nrdR		COG1327	Transcriptional repressor NrdR
PL25_01590	gene	399				
PL25_01590	CDS	399				hypothetical protein
PL25_01591	gene	1230				
PL25_01591	CDS	1230			COG3385	IS4 family transposase ISDre1
PL25_01592	gene	381	speH			
PL25_01592	CDS	381	speH	4.1.1.50	COG1586	S-adenosylmethionine decarboxylase proenzyme
PL25_01593	gene	1032	gapB			
PL25_01593	CDS	1032	gapB	1.2.1.59	COG0057	Glyceraldehyde-3-phosphate dehydrogenase 2
PL25_01594	gene	600	coaE_1			
PL25_01594	CDS	600	coaE_1	2.7.1.24		Dephospho-CoA kinase
PL25_01595	gene	834	mutM			
PL25_01595	CDS	834	mutM	3.2.2.23		Formamidopyrimidine-DNA glycosylase
PL25_01596	gene	2673	polA			
PL25_01596	CDS	2673	polA	2.7.7.7		DNA polymerase I
PL25_01597	gene	1380	phoR			
PL25_01597	CDS	1380	phoR	2.7.13.3	COG5002	Alkaline phosphatase synthesis sensor protein PhoR
PL25_01598	gene	693	phoP			
PL25_01598	CDS	693	phoP		COG0745	Alkaline phosphatase synthesis transcriptional regulatory protein PhoP
PL25_01599	gene	477				
PL25_01599	CDS	477				hypothetical protein
PL25_01600	gene	939	mdh			
PL25_01600	CDS	939	mdh	1.1.1.37	COG0039	Malate dehydrogenase
PL25_01601	gene	1272	icd			
PL25_01601	CDS	1272	icd	1.1.1.42	COG0538	Isocitrate dehydrogenase [NADP]
PL25_01602	gene	1119	citZ			
PL25_01602	CDS	1119	citZ	2.3.3.16	COG0372	Citrate synthase 2
PL25_01603	gene	1107				
PL25_01603	CDS	1107				Sodium-lithium/proton antiporter
PL25_01604	gene	390				
PL25_01604	CDS	390				hypothetical protein
PL25_01605	gene	1761	pyk			
PL25_01605	CDS	1761	pyk	2.7.1.40	COG0469	Pyruvate kinase
PL25_01606	gene	960	pfkA			
PL25_01606	CDS	960	pfkA	2.7.1.11		ATP-dependent 6-phosphofructokinase
PL25_01607	gene	957	accA			
PL25_01607	CDS	957	accA	2.1.3.15	COG0825	Acetyl-coenzyme A carboxylase carboxyl transferase subunit alpha
PL25_01608	gene	861	accD			
PL25_01608	CDS	861	accD	2.1.3.15	COG0777	Acetyl-coenzyme A carboxylase carboxyl transferase subunit beta
PL25_01609	gene	624	nanR_1			
PL25_01609	CDS	624	nanR_1			HTH-type transcriptional repressor NanR
PL25_01610	gene	1239	ytsJ			
PL25_01610	CDS	1239	ytsJ	1.1.1.40	COG0281	Bifunctional malic/malolactic enzyme
PL25_01611	gene	3366	dnaE			
PL25_01611	CDS	3366	dnaE	2.7.7.7	COG0587	DNA polymerase III subunit alpha
PL25_01612	gene	333	ytrH			
PL25_01612	CDS	333	ytrH			Sporulation membrane protein YtrH
PL25_01613	gene	504	ytrI			
PL25_01613	CDS	504	ytrI			Sporulation membrane protein YtrI
PL25_01614	gene	198				
PL25_01614	CDS	198				hypothetical protein
PL25_01615	gene	945	nrnA			
PL25_01615	CDS	945	nrnA	3.1.-.-	COG0618	Bifunctional oligoribonuclease and PAP phosphatase NrnA
PL25_01616	gene	294				
PL25_01616	CDS	294				hypothetical protein
PL25_01617	gene	1323	guaB1			
PL25_01617	CDS	1323	guaB1	1.7.1.7		GMP reductase
PL25_01618	gene	231				
PL25_01618	CDS	231				hypothetical protein
PL25_01619	gene	753	comC			
PL25_01619	CDS	753	comC		COG1989	Prepilin leader peptidase/N-methyltransferase
PL25_01620	gene	681				
PL25_01620	CDS	681				hypothetical protein
PL25_01621	gene	1098				
PL25_01621	CDS	1098		3.4.-.-		putative peptidase
PL25_01622	gene	1119	ald_1			
PL25_01622	CDS	1119	ald_1	1.4.1.1		Alanine dehydrogenase
PL25_01623	gene	177				
PL25_01623	CDS	177				hypothetical protein
PL25_01624	gene	429				
PL25_01624	CDS	429				Putative universal stress protein
PL25_01625	gene	516	moaB			
PL25_01625	CDS	516	moaB			Molybdenum cofactor biosynthesis protein B
PL25_01626	gene	1191	ackA			
PL25_01626	CDS	1191	ackA	2.7.2.1	COG0282	Acetate kinase
PL25_01627	gene	1002				
PL25_01627	CDS	1002				hypothetical protein
PL25_01628	gene	501	tpx			
PL25_01628	CDS	501	tpx	1.11.1.24	COG2077	Thiol peroxidase
PL25_01629	gene	474	ytfJ			
PL25_01629	CDS	474	ytfJ		COG3874	putative spore protein YtfJ
PL25_01630	gene	600				
PL25_01630	CDS	600				hypothetical protein
PL25_01631	gene	801	nadK			
PL25_01631	CDS	801	nadK	2.7.1.23	COG0061	NAD kinase
PL25_01632	gene	1611	nfdA_1			
PL25_01632	CDS	1611	nfdA_1	3.5.1.91		N-substituted formamide deformylase
PL25_01633	gene	201	sasP-C_1			
PL25_01633	CDS	201	sasP-C_1			Small, acid-soluble spore protein C
PL25_01634	gene	1200	thiI			
PL25_01634	CDS	1200	thiI	2.8.1.4	COG0301	putative tRNA sulfurtransferase
PL25_01635	gene	1140	iscS_2			
PL25_01635	CDS	1140	iscS_2	2.8.1.7	COG1104	Cysteine desulfurase IscS
PL25_01636	gene	1692	ezrA			
PL25_01636	CDS	1692	ezrA		COG4477	Septation ring formation regulator EzrA
PL25_01637	gene	642	yttP			
PL25_01637	CDS	642	yttP		COG1309	putative HTH-type transcriptional regulator YttP
PL25_01638	gene	483	msrC			
PL25_01638	CDS	483	msrC	1.8.4.14	COG1956	Free methionine-R-sulfoxide reductase
PL25_01639	gene	1812				
PL25_01639	CDS	1812				hypothetical protein
PL25_01640	gene	603	rpsD			
PL25_01640	CDS	603	rpsD		COG0522	Small ribosomal subunit protein uS4
PL25_01641	gene	1533	dabB			
PL25_01641	CDS	1533	dabB			inorganic carbon transporter subunit DabB
PL25_01642	gene	2625	dabA2			
PL25_01642	CDS	2625	dabA2		COG3002	putative inorganic carbon transporter subunit DabA2
PL25_01643	gene	519				
PL25_01643	CDS	519				hypothetical protein
PL25_01644	gene	375				
PL25_01644	CDS	375				hypothetical protein
PL25_01645	gene	399				
PL25_01645	CDS	399				hypothetical protein
PL25_01646	gene	1197				
PL25_01646	CDS	1197				hypothetical protein
PL25_01647	gene	1269	tyrS1			
PL25_01647	CDS	1269	tyrS1	6.1.1.1	COG0162	Tyrosine--tRNA ligase 1
PL25_01648	gene	212				
PL25_01648	misc_RNA	212				T-box
PL25_01649	gene	2994	mtgA			
PL25_01649	CDS	2994	mtgA	2.4.99.28		Biosynthetic peptidoglycan transglycosylase
PL25_01650	gene	216				
PL25_01650	CDS	216				hypothetical protein
PL25_01651	gene	654	acuA			
PL25_01651	CDS	654	acuA	2.3.1.-	COG0454	Acetoin utilization protein AcuA
PL25_01652	gene	654	acuB			
PL25_01652	CDS	654	acuB		COG0517	Acetoin utilization protein AcuB
PL25_01653	gene	1161	acuC			
PL25_01653	CDS	1161	acuC			Acetoin utilization protein AcuC
PL25_01654	gene	801	motB_1			
PL25_01654	CDS	801	motB_1		COG1360	Motility protein B
PL25_01655	gene	825	pomA			
PL25_01655	CDS	825	pomA		COG1291	Chemotaxis protein PomA
PL25_01656	gene	114				
PL25_01656	CDS	114				hypothetical protein
PL25_01657	gene	996	ccpA_1			
PL25_01657	CDS	996	ccpA_1			Catabolite control protein A
PL25_01658	gene	1071	aroA_2			
PL25_01658	CDS	1071	aroA_2		COG1605	Protein AroA(G)
PL25_01659	gene	2130	ftsA_2			
PL25_01659	CDS	2130	ftsA_2			Cell division protein FtsA
PL25_01660	gene	216				
PL25_01660	CDS	216				hypothetical protein
PL25_01661	gene	420				
PL25_01661	CDS	420				hypothetical protein
PL25_01662	gene	405				
PL25_01662	CDS	405				hypothetical protein
PL25_01663	gene	216				
PL25_01663	CDS	216				hypothetical protein
PL25_01664	gene	1302	murC			
PL25_01664	CDS	1302	murC	6.3.2.8		UDP-N-acetylmuramate--L-alanine ligase
PL25_01665	gene	1122				
PL25_01665	CDS	1122				hypothetical protein
PL25_01666	gene	2370				
PL25_01666	CDS	2370				hypothetical protein
PL25_01667	gene	603	pheT_2			
PL25_01667	CDS	603	pheT_2	6.1.1.20		Phenylalanine--tRNA ligase beta subunit
PL25_01668	gene	807				
PL25_01668	CDS	807				hypothetical protein
PL25_01669	gene	321	ytpP			
PL25_01669	CDS	321	ytpP		COG0526	Thioredoxin-like protein YtpP
PL25_01670	gene	513				
PL25_01670	CDS	513				hypothetical protein
PL25_01671	gene	1284				
PL25_01671	CDS	1284				IS110 family transposase IS653
PL25_01672	gene	441	ytoQ			
PL25_01672	CDS	441	ytoQ			putative protein YtoQ
PL25_01673	gene	501	yjjX			
PL25_01673	CDS	501	yjjX	3.6.1.73	COG1986	Inosine/xanthosine triphosphatase
PL25_01674	gene	1068	ysdC_2			
PL25_01674	CDS	1068	ysdC_2	3.4.11.-	COG1363	Putative aminopeptidase YsdC
PL25_01675	gene	315				
PL25_01675	CDS	315				hypothetical protein
PL25_01676	gene	843	ytnP			
PL25_01676	CDS	843	ytnP	3.1.1.-	COG0491	putative quorum-quenching lactonase YtnP
PL25_01677	gene	654	trmB			
PL25_01677	CDS	654	trmB	2.1.1.33	COG0220	tRNA (guanine-N(7)-)-methyltransferase
PL25_01678	gene	288				
PL25_01678	CDS	288				hypothetical protein
PL25_01679	gene	819	ccrZ			
PL25_01679	CDS	819	ccrZ	2.7.1.15	COG0510	Cell cycle regulator CcrZ
PL25_01680	gene	930				
PL25_01680	CDS	930				hypothetical protein
PL25_01681	gene	588	ytlP			
PL25_01681	CDS	588	ytlP	3.1.4.58	COG1514	RNA 2',3'-cyclic phosphodiesterase
PL25_01682	gene	717	rluB_2			
PL25_01682	CDS	717	rluB_2	5.4.99.22	COG1187	Ribosomal large subunit pseudouridine synthase B
PL25_01683	gene	1617	murJ_1			
PL25_01683	CDS	1617	murJ_1		COG2244	Lipid II flippase MurJ
PL25_01684	gene	1269	aao(So)			
PL25_01684	CDS	1269	aao(So)	1.-.-.-		Aminoacetone oxidase
PL25_01685	gene	198				
PL25_01685	CDS	198				hypothetical protein
PL25_01686	gene	1176	sstT			
PL25_01686	CDS	1176	sstT			Serine/threonine transporter SstT
PL25_01687	gene	116				
PL25_01687	rRNA	116				5S ribosomal RNA
PL25_01688	gene	2919				
PL25_01688	rRNA	2919				23S ribosomal RNA
PL25_01689	gene	68				
PL25_01689	misc_RNA	68				Bacillaceae-1
PL25_01690	gene	1566				
PL25_01690	rRNA	1566				16S ribosomal RNA
PL25_01691	gene	309				
PL25_01691	CDS	309		2.8.1.-	COG0607	Sulfurtransferase
PL25_01692	gene	747				
PL25_01692	CDS	747				hypothetical protein
PL25_01693	gene	2412	leuS			
PL25_01693	CDS	2412	leuS	6.1.1.4		Leucine--tRNA ligase
PL25_01694	gene	213				
PL25_01694	misc_RNA	213				T-box
PL25_01695	gene	564	mnmM			
PL25_01695	CDS	564	mnmM	2.1.1.61	COG2519	tRNA (mnm(5)s(2)U34)-methyltransferase
PL25_01696	gene	1083	ytpB			
PL25_01696	CDS	1083	ytpB	4.2.3.130		Tetraprenyl-beta-curcumene synthase
PL25_01697	gene	522				
PL25_01697	CDS	522		4.2.1.1	COG0663	Carbonic anhydrase
PL25_01698	gene	1197	metK			
PL25_01698	CDS	1197	metK	2.5.1.6		S-adenosylmethionine synthase
PL25_01699	gene	111				
PL25_01699	misc_RNA	111				SAM
PL25_01700	gene	1587	pckA			
PL25_01700	CDS	1587	pckA	4.1.1.49		Phosphoenolpyruvate carboxykinase (ATP)
PL25_01701	gene	990				
PL25_01701	CDS	990				hypothetical protein
PL25_01702	gene	810	nrtD_1			
PL25_01702	CDS	810	nrtD_1	7.3.2.4	COG1116	Nitrate import ATP-binding protein NrtD
PL25_01703	gene	813	ssuC_1			
PL25_01703	CDS	813	ssuC_1		COG0600	Putative aliphatic sulfonates transport permease protein SsuC
PL25_01704	gene	468	ytkD			
PL25_01704	CDS	468	ytkD	3.6.1.55	COG0494	Putative 8-oxo-dGTP diphosphatase YtkD
PL25_01705	gene	540				
PL25_01705	CDS	540				hypothetical protein
PL25_01706	gene	321				
PL25_01706	CDS	321				hypothetical protein
PL25_01707	gene	819	yusV_1			
PL25_01707	CDS	819	yusV_1		COG1120	putative siderophore transport system ATP-binding protein YusV
PL25_01708	gene	1476	menE			
PL25_01708	CDS	1476	menE	6.2.1.26	COG0318	2-succinylbenzoate--CoA ligase
PL25_01709	gene	819	menB_1			
PL25_01709	CDS	819	menB_1	4.1.3.36	COG0447	1,4-dihydroxy-2-naphthoyl-CoA synthase
PL25_01710	gene	819	menH_1			
PL25_01710	CDS	819	menH_1	4.2.99.20	COG0596	2-succinyl-6-hydroxy-2,4-cyclohexadiene-1-carboxylate synthase
PL25_01711	gene	1737	menD			
PL25_01711	CDS	1737	menD	2.2.1.9	COG1165	2-succinyl-5-enolpyruvyl-6-hydroxy-3-cyclohexene-1-carboxylate synthase
PL25_01712	gene	1389	pchA			
PL25_01712	CDS	1389	pchA	5.4.4.2		Salicylate biosynthesis isochorismate synthase
PL25_01713	gene	936	menA			
PL25_01713	CDS	936	menA	2.5.1.74	COG1575	1,4-dihydroxy-2-naphthoate octaprenyltransferase
PL25_01714	gene	390	menI			
PL25_01714	CDS	390	menI	3.1.2.28		1,4-dihydroxy-2-naphthoyl-CoA hydrolase
PL25_01715	gene	588	fmnP			
PL25_01715	CDS	588	fmnP		COG3601	Riboflavin transporter FmnP
PL25_01716	gene	149				
PL25_01716	misc_RNA	149				FMN
PL25_01717	gene	4329	bpr_1			
PL25_01717	CDS	4329	bpr_1	3.4.21.-	COG1404	Bacillopeptidase F
PL25_01718	gene	1062	ysdC_3			
PL25_01718	CDS	1062	ysdC_3	3.4.11.-	COG1363	Putative aminopeptidase YsdC
PL25_01719	gene	567				
PL25_01719	CDS	567				hypothetical protein
PL25_01720	gene	1005				
PL25_01720	CDS	1005				hypothetical protein
PL25_01721	gene	411				
PL25_01721	CDS	411				hypothetical protein
PL25_01722	gene	375	yugI_2			
PL25_01722	CDS	375	yugI_2		COG1098	General stress protein 13
PL25_01723	gene	240				
PL25_01723	CDS	240				hypothetical protein
PL25_01724	gene	1347	pgi			
PL25_01724	CDS	1347	pgi	5.3.1.9	COG0166	Glucose-6-phosphate isomerase
PL25_01725	gene	1170	patB			
PL25_01725	CDS	1170	patB	4.4.1.13	COG1168	Cystathionine beta-lyase PatB
PL25_01726	gene	570				
PL25_01726	CDS	570				hypothetical protein
PL25_01727	gene	189				
PL25_01727	CDS	189				hypothetical protein
PL25_01728	gene	387	kapB			
PL25_01728	CDS	387	kapB			Kinase-associated lipoprotein B
PL25_01729	gene	264	ptsH			
PL25_01729	CDS	264	ptsH		COG1925	Phosphocarrier protein HPr
PL25_01730	gene	708	deoD			
PL25_01730	CDS	708	deoD	2.4.2.1		Purine nucleoside phosphorylase DeoD-type
PL25_01731	gene	594				
PL25_01731	CDS	594				hypothetical protein
PL25_01732	gene	477				
PL25_01732	CDS	477				hypothetical protein
PL25_01733	gene	699	yuiC			
PL25_01733	CDS	699	yuiC		COG3584	putative protein YuiC
PL25_01734	gene	312				
PL25_01734	CDS	312				hypothetical protein
PL25_01735	gene	1218				
PL25_01735	CDS	1218		1.6.5.9	COG1252	Type II NADH:quinone oxidoreductase
PL25_01736	gene	987	yumC_1			
PL25_01736	CDS	987	yumC_1	1.18.1.2	COG0492	Ferredoxin--NADP reductase 2
PL25_01737	gene	357				
PL25_01737	CDS	357			COG0316	Protein
PL25_01738	gene	858	dapF			
PL25_01738	CDS	858	dapF	5.1.1.7	COG0253	Diaminopimelate epimerase
PL25_01739	gene	327				
PL25_01739	CDS	327				hypothetical protein
PL25_01740	gene	225	nfuA			
PL25_01740	CDS	225	nfuA			Fe/S biogenesis protein NfuA
PL25_01741	gene	966	ghrB_1			
PL25_01741	CDS	966	ghrB_1	1.1.1.79	COG1052	Glyoxylate/hydroxypyruvate reductase B
PL25_01742	gene	972				
PL25_01742	CDS	972				hypothetical protein
PL25_01743	gene	507	ypjQ			
PL25_01743	CDS	507	ypjQ		COG1267	putative protein YpjQ
PL25_01744	gene	774	yutF			
PL25_01744	CDS	774	yutF	3.1.3.5	COG0647	5'-nucleotidase YutF
PL25_01745	gene	633				
PL25_01745	CDS	633				hypothetical protein
PL25_01746	gene	441	yutE			
PL25_01746	CDS	441	yutE	3.1.-.-	COG2445	Putative RNase YutE
PL25_01747	gene	270				
PL25_01747	CDS	270				hypothetical protein
PL25_01748	gene	1443	gatA_1			
PL25_01748	CDS	1443	gatA_1	6.3.5.7	COG0154	Glutamyl-tRNA(Gln) amidotransferase subunit A
PL25_01749	gene	276				
PL25_01749	CDS	276				hypothetical protein
PL25_01750	gene	276	yutD			
PL25_01750	CDS	276	yutD		COG4470	Putative antitoxin YutD
PL25_01751	gene	567				
PL25_01751	CDS	567				hypothetical protein
PL25_01752	gene	966	lytH			
PL25_01752	CDS	966	lytH	3.4.-.-	COG0739	L-Ala--D-Glu endopeptidase
PL25_01753	gene	108				
PL25_01753	CDS	108				hypothetical protein
PL25_01754	gene	1539				
PL25_01754	CDS	1539				hypothetical protein
PL25_01755	gene	1551				
PL25_01755	CDS	1551				hypothetical protein
PL25_01756	gene	179				
PL25_01756	misc_RNA	179				Lysine
PL25_01757	gene	780	yunB			
PL25_01757	CDS	780	yunB			Sporulation protein YunB
PL25_01758	gene	1086				
PL25_01758	CDS	1086				hypothetical protein
PL25_01759	gene	303				
PL25_01759	CDS	303				hypothetical protein
PL25_01760	gene	1398	mggB			
PL25_01760	CDS	1398	mggB	3.1.3.-	COG0737	Mannosylglucosyl-3-phosphoglycerate phosphatase
PL25_01761	gene	819				
PL25_01761	CDS	819				hypothetical protein
PL25_01762	gene	987	feuA			
PL25_01762	CDS	987	feuA		COG0614	Iron-uptake system-binding protein
PL25_01763	gene	1308	scmK			
PL25_01763	CDS	1308	scmK	1.14.13.-	COG2141	N-acetyl-S-(2-succino)cysteine monooxygenase
PL25_01764	gene	759				
PL25_01764	CDS	759				hypothetical protein
PL25_01765	gene	666				
PL25_01765	CDS	666				hypothetical protein
PL25_01766	gene	1092				
PL25_01766	CDS	1092				hypothetical protein
PL25_01767	gene	900	bglK_1			
PL25_01767	CDS	900	bglK_1	2.7.1.85		Beta-glucoside kinase
PL25_01768	gene	1386	gmuD_1			
PL25_01768	CDS	1386	gmuD_1	3.2.1.86	COG2723	6-phospho-beta-glucosidase GmuD
PL25_01769	gene	804	murR			
PL25_01769	CDS	804	murR			HTH-type transcriptional regulator MurR
PL25_01770	gene	2640	mngB_1			
PL25_01770	CDS	2640	mngB_1	3.2.1.-	COG0383	Mannosylglycerate hydrolase
PL25_01771	gene	456	fruA_2			
PL25_01771	CDS	456	fruA_2		COG1299	PTS system fructose-specific EIIABC component
PL25_01772	gene	1467	fruA_3			
PL25_01772	CDS	1467	fruA_3		COG1299	PTS system fructose-specific EIIB'BC component
PL25_01773	gene	558				
PL25_01773	CDS	558				hypothetical protein
PL25_01774	gene	804				
PL25_01774	CDS	804				hypothetical protein
PL25_01775	gene	189				
PL25_01775	CDS	189				hypothetical protein
PL25_01776	gene	333				
PL25_01776	CDS	333				hypothetical protein
PL25_01777	gene	312				
PL25_01777	CDS	312				hypothetical protein
PL25_01778	gene	228				
PL25_01778	CDS	228				hypothetical protein
PL25_01779	gene	225				
PL25_01779	CDS	225				hypothetical protein
PL25_01780	gene	1908	asnB_1			
PL25_01780	CDS	1908	asnB_1	6.3.5.4	COG0367	Asparagine synthetase [glutamine-hydrolyzing] 1
PL25_01781	gene	537				
PL25_01781	CDS	537				hypothetical protein
PL25_01782	gene	222				
PL25_01782	CDS	222				hypothetical protein
PL25_01783	gene	990	tdh			
PL25_01783	CDS	990	tdh	1.1.1.103		L-threonine 3-dehydrogenase
PL25_01784	gene	306				
PL25_01784	CDS	306				hypothetical protein
PL25_01785	gene	288				
PL25_01785	CDS	288				hypothetical protein
PL25_01786	gene	210				
PL25_01786	CDS	210				hypothetical protein
PL25_01787	gene	216				
PL25_01787	CDS	216				hypothetical protein
PL25_01788	gene	252				
PL25_01788	CDS	252				hypothetical protein
PL25_01789	gene	882				
PL25_01789	CDS	882				hypothetical protein
PL25_01790	gene	768				
PL25_01790	CDS	768				hypothetical protein
PL25_01791	gene	192				
PL25_01791	CDS	192				hypothetical protein
PL25_01792	gene	318				
PL25_01792	CDS	318				hypothetical protein
PL25_01793	gene	528				
PL25_01793	CDS	528				IS1595 family transposase ISSpgl1
PL25_01794	gene	600				
PL25_01794	CDS	600				hypothetical protein
PL25_01795	gene	165				
PL25_01795	CDS	165				hypothetical protein
PL25_01796	gene	663				
PL25_01796	CDS	663				hypothetical protein
PL25_01797	gene	672				
PL25_01797	CDS	672				hypothetical protein
PL25_01798	gene	276				
PL25_01798	CDS	276				hypothetical protein
PL25_01799	gene	213				
PL25_01799	CDS	213				hypothetical protein
PL25_01800	gene	138				
PL25_01800	CDS	138				hypothetical protein
PL25_01801	gene	201				
PL25_01801	CDS	201				hypothetical protein
PL25_01802	gene	555				
PL25_01802	CDS	555				hypothetical protein
PL25_01803	gene	192				
PL25_01803	CDS	192				hypothetical protein
PL25_01804	gene	912				
PL25_01804	CDS	912				hypothetical protein
PL25_01805	gene	228				
PL25_01805	CDS	228				hypothetical protein
PL25_01806	gene	192				
PL25_01806	CDS	192				hypothetical protein
PL25_01807	gene	183				
PL25_01807	CDS	183				hypothetical protein
PL25_01808	gene	393				
PL25_01808	CDS	393				hypothetical protein
PL25_01809	gene	2229				
PL25_01809	CDS	2229				hypothetical protein
PL25_01810	gene	1686				
PL25_01810	CDS	1686				hypothetical protein
PL25_01811	gene	840				
PL25_01811	CDS	840				hypothetical protein
PL25_01812	gene	3921				
PL25_01812	CDS	3921				hypothetical protein
PL25_01813	gene	333				
PL25_01813	CDS	333				hypothetical protein
PL25_01814	gene	960				
PL25_01814	CDS	960				hypothetical protein
PL25_01815	gene	618				
PL25_01815	CDS	618				hypothetical protein
PL25_01816	gene	402				
PL25_01816	CDS	402				hypothetical protein
PL25_01817	gene	396				
PL25_01817	CDS	396				hypothetical protein
PL25_01818	gene	339				
PL25_01818	CDS	339				hypothetical protein
PL25_01819	gene	318				
PL25_01819	CDS	318				hypothetical protein
PL25_01820	gene	1296				
PL25_01820	CDS	1296				hypothetical protein
PL25_01821	gene	588				
PL25_01821	CDS	588				hypothetical protein
PL25_01822	gene	1236				
PL25_01822	CDS	1236				hypothetical protein
PL25_01823	gene	198				
PL25_01823	CDS	198				hypothetical protein
PL25_01824	gene	201				
PL25_01824	CDS	201				hypothetical protein
PL25_01825	gene	1728				
PL25_01825	CDS	1728				hypothetical protein
PL25_01826	gene	252				
PL25_01826	CDS	252				hypothetical protein
PL25_01827	gene	498				
PL25_01827	CDS	498				hypothetical protein
PL25_01828	gene	366				
PL25_01828	CDS	366				hypothetical protein
PL25_01829	gene	387				
PL25_01829	CDS	387				hypothetical protein
PL25_01830	gene	525				
PL25_01830	CDS	525				hypothetical protein
PL25_01831	gene	93				
PL25_01831	CDS	93				hypothetical protein
PL25_01832	gene	348				
PL25_01832	CDS	348				hypothetical protein
PL25_01833	gene	1362	ywqA_3			
PL25_01833	CDS	1362	ywqA_3	3.6.4.-	COG0553	Putative ATP-dependent helicase/translocase YwqA
PL25_01834	gene	285				
PL25_01834	CDS	285				hypothetical protein
PL25_01835	gene	2328				
PL25_01835	CDS	2328				hypothetical protein
PL25_01836	gene	1512				
PL25_01836	CDS	1512				hypothetical protein
PL25_01837	gene	351				
PL25_01837	CDS	351				hypothetical protein
PL25_01838	gene	198				
PL25_01838	CDS	198				hypothetical protein
PL25_01839	gene	114				
PL25_01839	CDS	114				hypothetical protein
PL25_01840	gene	1953				
PL25_01840	CDS	1953				hypothetical protein
PL25_01841	gene	816				
PL25_01841	CDS	816				hypothetical protein
PL25_01842	gene	117				
PL25_01842	CDS	117				hypothetical protein
PL25_01843	gene	1179				
PL25_01843	CDS	1179				hypothetical protein
PL25_01844	gene	381				
PL25_01844	CDS	381				hypothetical protein
PL25_01845	gene	180				
PL25_01845	CDS	180				hypothetical protein
PL25_01846	gene	273				
PL25_01846	CDS	273				hypothetical protein
PL25_01847	gene	588				
PL25_01847	CDS	588				hypothetical protein
PL25_01848	gene	261				
PL25_01848	CDS	261				hypothetical protein
PL25_01849	gene	381				
PL25_01849	CDS	381				hypothetical protein
PL25_01850	gene	222				
PL25_01850	CDS	222				hypothetical protein
PL25_01851	gene	225				
PL25_01851	CDS	225				hypothetical protein
PL25_01852	gene	210				
PL25_01852	CDS	210				hypothetical protein
PL25_01853	gene	738				
PL25_01853	CDS	738				hypothetical protein
PL25_01854	gene	273				
PL25_01854	CDS	273				hypothetical protein
PL25_01855	gene	225				
PL25_01855	CDS	225				hypothetical protein
PL25_01856	gene	378				
PL25_01856	CDS	378				hypothetical protein
PL25_01857	gene	462				
PL25_01857	CDS	462				hypothetical protein
PL25_01858	gene	1134	xerC_3			
PL25_01858	CDS	1134	xerC_3			Tyrosine recombinase XerC
PL25_01859	gene	144				
PL25_01859	CDS	144				Iron-sulfur cluster assembly SufBD family protein
PL25_01860	gene	1254				
PL25_01860	CDS	1254				Iron-sulfur cluster assembly SufBD family protein
PL25_01861	gene	432	sufU			
PL25_01861	CDS	432	sufU	2.-.-.-	COG0822	Zinc-dependent sulfurtransferase SufU
PL25_01862	gene	1221	sufS			
PL25_01862	CDS	1221	sufS	2.8.1.7	COG0520	Cysteine desulfurase SufS
PL25_01863	gene	1308				
PL25_01863	CDS	1308				Iron-sulfur cluster assembly SufBD family protein
PL25_01864	gene	786	sufC			
PL25_01864	CDS	786	sufC		COG0396	Vegetative protein 296
PL25_01865	gene	171				
PL25_01865	CDS	171				hypothetical protein
PL25_01866	gene	831	metQ_1			
PL25_01866	CDS	831	metQ_1		COG1464	Methionine-binding lipoprotein MetQ
PL25_01867	gene	669	metP_1			
PL25_01867	CDS	669	metP_1		COG2011	Methionine import system permease protein MetP
PL25_01868	gene	1032	metN_1			
PL25_01868	CDS	1032	metN_1	7.4.2.11	COG1135	Methionine import ATP-binding protein MetN
PL25_01869	gene	111				
PL25_01869	misc_RNA	111				SAM
PL25_01870	gene	315				
PL25_01870	CDS	315				hypothetical protein
PL25_01871	gene	357	rnmV_1			
PL25_01871	CDS	357	rnmV_1	3.1.26.8		Ribonuclease M5
PL25_01872	gene	384	gcvH			
PL25_01872	CDS	384	gcvH		COG0509	Glycine cleavage system H protein
PL25_01873	gene	357	spx_1			
PL25_01873	CDS	357	spx_1		COG1393	Global transcriptional regulator Spx
PL25_01874	gene	219				
PL25_01874	CDS	219				hypothetical protein
PL25_01875	gene	1791	fadE_1			
PL25_01875	CDS	1791	fadE_1	1.3.99.-	COG1960	putative acyl-CoA dehydrogenase
PL25_01876	gene	1176	fadA			
PL25_01876	CDS	1176	fadA	2.3.1.16	COG0183	3-ketoacyl-CoA thiolase
PL25_01877	gene	2400	fadN			
PL25_01877	CDS	2400	fadN	1.1.1.35	COG1024	putative 3-hydroxyacyl-CoA dehydrogenase
PL25_01878	gene	921	fadM			
PL25_01878	CDS	921	fadM	1.5.5.2		Proline dehydrogenase 1
PL25_01879	gene	963	adcA_1			
PL25_01879	CDS	963	adcA_1		COG0803	Zinc-binding lipoprotein AdcA
PL25_01880	gene	756	znuC			
PL25_01880	CDS	756	znuC	7.2.2.20	COG1121	High-affinity zinc uptake system ATP-binding protein ZnuC
PL25_01881	gene	837	znuB			
PL25_01881	CDS	837	znuB		COG1108	High-affinity zinc uptake system membrane protein ZnuB
PL25_01882	gene	420	zur			
PL25_01882	CDS	420	zur		COG0735	Zinc-specific metallo-regulatory protein
PL25_01883	gene	399	fluC_1			
PL25_01883	CDS	399	fluC_1			Fluoride-specific ion channel FluC
PL25_01884	gene	345	fluC_2			
PL25_01884	CDS	345	fluC_2		COG0239	Fluoride-specific ion channel FluC
PL25_01885	gene	216				
PL25_01885	CDS	216				hypothetical protein
PL25_01886	gene	783				
PL25_01886	CDS	783				hypothetical protein
PL25_01887	gene	315	gdnD_1			
PL25_01887	CDS	315	gdnD_1		COG2076	putative guanidinium efflux system subunit GdnD
PL25_01888	gene	336	gdnC			
PL25_01888	CDS	336	gdnC		COG2076	putative guanidinium efflux system subunit GdnC
PL25_01889	gene	99				
PL25_01889	misc_RNA	99				ykkC-yxkD
PL25_01890	gene	1287				
PL25_01890	CDS	1287				hypothetical protein
PL25_01891	gene	1491	ectT			
PL25_01891	CDS	1491	ectT			Ectoine/hydroxyectoine transporter
PL25_01892	gene	1239				
PL25_01892	CDS	1239				hypothetical protein
PL25_01893	gene	1284	aceA			
PL25_01893	CDS	1284	aceA	4.1.3.1	COG2224	Isocitrate lyase
PL25_01894	gene	102				
PL25_01894	CDS	102				hypothetical protein
PL25_01895	gene	1029				
PL25_01895	CDS	1029				hypothetical protein
PL25_01896	gene	630	liaR_1			
PL25_01896	CDS	630	liaR_1		COG2197	Transcriptional regulatory protein LiaR
PL25_01897	gene	1029	liaS_1			
PL25_01897	CDS	1029	liaS_1	2.7.13.3	COG4585	Sensor histidine kinase LiaS
PL25_01898	gene	732	liaF_1			
PL25_01898	CDS	732	liaF_1		COG4758	Protein LiaF
PL25_01899	gene	633	liaH			
PL25_01899	CDS	633	liaH		COG1842	Protein LiaH
PL25_01900	gene	357				
PL25_01900	CDS	357				hypothetical protein
PL25_01901	gene	327				
PL25_01901	CDS	327				hypothetical protein
PL25_01902	gene	876				
PL25_01902	CDS	876				hypothetical protein
PL25_01903	gene	900				
PL25_01903	CDS	900				hypothetical protein
PL25_01904	gene	516				
PL25_01904	CDS	516		2.3.1.-		Acetyltransferase
PL25_01905	gene	717				
PL25_01905	CDS	717				hypothetical protein
PL25_01906	gene	1059	ysdC_4			
PL25_01906	CDS	1059	ysdC_4	3.4.11.-	COG1363	Putative aminopeptidase YsdC
PL25_01907	gene	576				
PL25_01907	CDS	576				hypothetical protein
PL25_01908	gene	648				
PL25_01908	CDS	648				hypothetical protein
PL25_01909	gene	441	guaB_2			
PL25_01909	CDS	441	guaB_2	1.1.1.205		Inosine-5'-monophosphate dehydrogenase
PL25_01910	gene	249				
PL25_01910	CDS	249				hypothetical protein
PL25_01911	gene	1890	sqhC			
PL25_01911	CDS	1890	sqhC	4.2.1.137	COG1657	Sporulenol synthase
PL25_01912	gene	1146				
PL25_01912	CDS	1146				hypothetical protein
PL25_01913	gene	669	lnrK_2			
PL25_01913	CDS	669	lnrK_2		COG2197	Transcriptional regulatory protein LnrK
PL25_01914	gene	591	srtA_1			
PL25_01914	CDS	591	srtA_1	3.4.22.-		Sortase A
PL25_01915	gene	5373				
PL25_01915	CDS	5373				hypothetical protein
PL25_01916	gene	216				
PL25_01916	CDS	216				hypothetical protein
PL25_01917	gene	1137	cheB_2			
PL25_01917	CDS	1137	cheB_2	3.5.1.44		Protein-glutamate methylesterase/protein-glutamine glutaminase
PL25_01918	gene	3069	rcsC_1			
PL25_01918	CDS	3069	rcsC_1	2.7.13.3		Sensor histidine kinase RcsC
PL25_01919	gene	918	ctaB2_2			
PL25_01919	CDS	918	ctaB2_2	2.5.1.141	COG0109	Protoheme IX farnesyltransferase 2
PL25_01920	gene	1143	gerBC			
PL25_01920	CDS	1143	gerBC			Spore germination protein B3
PL25_01921	gene	1437				
PL25_01921	CDS	1437				hypothetical protein
PL25_01922	gene	1080				
PL25_01922	CDS	1080				hypothetical protein
PL25_01923	gene	336				
PL25_01923	CDS	336				hypothetical protein
PL25_01924	gene	999				
PL25_01924	CDS	999				Zinc-type alcohol dehydrogenase-like protein
PL25_01925	gene	1266				
PL25_01925	CDS	1266				hypothetical protein
PL25_01926	gene	261				
PL25_01926	CDS	261				IS256 family transposase ISBsu2
PL25_01927	gene	364	ssrA			
PL25_01927	tmRNA	364	ssrA			transfer-messenger RNA, SsrA
PL25_01928	gene	465	smpB			
PL25_01928	CDS	465	smpB		COG0691	SsrA-binding protein
PL25_01929	gene	2172	rnr			
PL25_01929	CDS	2172	rnr	3.1.13.1	COG0557	Ribonuclease R
PL25_01930	gene	747	est			
PL25_01930	CDS	747	est	3.1.1.1		Carboxylesterase
PL25_01931	gene	315				
PL25_01931	CDS	315				hypothetical protein
PL25_01932	gene	1041				
PL25_01932	CDS	1041				hypothetical protein
PL25_01933	gene	924				
PL25_01933	CDS	924		3.1.1.23	COG2267	Monoacylglycerol lipase
PL25_01934	gene	1713	ptsI			
PL25_01934	CDS	1713	ptsI	2.7.3.9	COG1080	Phosphoenolpyruvate-protein phosphotransferase
PL25_01935	gene	981	rihA			
PL25_01935	CDS	981	rihA	3.2.-.-	COG1957	Pyrimidine-specific ribonucleoside hydrolase RihA
PL25_01936	gene	789	yjjV			
PL25_01936	CDS	789	yjjV	3.1.-.-	COG0084	putative metal-dependent hydrolase YjjV
PL25_01937	gene	741	cmpD			
PL25_01937	CDS	741	cmpD	7.6.2.-	COG1116	Bicarbonate transport ATP-binding protein CmpD
PL25_01938	gene	771	ribX			
PL25_01938	CDS	771	ribX		COG0600	Riboflavin transport system permease protein RibX
PL25_01939	gene	294				
PL25_01939	CDS	294				hypothetical protein
PL25_01940	gene	1014	thiY			
PL25_01940	CDS	1014	thiY		COG0715	Formylaminopyrimidine-binding protein
PL25_01941	gene	110				
PL25_01941	misc_RNA	110				TPP
PL25_01942	gene	1287	eno			
PL25_01942	CDS	1287	eno	4.2.1.11	COG0148	Enolase
PL25_01943	gene	1536	gpmI			
PL25_01943	CDS	1536	gpmI	5.4.2.12	COG0696	2,3-bisphosphoglycerate-independent phosphoglycerate mutase
PL25_01944	gene	759	tpiA			
PL25_01944	CDS	759	tpiA	5.3.1.1	COG0149	Triosephosphate isomerase
PL25_01945	gene	1182	pgk			
PL25_01945	CDS	1182	pgk	2.7.2.3	COG0126	Phosphoglycerate kinase
PL25_01946	gene	1008	gapA			
PL25_01946	CDS	1008	gapA	1.2.1.12	COG0057	Glyceraldehyde-3-phosphate dehydrogenase 1
PL25_01947	gene	1029	cggR			
PL25_01947	CDS	1029	cggR		COG2390	Central glycolytic genes regulator
PL25_01948	gene	243				
PL25_01948	CDS	243				hypothetical protein
PL25_01949	gene	1284	sigL			
PL25_01949	CDS	1284	sigL		COG1508	RNA polymerase sigma-54 factor
PL25_01950	gene	396	rnhA			
PL25_01950	CDS	396	rnhA		COG0328	14.7 kDa ribonuclease H-like protein
PL25_01951	gene	1530	actP			
PL25_01951	CDS	1530	actP		COG4147	Cation/acetate symporter ActP
PL25_01952	gene	351				
PL25_01952	CDS	351				hypothetical protein
PL25_01953	gene	927	yisK			
PL25_01953	CDS	927	yisK	5.3.2.2	COG0179	Oxaloacetate tautomerase YisK
PL25_01954	gene	642				
PL25_01954	CDS	642				hypothetical protein
PL25_01955	gene	1284				
PL25_01955	CDS	1284				hypothetical protein
PL25_01956	gene	1179	thlA			
PL25_01956	CDS	1179	thlA	2.3.1.9	COG0183	Acetyl-CoA acetyltransferase
PL25_01957	gene	777	bdhA_1			
PL25_01957	CDS	777	bdhA_1	1.1.1.30	COG1028	D-beta-hydroxybutyrate dehydrogenase
PL25_01958	gene	678	scoB			
PL25_01958	CDS	678	scoB	2.8.3.5	COG2057	putative succinyl-CoA:3-ketoacid coenzyme A transferase subunit B
PL25_01959	gene	696	scoA			
PL25_01959	CDS	696	scoA	2.8.3.5	COG1788	putative succinyl-CoA:3-ketoacid coenzyme A transferase subunit A
PL25_01960	gene	609	atoC			
PL25_01960	CDS	609	atoC		COG2204	Regulatory protein AtoC
PL25_01961	gene	705	rocR			
PL25_01961	CDS	705	rocR		COG3829	Transcriptional activator RocR
PL25_01962	gene	768	aroD			
PL25_01962	CDS	768	aroD	4.2.1.10	COG0710	3-dehydroquinate dehydratase
PL25_01963	gene	561	aroK			
PL25_01963	CDS	561	aroK	2.7.1.71	COG0703	Shikimate kinase
PL25_01964	gene	252				
PL25_01964	misc_RNA	252				BsrG
PL25_01965	gene	264				
PL25_01965	CDS	264				hypothetical protein
PL25_01966	gene	234				
PL25_01966	CDS	234				hypothetical protein
PL25_01967	gene	858	ermD			
PL25_01967	CDS	858	ermD	2.1.1.-		rRNA adenine N-6-methyltransferase
PL25_01968	gene	1260	cypC			
PL25_01968	CDS	1260	cypC	1.11.2.4	COG2124	Fatty-acid peroxygenase
PL25_01969	gene	75				
PL25_01969	tRNA	75				tRNA-Arg(ccg)
PL25_01970	gene	588	clpP_3			
PL25_01970	CDS	588	clpP_3	3.4.21.92	COG0740	ATP-dependent Clp protease proteolytic subunit
PL25_01971	gene	255	crh			
PL25_01971	CDS	255	crh		COG1925	HPr-like protein Crh
PL25_01972	gene	945	whiA			
PL25_01972	CDS	945	whiA		COG1481	putative cell division protein WhiA
PL25_01973	gene	966				
PL25_01973	CDS	966			COG0391	Gluconeogenesis factor
PL25_01974	gene	885	yvcJ			
PL25_01974	CDS	885	yvcJ		COG1660	Nucleotide-binding protein YvcJ
PL25_01975	gene	465	mutX			
PL25_01975	CDS	465	mutX	3.6.1.55	COG1051	8-oxo-dGTP diphosphatase
PL25_01976	gene	954	trxB_1			
PL25_01976	CDS	954	trxB_1	1.8.1.9	COG0492	Thioredoxin reductase
PL25_01977	gene	1014	bepA			
PL25_01977	CDS	1014	bepA	3.4.-.-		Beta-barrel assembly-enhancing protease
PL25_01978	gene	1668	glpD			
PL25_01978	CDS	1668	glpD	1.1.5.3	COG0578	Aerobic glycerol-3-phosphate dehydrogenase
PL25_01979	gene	1491	glpK_1			
PL25_01979	CDS	1491	glpK_1	2.7.1.30	COG0554	Glycerol kinase
PL25_01980	gene	795	glpF_1			
PL25_01980	CDS	795	glpF_1		COG0580	Glycerol uptake facilitator protein
PL25_01981	gene	549	glpP_1			
PL25_01981	CDS	549	glpP_1		COG1954	Glycerol uptake operon antiterminator regulatory protein
PL25_01982	gene	522	dapH_2			
PL25_01982	CDS	522	dapH_2	2.3.1.89		2,3,4,5-tetrahydropyridine-2,6-dicarboxylate N-acetyltransferase
PL25_01983	gene	636	ppaX			
PL25_01983	CDS	636	ppaX	3.6.1.1	COG0546	Pyrophosphatase PpaX
PL25_01984	gene	963				
PL25_01984	CDS	963				hypothetical protein
PL25_01985	gene	876	lgt			
PL25_01985	CDS	876	lgt	2.5.1.145	COG0682	Phosphatidylglycerol--prolipoprotein diacylglyceryl transferase
PL25_01986	gene	927	hprK_1			
PL25_01986	CDS	927	hprK_1	2.7.11.-	COG1493	HPr kinase/phosphorylase
PL25_01987	gene	354				
PL25_01987	CDS	354				hypothetical protein
PL25_01988	gene	195				
PL25_01988	CDS	195				hypothetical protein
PL25_01989	gene	675	bshB2			
PL25_01989	CDS	675	bshB2	3.5.1.-		putative N-acetyl-alpha-D-glucosaminyl L-malate deacetylase 2
PL25_01990	gene	354	yojF			
PL25_01990	CDS	354	yojF		COG2120	putative protein YojF
PL25_01991	gene	2877	uvrA			
PL25_01991	CDS	2877	uvrA			UvrABC system protein A
PL25_01992	gene	1986	uvrB			
PL25_01992	CDS	1986	uvrB		COG0556	UvrABC system protein B
PL25_01993	gene	1119	ugtP			
PL25_01993	CDS	1119	ugtP	2.4.1.315		Processive diacylglycerol beta-glucosyltransferase
PL25_01994	gene	549				
PL25_01994	CDS	549				hypothetical protein
PL25_01995	gene	1488				
PL25_01995	CDS	1488				hypothetical protein
PL25_01996	gene	582				
PL25_01996	CDS	582				hypothetical protein
PL25_01997	gene	825	ngcG_1			
PL25_01997	CDS	825	ngcG_1		COG0395	Diacetylchitobiose uptake system permease protein NgcG
PL25_01998	gene	879	ngcF_1			
PL25_01998	CDS	879	ngcF_1		COG1175	Diacetylchitobiose uptake system permease protein NgcF
PL25_01999	gene	1308	msmE			
PL25_01999	CDS	1308	msmE		COG1653	Multiple sugar-binding protein
PL25_02000	gene	1497	rhaR_2			
PL25_02000	CDS	1497	rhaR_2			HTH-type transcriptional activator RhaR
PL25_02001	gene	1746				
PL25_02001	CDS	1746				hypothetical protein
PL25_02002	gene	1404				
PL25_02002	CDS	1404				hypothetical protein
PL25_02003	gene	1203	minJ			
PL25_02003	CDS	1203	minJ		COG0265	Cell division topological determinant MinJ
PL25_02004	gene	1458	ctpB			
PL25_02004	CDS	1458	ctpB	3.4.21.102	COG0793	Carboxy-terminal processing protease CtpB
PL25_02005	gene	1371	smc_3			
PL25_02005	CDS	1371	smc_3			Chromosome partition protein Smc
PL25_02006	gene	894	ftsX			
PL25_02006	CDS	894	ftsX		COG2177	Cell division protein FtsX
PL25_02007	gene	687	ftsE			
PL25_02007	CDS	687	ftsE		COG2884	Cell division ATP-binding protein FtsE
PL25_02008	gene	369	cccA			
PL25_02008	CDS	369	cccA			Cytochrome c-551
PL25_02009	gene	1050	prfB			
PL25_02009	CDS	1050	prfB		COG1186	Peptide chain release factor 2
PL25_02010	gene	2514	secA			
PL25_02010	CDS	2514	secA	7.4.2.8	COG0653	Protein translocase subunit SecA
PL25_02011	gene	1530	ahpF			
PL25_02011	CDS	1530	ahpF	7.1.1.2	COG3634	NADH dehydrogenase
PL25_02012	gene	564	ahpC			
PL25_02012	CDS	564	ahpC	1.11.1.26	COG0450	Alkyl hydroperoxide reductase C
PL25_02013	gene	558	hpf			
PL25_02013	CDS	558	hpf			Ribosome hibernation promotion factor
PL25_02014	gene	68				
PL25_02014	misc_RNA	68				Bacillaceae-1
PL25_02015	gene	354				
PL25_02015	CDS	354				hypothetical protein
PL25_02016	gene	402	fliS			
PL25_02016	CDS	402	fliS		COG1516	Flagellar secretion chaperone FliS
PL25_02017	gene	1479	fliD			
PL25_02017	CDS	1479	fliD		COG1345	Flagellar hook-associated protein 2
PL25_02018	gene	363				
PL25_02018	CDS	363				hypothetical protein
PL25_02019	gene	219	csrA			
PL25_02019	CDS	219	csrA		COG1551	Translational regulator CsrA
PL25_02020	gene	450	fliW			
PL25_02020	CDS	450	fliW		COG1699	Flagellar assembly factor FliW
PL25_02021	gene	564	yviE			
PL25_02021	CDS	564	yviE			putative protein YviE
PL25_02022	gene	870	flgL			
PL25_02022	CDS	870	flgL			Flagellar hook-associated protein 3
PL25_02023	gene	1527	flgK			
PL25_02023	CDS	1527	flgK		COG1256	Flagellar hook-associated protein 1
PL25_02024	gene	495	yvyG			
PL25_02024	CDS	495	yvyG		COG3418	putative protein YvyG
PL25_02025	gene	261				
PL25_02025	CDS	261				hypothetical protein
PL25_02026	gene	411				
PL25_02026	CDS	411				hypothetical protein
PL25_02027	gene	678	comFC			
PL25_02027	CDS	678	comFC		COG1040	Competence protein ComFC
PL25_02028	gene	1392	comFA			
PL25_02028	CDS	1392	comFA	3.6.4.-	COG4098	Competence protein ComFA
PL25_02029	gene	843	degV			
PL25_02029	CDS	843	degV		COG1307	Protein DegV
PL25_02030	gene	693	degU			
PL25_02030	CDS	693	degU		COG2197	Transcriptional regulatory protein DegU
PL25_02031	gene	1140	degS			
PL25_02031	CDS	1140	degS	2.7.13.3	COG4585	Signal transduction histidine-protein kinase/phosphatase DegS
PL25_02032	gene	636	yigZ			
PL25_02032	CDS	636	yigZ		COG1739	IMPACT family member YigZ
PL25_02033	gene	726	nagB			
PL25_02033	CDS	726	nagB	3.5.99.6	COG0363	Glucosamine-6-phosphate deaminase 1
PL25_02034	gene	1194	nagA			
PL25_02034	CDS	1194	nagA	3.5.1.25	COG1820	N-acetylglucosamine-6-phosphate deacetylase
PL25_02035	gene	168				
PL25_02035	CDS	168				hypothetical protein
PL25_02036	gene	327	sinR_1			
PL25_02036	CDS	327	sinR_1		COG1396	HTH-type transcriptional regulator SinR
PL25_02037	gene	126				
PL25_02037	CDS	126				hypothetical protein
PL25_02038	gene	942	tagU_1			
PL25_02038	CDS	942	tagU_1	2.7.8.-	COG1316	Polyisoprenyl-teichoic acid--peptidoglycan teichoic acid transferase TagU
PL25_02039	gene	2019	pbpC			
PL25_02039	CDS	2019	pbpC	3.4.16.4	COG0768	Penicillin-binding protein 3
PL25_02040	gene	450				
PL25_02040	CDS	450				hypothetical protein
PL25_02041	gene	354				
PL25_02041	CDS	354				hypothetical protein
PL25_02042	gene	1524	ald1			
PL25_02042	CDS	1524	ald1	1.2.1.48		Long-chain-aldehyde dehydrogenase
PL25_02043	gene	183	ydjO			
PL25_02043	CDS	183	ydjO			putative protein YdjO
PL25_02044	gene	744	ycsE			
PL25_02044	CDS	744	ycsE	3.1.3.104	COG0561	5-amino-6-(5-phospho-D-ribitylamino)uracil phosphatase YcsE
PL25_02045	gene	1188	mdtH			
PL25_02045	CDS	1188	mdtH			Multidrug resistance protein MdtH
PL25_02046	gene	945	pxpC			
PL25_02046	CDS	945	pxpC	3.5.2.9	COG1984	5-oxoprolinase subunit C
PL25_02047	gene	756	pxpA			
PL25_02047	CDS	756	pxpA	3.5.2.9	COG1540	5-oxoprolinase subunit A
PL25_02048	gene	729	pxpB			
PL25_02048	CDS	729	pxpB	3.5.2.9	COG2049	5-oxoprolinase subunit B
PL25_02049	gene	1644	sdcS			
PL25_02049	CDS	1644	sdcS			Sodium-dependent dicarboxylate transporter SdcS
PL25_02050	gene	183				
PL25_02050	CDS	183				hypothetical protein
PL25_02051	gene	1209	yycB_1			
PL25_02051	CDS	1209	yycB_1		COG2807	putative transporter YycB
PL25_02052	gene	222				
PL25_02052	CDS	222				hypothetical protein
PL25_02053	gene	1950	ltaS1			
PL25_02053	CDS	1950	ltaS1		COG1368	Lipoteichoic acid synthase 1
PL25_02054	gene	1695				
PL25_02054	CDS	1695				hypothetical protein
PL25_02055	gene	777	motB_2			
PL25_02055	CDS	777	motB_2		COG1360	Motility protein B
PL25_02056	gene	786	motA			
PL25_02056	CDS	786	motA		COG1291	Motility protein A
PL25_02057	gene	84				
PL25_02057	misc_RNA	84				c-di-GMP-I
PL25_02058	gene	873	yfmS_1			
PL25_02058	CDS	873	yfmS_1		COG0840	Putative sensory transducer protein YfmS
PL25_02059	gene	1458	yfmT			
PL25_02059	CDS	1458	yfmT	1.2.1.28	COG1012	Benzaldehyde dehydrogenase YfmT
PL25_02060	gene	1044				
PL25_02060	CDS	1044		2.5.1.56		N-acetylneuraminate synthase
PL25_02061	gene	1167				
PL25_02061	CDS	1167		3.2.1.183		UDP-N-acetylglucosamine 2-epimerase
PL25_02062	gene	693	neuA			
PL25_02062	CDS	693	neuA	2.7.7.43	COG1083	N-acylneuraminate cytidylyltransferase
PL25_02063	gene	1164				
PL25_02063	CDS	1164				hypothetical protein
PL25_02064	gene	1869				
PL25_02064	CDS	1869				hypothetical protein
PL25_02065	gene	609				
PL25_02065	CDS	609				hypothetical protein
PL25_02066	gene	864	hag			
PL25_02066	CDS	864	hag		COG1344	Flagellin
PL25_02067	gene	1329	atoE			
PL25_02067	CDS	1329	atoE		COG2031	Putative short-chain fatty acid transporter
PL25_02068	gene	921	ybfK			
PL25_02068	CDS	921	ybfK	3.1.1.1	COG0596	Carboxylesterase YbfK
PL25_02069	gene	921	yijE			
PL25_02069	CDS	921	yijE		COG0697	putative cystine transporter YijE
PL25_02070	gene	255				
PL25_02070	CDS	255				hypothetical protein
PL25_02071	gene	954	gbh			
PL25_02071	CDS	954	gbh	3.5.3.7		Guanidinobutyrase
PL25_02072	gene	1293	putP_2			
PL25_02072	CDS	1293	putP_2		COG0591	Sodium/proline symporter
PL25_02073	gene	111				
PL25_02073	CDS	111				hypothetical protein
PL25_02074	gene	1377				
PL25_02074	CDS	1377				hypothetical protein
PL25_02075	gene	1359				
PL25_02075	CDS	1359				IS1182 family transposase IS662
PL25_02076	gene	216				
PL25_02076	CDS	216				hypothetical protein
PL25_02077	gene	1131				
PL25_02077	CDS	1131				hypothetical protein
PL25_02078	gene	1524	namZ			
PL25_02078	CDS	1524	namZ	3.2.1.92	COG3876	Peptidoglycan beta-N-acetylmuramidase NamZ
PL25_02079	gene	1494	yfeW			
PL25_02079	CDS	1494	yfeW	3.4.16.4		Putative D-alanyl-D-alanine carboxypeptidase
PL25_02080	gene	588	tasA_1			
PL25_02080	CDS	588	tasA_1			Major biofilm matrix component
PL25_02081	gene	606	sipW_1			
PL25_02081	CDS	606	sipW_1	3.4.21.89	COG0681	Signal peptidase I W
PL25_02082	gene	513				
PL25_02082	CDS	513				hypothetical protein
PL25_02083	gene	2028	nagZ_2			
PL25_02083	CDS	2028	nagZ_2	3.2.1.52	COG1472	Beta-hexosaminidase
PL25_02084	gene	1059				
PL25_02084	CDS	1059				hypothetical protein
PL25_02085	gene	843	ngcG_2			
PL25_02085	CDS	843	ngcG_2		COG0395	Diacetylchitobiose uptake system permease protein NgcG
PL25_02086	gene	894	ngcF_2			
PL25_02086	CDS	894	ngcF_2		COG1175	Diacetylchitobiose uptake system permease protein NgcF
PL25_02087	gene	1359	ngcE			
PL25_02087	CDS	1359	ngcE		COG1653	Diacetylchitobiose binding protein NgcE
PL25_02088	gene	957				
PL25_02088	CDS	957				hypothetical protein
PL25_02089	gene	294				
PL25_02089	CDS	294				hypothetical protein
PL25_02090	gene	900	ybbH_1			
PL25_02090	CDS	900	ybbH_1		COG1737	putative HTH-type transcriptional regulator YbbH
PL25_02091	gene	969	murK			
PL25_02091	CDS	969	murK	2.7.1.-	COG2971	N-acetylmuramic acid/N-acetylglucosamine kinase
PL25_02092	gene	858	murQ			
PL25_02092	CDS	858	murQ	4.2.1.126	COG2103	N-acetylmuramic acid 6-phosphate etherase
PL25_02093	gene	1092	mupG			
PL25_02093	CDS	1092	mupG	3.2.1.-		6-phospho-N-acetylmuramidase
PL25_02094	gene	321	licA_1			
PL25_02094	CDS	321	licA_1		COG1447	Lichenan-specific phosphotransferase enzyme IIA component
PL25_02095	gene	306	gmuB_1			
PL25_02095	CDS	306	gmuB_1	2.7.1.205	COG1440	PTS system oligo-beta-mannoside-specific EIIB component
PL25_02096	gene	1299	licC_1			
PL25_02096	CDS	1299	licC_1		COG1455	Lichenan permease IIC component
PL25_02097	gene	312				
PL25_02097	CDS	312				hypothetical protein
PL25_02098	gene	1320	licH_1			
PL25_02098	CDS	1320	licH_1	3.2.1.86	COG1486	putative 6-phospho-beta-glucosidase
PL25_02099	gene	1026	malR			
PL25_02099	CDS	1026	malR		COG1609	HTH-type transcriptional regulator MalR
PL25_02100	gene	849	ganQ			
PL25_02100	CDS	849	ganQ		COG3833	Galactooligosaccharides transport system permease protein GanQ
PL25_02101	gene	1296	ganP			
PL25_02101	CDS	1296	ganP		COG1175	Galactooligosaccharides transport system permease protein GanP
PL25_02102	gene	1275	ganS			
PL25_02102	CDS	1275	ganS		COG2182	Galactooligosaccharide-binding protein
PL25_02103	gene	1773	nplT			
PL25_02103	CDS	1773	nplT	3.2.1.135		Neopullulanase
PL25_02104	gene	117				
PL25_02104	misc_RNA	117				SAM
PL25_02105	gene	162				
PL25_02105	CDS	162				hypothetical protein
PL25_02106	gene	1851	yitJ			
PL25_02106	CDS	1851	yitJ		COG0646	Bifunctional homocysteine S-methyltransferase/5,10-methylenetetrahydrofolate reductase
PL25_02107	gene	2298	metE_1			
PL25_02107	CDS	2298	metE_1	2.1.1.14	COG0620	5-methyltetrahydropteroyltriglutamate--homocysteine methyltransferase
PL25_02108	gene	76				
PL25_02108	tRNA	76				tRNA-Thr(cgt)
PL25_02109	gene	186				
PL25_02109	CDS	186				hypothetical protein
PL25_02110	gene	327				
PL25_02110	CDS	327				hypothetical protein
PL25_02111	gene	867				
PL25_02111	CDS	867				IS3 family transposase IS1296
PL25_02112	gene	564				
PL25_02112	CDS	564				hypothetical protein
PL25_02113	gene	1407	argH_1			
PL25_02113	CDS	1407	argH_1	4.3.2.1	COG0165	Argininosuccinate lyase
PL25_02114	gene	1686				
PL25_02114	CDS	1686				hypothetical protein
PL25_02115	gene	1098	potA			
PL25_02115	CDS	1098	potA	7.6.2.11		Spermidine/putrescine import ATP-binding protein PotA
PL25_02116	gene	1092				
PL25_02116	CDS	1092			COG1840	putative protein
PL25_02117	gene	1176	nagC_2			
PL25_02117	CDS	1176	nagC_2		COG1846	DNA-binding transcriptional dual regulator NagC
PL25_02118	gene	2502	mca			
PL25_02118	CDS	2502	mca	3.5.1.115		Mycothiol S-conjugate amidase
PL25_02119	gene	156				
PL25_02119	CDS	156				hypothetical protein
PL25_02120	gene	861	ydbD			
PL25_02120	CDS	861	ydbD	1.11.1.6	COG3546	Manganese catalase
PL25_02121	gene	2049				
PL25_02121	CDS	2049				hypothetical protein
PL25_02122	gene	132				
PL25_02122	CDS	132				hypothetical protein
PL25_02123	gene	240				
PL25_02123	CDS	240				Ferredoxin
PL25_02124	gene	1515	abgT_1			
PL25_02124	CDS	1515	abgT_1		COG2978	p-aminobenzoyl-glutamate transport protein
PL25_02125	gene	1290	iaaspH			
PL25_02125	CDS	1290	iaaspH	3.5.1.134		Indole-3-acetyl-aspartic acid hydrolase
PL25_02126	gene	1200	sndA			
PL25_02126	CDS	1200	sndA	3.5.1.-	COG1473	N-acetyl-L-cysteine deacetylase
PL25_02127	gene	198				
PL25_02127	CDS	198				hypothetical protein
PL25_02128	gene	2175	topB			
PL25_02128	CDS	2175	topB	5.6.2.1	COG0550	DNA topoisomerase 3
PL25_02129	gene	612	ytaF			
PL25_02129	CDS	612	ytaF		COG1971	putative sporulation protein YtaF
PL25_02130	gene	88				
PL25_02130	misc_RNA	88				BsrC
PL25_02131	gene	855	cvfB			
PL25_02131	CDS	855	cvfB			Conserved virulence factor B
PL25_02132	gene	216				
PL25_02132	CDS	216				hypothetical protein
PL25_02133	gene	285				
PL25_02133	CDS	285				hypothetical protein
PL25_02134	gene	1218	gltT_1			
PL25_02134	CDS	1218	gltT_1			Proton/sodium-glutamate symport protein
PL25_02135	gene	5166	sasA_1			
PL25_02135	CDS	5166	sasA_1	2.7.13.3		Adaptive-response sensory-kinase SasA
PL25_02136	gene	141				
PL25_02136	CDS	141				hypothetical protein
PL25_02137	gene	723	walR_1			
PL25_02137	CDS	723	walR_1		COG0745	Transcriptional regulatory protein WalR
PL25_02138	gene	1701				
PL25_02138	CDS	1701				hypothetical protein
PL25_02139	gene	948	glpX_1			
PL25_02139	CDS	948	glpX_1	3.1.3.11	COG1494	Fructose-1,6-bisphosphatase class 2
PL25_02140	gene	486	ywlF_1			
PL25_02140	CDS	486	ywlF_1	5.3.1.-	COG0698	Putative sugar phosphate isomerase YwlF
PL25_02141	gene	657	dhaL-2			
PL25_02141	CDS	657	dhaL-2	2.7.1.121	COG1461	PEP-dependent dihydroxyacetone kinase 2, ADP-binding subunit DhaL
PL25_02142	gene	1005	dhaK-2			
PL25_02142	CDS	1005	dhaK-2	2.7.1.121	COG2376	PTS-dependent dihydroxyacetone kinase 2, dihydroxyacetone-binding subunit DhaK
PL25_02143	gene	1281	yoaB			
PL25_02143	CDS	1281	yoaB		COG2814	Putative transporter YoaB
PL25_02144	gene	1113	eltD			
PL25_02144	CDS	1113	eltD	1.1.1.-	COG1063	Erythritol/L-threitol dehydrogenase
PL25_02145	gene	780	srlR_2			
PL25_02145	CDS	780	srlR_2		COG1349	Glucitol operon repressor
PL25_02146	gene	789	yidA			
PL25_02146	CDS	789	yidA	3.1.3.23	COG0561	Sugar phosphatase YidA
PL25_02147	gene	528				
PL25_02147	CDS	528				hypothetical protein
PL25_02148	gene	585				
PL25_02148	CDS	585				hypothetical protein
PL25_02149	gene	450				
PL25_02149	CDS	450			COG1522	HTH-type transcriptional regulator
PL25_02150	gene	1425				
PL25_02150	CDS	1425				hypothetical protein
PL25_02151	gene	1491				
PL25_02151	CDS	1491				hypothetical protein
PL25_02152	gene	459				
PL25_02152	CDS	459				hypothetical protein
PL25_02153	gene	1005				
PL25_02153	CDS	1005				hypothetical protein
PL25_02154	gene	666	citT			
PL25_02154	CDS	666	citT		COG4565	Transcriptional regulatory protein CitT
PL25_02155	gene	1587	citS			
PL25_02155	CDS	1587	citS	2.7.13.3	COG3290	Sensor protein CitS
PL25_02156	gene	747	bhcB			
PL25_02156	CDS	747	bhcB	4.2.1.-	COG1171	beta-hydroxyaspartate dehydratase
PL25_02157	gene	381	dhaM			
PL25_02157	CDS	381	dhaM	2.7.1.121	COG3412	PTS-dependent dihydroxyacetone kinase, phosphotransferase subunit DhaM
PL25_02158	gene	624	dhaL			
PL25_02158	CDS	624	dhaL	2.7.1.121	COG1461	PTS-dependent dihydroxyacetone kinase, ADP-binding subunit DhaL
PL25_02159	gene	996	dhaK			
PL25_02159	CDS	996	dhaK	2.7.1.121	COG2376	PTS-dependent dihydroxyacetone kinase, dihydroxyacetone-binding subunit DhaK
PL25_02160	gene	1497	glpK_2			
PL25_02160	CDS	1497	glpK_2	2.7.1.30	COG0554	Glycerol kinase
PL25_02161	gene	831	glpF_2			
PL25_02161	CDS	831	glpF_2		COG0580	Glycerol uptake facilitator protein
PL25_02162	gene	2394	acyII			
PL25_02162	CDS	2394	acyII	3.5.1.11		Penicillin acylase 2 proenzyme
PL25_02163	gene	810	hexR			
PL25_02163	CDS	810	hexR		COG1737	HTH-type transcriptional regulator HexR
PL25_02164	gene	690	nanE			
PL25_02164	CDS	690	nanE	5.1.3.9	COG3010	Putative N-acetylmannosamine-6-phosphate 2-epimerase
PL25_02165	gene	1542	ptsG_1			
PL25_02165	CDS	1542	ptsG_1	2.7.1.199		PTS system glucose-specific EIICBA component
PL25_02166	gene	459	crr_1			
PL25_02166	CDS	459	crr_1			PTS system glucose-specific EIIA component
PL25_02167	gene	1848	asnO			
PL25_02167	CDS	1848	asnO	6.3.5.4	COG0367	Asparagine synthetase [glutamine-hydrolyzing] 3
PL25_02168	gene	894	oppC			
PL25_02168	CDS	894	oppC		COG1173	Oligopeptide transport system permease protein OppC
PL25_02169	gene	966	oppB_1			
PL25_02169	CDS	966	oppB_1		COG0601	Oligopeptide transport system permease protein OppB
PL25_02170	gene	1722	appA_1			
PL25_02170	CDS	1722	appA_1			Oligopeptide-binding protein AppA
PL25_02171	gene	996	oppF_1			
PL25_02171	CDS	996	oppF_1	7.4.2.6		Oligopeptide transport ATP-binding protein OppF
PL25_02172	gene	1026	oppD_2			
PL25_02172	CDS	1026	oppD_2	7.4.2.6	COG0444	Oligopeptide transport ATP-binding protein OppD
PL25_02173	gene	1164	ydbM			
PL25_02173	CDS	1164	ydbM	1.3.99.-	COG1960	Putative acyl-CoA dehydrogenase YdbM
PL25_02174	gene	927	rffH			
PL25_02174	CDS	927	rffH	2.7.7.24	COG1209	Glucose-1-phosphate thymidylyltransferase 2
PL25_02175	gene	1038	rfbB			
PL25_02175	CDS	1038	rfbB	4.2.1.46		dTDP-glucose 4,6-dehydratase
PL25_02176	gene	981				
PL25_02176	CDS	981		2.4.-.-	COG0463	putative glycosyltransferase
PL25_02177	gene	690				
PL25_02177	CDS	690				hypothetical protein
PL25_02178	gene	357	arnE_1			
PL25_02178	CDS	357	arnE_1			4-amino-4-deoxy-L-arabinose-phosphoundecaprenol flippase subunit ArnE
PL25_02179	gene	1131	wecE			
PL25_02179	CDS	1131	wecE	2.6.1.59	COG0399	dTDP-4-amino-4,6-dideoxygalactose transaminase
PL25_02180	gene	1701				
PL25_02180	CDS	1701				hypothetical protein
PL25_02181	gene	456				
PL25_02181	CDS	456				hypothetical protein
PL25_02182	gene	1581				
PL25_02182	CDS	1581				hypothetical protein
PL25_02183	gene	555				
PL25_02183	CDS	555				hypothetical protein
PL25_02184	gene	819				
PL25_02184	CDS	819				hypothetical protein
PL25_02185	gene	900	bglK_2			
PL25_02185	CDS	900	bglK_2	2.7.1.85		Beta-glucoside kinase
PL25_02186	gene	192				
PL25_02186	CDS	192				hypothetical protein
PL25_02187	gene	168				
PL25_02187	CDS	168				hypothetical protein
PL25_02188	gene	2181				
PL25_02188	CDS	2181		2.4.1.211	COG5426	1,3-beta-galactosyl-N-acetylhexosamine phosphorylase
PL25_02189	gene	882	ngcG_3			
PL25_02189	CDS	882	ngcG_3		COG0395	Diacetylchitobiose uptake system permease protein NgcG
PL25_02190	gene	891	ngcF_3			
PL25_02190	CDS	891	ngcF_3		COG1175	Diacetylchitobiose uptake system permease protein NgcF
PL25_02191	gene	1350				
PL25_02191	CDS	1350				hypothetical protein
PL25_02192	gene	846	rhaR_3			
PL25_02192	CDS	846	rhaR_3			HTH-type transcriptional activator RhaR
PL25_02193	gene	459				
PL25_02193	CDS	459				hypothetical protein
PL25_02194	gene	873				
PL25_02194	CDS	873				hypothetical protein
PL25_02195	gene	960				
PL25_02195	CDS	960		4.3.1.19		L-threonine ammonia-lyase
PL25_02196	gene	582	leuD			
PL25_02196	CDS	582	leuD	4.2.1.33	COG0066	3-isopropylmalate dehydratase small subunit
PL25_02197	gene	1410	leuC_1			
PL25_02197	CDS	1410	leuC_1	4.2.1.33	COG0065	3-isopropylmalate dehydratase large subunit
PL25_02198	gene	1107	leuB			
PL25_02198	CDS	1107	leuB	1.1.1.85		3-isopropylmalate dehydrogenase
PL25_02199	gene	1545	leuA			
PL25_02199	CDS	1545	leuA	2.3.3.13		2-isopropylmalate synthase
PL25_02200	gene	1044	ilvC			
PL25_02200	CDS	1044	ilvC	1.1.1.86	COG0059	Ketol-acid reductoisomerase (NADP(+))
PL25_02201	gene	519	ilvH			
PL25_02201	CDS	519	ilvH	2.2.1.6	COG0440	Acetolactate synthase small subunit
PL25_02202	gene	1722	ilvB			
PL25_02202	CDS	1722	ilvB	2.2.1.6	COG0028	Acetolactate synthase large subunit
PL25_02203	gene	1686	ilvD			
PL25_02203	CDS	1686	ilvD	4.2.1.9	COG0129	Dihydroxy-acid dehydratase
PL25_02204	gene	831	yvgN			
PL25_02204	CDS	831	yvgN	1.1.1.-	COG0656	Glyoxal reductase
PL25_02205	gene	555	tmrB			
PL25_02205	CDS	555	tmrB		COG1660	Tunicamycin resistance protein
PL25_02206	gene	279				
PL25_02206	CDS	279				hypothetical protein
PL25_02207	gene	150				
PL25_02207	CDS	150				hypothetical protein
PL25_02208	gene	861	gmuE			
PL25_02208	CDS	861	gmuE	2.7.1.4	COG1940	Putative fructokinase
PL25_02209	gene	960	yvyI			
PL25_02209	CDS	960	yvyI	5.3.1.8	COG1482	Putative mannose-6-phosphate isomerase YvyI
PL25_02210	gene	1950	manP			
PL25_02210	CDS	1950	manP		COG1299	PTS system mannose-specific EIIBCA component
PL25_02211	gene	1920	manR			
PL25_02211	CDS	1920	manR		COG1762	Transcriptional regulator ManR
PL25_02212	gene	1929	licR			
PL25_02212	CDS	1929	licR		COG1762	putative licABCH operon regulator
PL25_02213	gene	1383	gmuD_2			
PL25_02213	CDS	1383	gmuD_2	3.2.1.86	COG2723	6-phospho-beta-glucosidase GmuD
PL25_02214	gene	306	celD			
PL25_02214	CDS	306	celD			PTS system cellobiose-specific EIIA component
PL25_02215	gene	1290	gmuC			
PL25_02215	CDS	1290	gmuC		COG1455	PTS system oligo-beta-mannoside-specific EIIC component
PL25_02216	gene	315	gmuB_2			
PL25_02216	CDS	315	gmuB_2	2.7.1.205	COG1440	PTS system oligo-beta-mannoside-specific EIIB component
PL25_02217	gene	1014				
PL25_02217	CDS	1014			COG2207	putative HTH-type transcriptional regulator
PL25_02218	gene	795	fabG_3			
PL25_02218	CDS	795	fabG_3	1.1.1.100	COG1028	3-oxoacyl-[acyl-carrier-protein] reductase FabG
PL25_02219	gene	972	bpr_2			
PL25_02219	CDS	972	bpr_2	3.4.21.-	COG1404	Bacillopeptidase F
PL25_02220	gene	582	bpr_3			
PL25_02220	CDS	582	bpr_3	3.4.21.-	COG1404	Bacillopeptidase F
PL25_02221	gene	1395	gabD_1			
PL25_02221	CDS	1395	gabD_1	1.2.1.79	COG1012	Succinate-semialdehyde dehydrogenase [NADP(+)]
PL25_02222	gene	1080				
PL25_02222	CDS	1080				hypothetical protein
PL25_02223	gene	261				
PL25_02223	CDS	261				hypothetical protein
PL25_02224	gene	1854				
PL25_02224	CDS	1854				hypothetical protein
PL25_02225	gene	1266	licC_2			
PL25_02225	CDS	1266	licC_2		COG1455	Lichenan permease IIC component
PL25_02226	gene	303	celA_1			
PL25_02226	CDS	303	celA_1	2.7.1.205		PTS system cellobiose-specific EIIB component
PL25_02227	gene	1320	licH_2			
PL25_02227	CDS	1320	licH_2	3.2.1.86	COG1486	putative 6-phospho-beta-glucosidase
PL25_02228	gene	2049	ptsG_2			
PL25_02228	CDS	2049	ptsG_2	2.7.1.199	COG1263	PTS system glucose-specific EIICBA component
PL25_02229	gene	843	glcT			
PL25_02229	CDS	843	glcT		COG3711	PtsGHI operon antiterminator
PL25_02230	gene	1095	nos			
PL25_02230	CDS	1095	nos	1.14.14.47	COG4362	Nitric oxide synthase oxygenase
PL25_02231	gene	1107	menC			
PL25_02231	CDS	1107	menC	4.2.1.113		o-succinylbenzoate synthase
PL25_02232	gene	1419				
PL25_02232	CDS	1419				hypothetical protein
PL25_02233	gene	819				
PL25_02233	CDS	819				hypothetical protein
PL25_02234	gene	1122				
PL25_02234	CDS	1122		3.-.-.-	COG1473	putative hydrolase
PL25_02235	gene	1347				
PL25_02235	CDS	1347			COG3385	IS4 family transposase ISHaha1
PL25_02236	gene	555				
PL25_02236	CDS	555				hypothetical protein
PL25_02237	gene	942				
PL25_02237	CDS	942				hypothetical protein
PL25_02238	gene	339				
PL25_02238	CDS	339				hypothetical protein
PL25_02239	gene	786				
PL25_02239	CDS	786				hypothetical protein
PL25_02240	gene	489				
PL25_02240	CDS	489				hypothetical protein
PL25_02241	gene	783				
PL25_02241	CDS	783				hypothetical protein
PL25_02242	gene	426				
PL25_02242	CDS	426				hypothetical protein
PL25_02243	gene	798	coaW			
PL25_02243	CDS	798	coaW	2.7.1.33	COG5146	Type II pantothenate kinase
PL25_02244	gene	429	slyA			
PL25_02244	CDS	429	slyA			Transcriptional regulator SlyA
PL25_02245	gene	1191	yfcJ			
PL25_02245	CDS	1191	yfcJ			putative MFS-type transporter YfcJ
PL25_02246	gene	1389				
PL25_02246	CDS	1389				hypothetical protein
PL25_02247	gene	1113				
PL25_02247	CDS	1113		5.1.1.-		N-succinyl-L-Arg/Lys racemase
PL25_02248	gene	1317				
PL25_02248	CDS	1317				hypothetical protein
PL25_02249	gene	750				
PL25_02249	CDS	750		3.1.1.23		Thermostable monoacylglycerol lipase
PL25_02250	gene	729				
PL25_02250	CDS	729				hypothetical protein
PL25_02251	gene	726	crnA			
PL25_02251	CDS	726	crnA	3.5.2.10		Creatinine amidohydrolase
PL25_02252	gene	993				
PL25_02252	CDS	993		3.1.1.104		Phospho-furanose lactonase
PL25_02253	gene	1296	ulaA_2			
PL25_02253	CDS	1296	ulaA_2		COG3037	Ascorbate-specific PTS system EIIC component
PL25_02254	gene	276				
PL25_02254	CDS	276				hypothetical protein
PL25_02255	gene	441	ulaC			
PL25_02255	CDS	441	ulaC		COG1762	Ascorbate-specific PTS system EIIA component
PL25_02256	gene	2094				
PL25_02256	CDS	2094				hypothetical protein
PL25_02257	gene	1044	pgl_1			
PL25_02257	CDS	1044	pgl_1	3.1.1.31	COG2706	6-phosphogluconolactonase
PL25_02258	gene	579				
PL25_02258	CDS	579				hypothetical protein
PL25_02259	gene	216				
PL25_02259	CDS	216				hypothetical protein
PL25_02260	gene	744	gdhIV			
PL25_02260	CDS	744	gdhIV	1.1.1.47		Glucose 1-dehydrogenase 4
PL25_02261	gene	918	putB			
PL25_02261	CDS	918	putB	1.5.5.2	COG0506	Proline dehydrogenase 2
PL25_02262	gene	1548	putC			
PL25_02262	CDS	1548	putC	1.2.1.88	COG1012	1-pyrroline-5-carboxylate dehydrogenase 2
PL25_02263	gene	549	puuR_1			
PL25_02263	CDS	549	puuR_1		COG1396	HTH-type transcriptional regulator PuuR
PL25_02264	gene	525				
PL25_02264	CDS	525				hypothetical protein
PL25_02265	gene	1113	metE_2			
PL25_02265	CDS	1113	metE_2	2.1.1.14		5-methyltetrahydropteroyltriglutamate--homocysteine methyltransferase
PL25_02266	gene	249				
PL25_02266	CDS	249				hypothetical protein
PL25_02267	gene	105				
PL25_02267	misc_RNA	105				SAM
PL25_02268	gene	1413				
PL25_02268	CDS	1413				hypothetical protein
PL25_02269	gene	1680	malL			
PL25_02269	CDS	1680	malL	3.2.1.10	COG0366	Oligo-1,6-glucosidase
PL25_02270	gene	792	mapP			
PL25_02270	CDS	792	mapP	3.1.3.90		Maltose 6'-phosphate phosphatase
PL25_02271	gene	1668	ptsG_3			
PL25_02271	CDS	1668	ptsG_3	2.7.1.199	COG1263	PTS system glucose-specific EIICBA component
PL25_02272	gene	270	crr_2			
PL25_02272	CDS	270	crr_2			PTS system glucose-specific EIIA component
PL25_02273	gene	918	yngG			
PL25_02273	CDS	918	yngG	4.1.3.4	COG0119	Hydroxymethylglutaryl-CoA lyase YngG
PL25_02274	gene	342				
PL25_02274	CDS	342				hypothetical protein
PL25_02275	gene	438				
PL25_02275	CDS	438				hypothetical protein
PL25_02276	gene	219				
PL25_02276	CDS	219				hypothetical protein
PL25_02277	gene	96				
PL25_02277	CDS	96				hypothetical protein
PL25_02278	gene	612				
PL25_02278	CDS	612				IS200/IS605 family transposase ISBth16
PL25_02279	gene	252				
PL25_02279	CDS	252				hypothetical protein
PL25_02280	gene	786	fadB_2			
PL25_02280	CDS	786	fadB_2	4.2.1.17	COG1024	putative enoyl-CoA hydratase
PL25_02281	gene	1050	menB_2			
PL25_02281	CDS	1050	menB_2	4.1.3.36		1,4-dihydroxy-2-naphthoyl-CoA synthase
PL25_02282	gene	1461	iolA_1			
PL25_02282	CDS	1461	iolA_1	1.2.1.27	COG1012	Malonate-semialdehyde dehydrogenase
PL25_02283	gene	897	mmsB			
PL25_02283	CDS	897	mmsB	1.1.1.31		3-hydroxyisobutyrate dehydrogenase
PL25_02284	gene	1674	fadE_2			
PL25_02284	CDS	1674	fadE_2	1.3.99.-	COG1960	putative acyl-CoA dehydrogenase
PL25_02285	gene	1788	norR_2			
PL25_02285	CDS	1788	norR_2			Anaerobic nitric oxide reductase transcription regulator NorR
PL25_02286	gene	102				
PL25_02286	CDS	102				hypothetical protein
PL25_02287	gene	1200	gltS_1			
PL25_02287	CDS	1200	gltS_1		COG0786	Sodium/glutamate symporter
PL25_02288	gene	951				
PL25_02288	CDS	951		3.5.3.8		Formimidoylglutamase
PL25_02289	gene	1113				
PL25_02289	CDS	1113				IS200/IS605 family transposase ISBth16
PL25_02290	gene	987				
PL25_02290	CDS	987				hypothetical protein
PL25_02291	gene	1521	hutH			
PL25_02291	CDS	1521	hutH	4.3.1.3	COG2986	Histidine ammonia-lyase
PL25_02292	gene	438	hutP			
PL25_02292	CDS	438	hutP			Hut operon positive regulatory protein
PL25_02293	gene	1302	hutI_2			
PL25_02293	CDS	1302	hutI_2	3.5.2.7	COG1228	Imidazolonepropionase
PL25_02294	gene	1677	hutU			
PL25_02294	CDS	1677	hutU	4.2.1.49	COG2987	Urocanate hydratase
PL25_02295	gene	885	hcaR			
PL25_02295	CDS	885	hcaR		COG0583	Hca operon transcriptional activator HcaR
PL25_02296	gene	181				
PL25_02296	misc_RNA	181				Lysine
PL25_02297	gene	891	dapA_2			
PL25_02297	CDS	891	dapA_2	4.3.3.7	COG0329	4-hydroxy-tetrahydrodipicolinate synthase
PL25_02298	gene	3090				
PL25_02298	CDS	3090				hypothetical protein
PL25_02299	gene	1194	sbcD			
PL25_02299	CDS	1194	sbcD		COG0420	Nuclease SbcCD subunit D
PL25_02300	gene	1050	bdhA_2			
PL25_02300	CDS	1050	bdhA_2	1.1.1.4	COG1063	(R,R)-butanediol dehydrogenase
PL25_02301	gene	885				
PL25_02301	CDS	885				hypothetical protein
PL25_02302	gene	1473				
PL25_02302	CDS	1473		1.14.14.9	COG2368	4-hydroxyphenylacetate 3-monooxygenase oxygenase component
PL25_02303	gene	68				
PL25_02303	misc_RNA	68				Bacillaceae-1
PL25_02304	gene	1395				
PL25_02304	CDS	1395				hypothetical protein
PL25_02305	gene	1197	pksS_1			
PL25_02305	CDS	1197	pksS_1	1.14.-.-	COG2124	Polyketide biosynthesis cytochrome P450 PksS
PL25_02306	gene	723				
PL25_02306	CDS	723		1.-.-.-		putative oxidoreductase
PL25_02307	gene	1020				
PL25_02307	CDS	1020				hypothetical protein
PL25_02308	gene	765	thiG			
PL25_02308	CDS	765	thiG	2.8.1.10	COG2022	Thiazole synthase
PL25_02309	gene	201	thiS			
PL25_02309	CDS	201	thiS		COG2104	Sulfur carrier protein ThiS
PL25_02310	gene	1152	thiO_1			
PL25_02310	CDS	1152	thiO_1	1.4.3.19		Glycine oxidase
PL25_02311	gene	615	tenI			
PL25_02311	CDS	615	tenI	5.3.99.10	COG0352	Thiazole tautomerase
PL25_02312	gene	112				
PL25_02312	misc_RNA	112				TPP
PL25_02313	gene	1101				
PL25_02313	CDS	1101			COG1292	Glycine betaine transporter 2
PL25_02314	gene	408				
PL25_02314	CDS	408			COG1292	Glycine betaine transporter 2
PL25_02315	gene	1266	codA			
PL25_02315	CDS	1266	codA	3.5.4.1	COG0402	Cytosine deaminase
PL25_02316	gene	1266	codB_1			
PL25_02316	CDS	1266	codB_1		COG1457	Cytosine permease
PL25_02317	gene	164				
PL25_02317	misc_RNA	164				PyrR
PL25_02318	gene	3264				
PL25_02318	CDS	3264				hypothetical protein
PL25_02319	gene	1047	ykfC_1			
PL25_02319	CDS	1047	ykfC_1	3.4.14.13		Gamma-D-glutamyl-L-lysine dipeptidyl-peptidase
PL25_02320	gene	1074	ykfB			
PL25_02320	CDS	1074	ykfB	5.1.1.20	COG4948	L-Ala-D/L-Glu epimerase
PL25_02321	gene	1161				
PL25_02321	CDS	1161				hypothetical protein
PL25_02322	gene	471				
PL25_02322	CDS	471				hypothetical protein
PL25_02323	gene	68				
PL25_02323	misc_RNA	68				Bacillaceae-1
PL25_02324	gene	645				
PL25_02324	CDS	645				hypothetical protein
PL25_02325	gene	660	lnrK_3			
PL25_02325	CDS	660	lnrK_3		COG2197	Transcriptional regulatory protein LnrK
PL25_02326	gene	1065	lytE			
PL25_02326	CDS	1065	lytE	3.4.-.-	COG0791	putative peptidoglycan endopeptidase LytE
PL25_02327	gene	1101				
PL25_02327	CDS	1101		3.1.1.-	COG3964	Deacetylase
PL25_02328	gene	1104	dgaE			
PL25_02328	CDS	1104	dgaE	4.3.1.29		D-glucosaminate-6-phosphate ammonia lyase
PL25_02329	gene	756	dgaF			
PL25_02329	CDS	756	dgaF	4.1.2.14		2-dehydro-3-deoxy-phosphogluconate aldolase
PL25_02330	gene	1017	iolC_1			
PL25_02330	CDS	1017	iolC_1	2.7.1.92		5-dehydro-2-deoxygluconokinase
PL25_02331	gene	696				
PL25_02331	CDS	696				hypothetical protein
PL25_02332	gene	1638				
PL25_02332	CDS	1638				hypothetical protein
PL25_02333	gene	900	ytcP_1			
PL25_02333	CDS	900	ytcP_1		COG0395	Polygalacturonan/rhamnogalacturonan transport system permease protein YtcP
PL25_02334	gene	951	yteP_1			
PL25_02334	CDS	951	yteP_1		COG4209	Polygalacturonan/rhamnogalacturonan transport system permease protein YteP
PL25_02335	gene	846	gbpA			
PL25_02335	CDS	846	gbpA			GlcNAc-binding protein A
PL25_02336	gene	654				
PL25_02336	CDS	654				hypothetical protein
PL25_02337	gene	1035	pgl_2			
PL25_02337	CDS	1035	pgl_2	3.1.1.31	COG2706	6-phosphogluconolactonase
PL25_02338	gene	1899				
PL25_02338	CDS	1899				hypothetical protein
PL25_02339	gene	882	ngcG_4			
PL25_02339	CDS	882	ngcG_4		COG0395	Diacetylchitobiose uptake system permease protein NgcG
PL25_02340	gene	867	ngcF_4			
PL25_02340	CDS	867	ngcF_4		COG1175	Diacetylchitobiose uptake system permease protein NgcF
PL25_02341	gene	1284				
PL25_02341	CDS	1284				hypothetical protein
PL25_02342	gene	726	nagR_2			
PL25_02342	CDS	726	nagR_2		COG2188	HTH-type transcriptional repressor NagR
PL25_02343	gene	171				
PL25_02343	CDS	171				hypothetical protein
PL25_02344	gene	402				
PL25_02344	CDS	402				hypothetical protein
PL25_02345	gene	195	sasP-C_2			
PL25_02345	CDS	195	sasP-C_2			Small, acid-soluble spore protein C
PL25_02346	gene	1179	mtnE			
PL25_02346	CDS	1179	mtnE	2.6.1.117	COG0436	L-glutamine--4-(methylsulfanyl)-2-oxobutanoate aminotransferase
PL25_02347	gene	258				
PL25_02347	CDS	258				hypothetical protein
PL25_02348	gene	969				
PL25_02348	CDS	969				hypothetical protein
PL25_02349	gene	1041	ycjS_1			
PL25_02349	CDS	1041	ycjS_1	1.1.1.-	COG0673	D-glucoside 3-dehydrogenase
PL25_02350	gene	246				
PL25_02350	CDS	246				hypothetical protein
PL25_02351	gene	405	lgdh			
PL25_02351	CDS	405	lgdh	1.1.1.425	COG0673	Levoglucosan dehydrogenase
PL25_02352	gene	243				
PL25_02352	CDS	243				hypothetical protein
PL25_02353	gene	723				
PL25_02353	CDS	723				hypothetical protein
PL25_02354	gene	1017	iolG_1			
PL25_02354	CDS	1017	iolG_1	1.1.1.369		Inositol 2-dehydrogenase/D-chiro-inositol 3-dehydrogenase
PL25_02355	gene	1083	ycjS_2			
PL25_02355	CDS	1083	ycjS_2	1.1.1.-	COG0673	D-glucoside 3-dehydrogenase
PL25_02356	gene	822	smoH			
PL25_02356	CDS	822	smoH		COG0395	Sulfoquinovosyl glycerol transport system permease protein SmoH
PL25_02357	gene	1326				
PL25_02357	CDS	1326				hypothetical protein
PL25_02358	gene	1323				
PL25_02358	CDS	1323			COG1653	putative ABC transporter-binding protein
PL25_02359	gene	783	fabG_4			
PL25_02359	CDS	783	fabG_4	1.1.1.100	COG1028	3-oxoacyl-[acyl-carrier-protein] reductase FabG
PL25_02360	gene	984	cytR			
PL25_02360	CDS	984	cytR		COG1609	HTH-type transcriptional repressor CytR
PL25_02361	gene	480	sigV_2			
PL25_02361	CDS	480	sigV_2		COG1595	RNA polymerase sigma factor SigV
PL25_02362	gene	876	rsiV			
PL25_02362	CDS	876	rsiV			Anti-sigma-V factor RsiV
PL25_02363	gene	1971	oatA			
PL25_02363	CDS	1971	oatA	2.3.1.-	COG1835	Peptidoglycan O-acetyltransferase OatA
PL25_02364	gene	912				
PL25_02364	CDS	912				hypothetical protein
PL25_02365	gene	930	lacC			
PL25_02365	CDS	930	lacC	2.7.1.144		Tagatose-6-phosphate kinase
PL25_02366	gene	858	gatY_1			
PL25_02366	CDS	858	gatY_1	4.1.2.40	COG0191	D-tagatose-1,6-bisphosphate aldolase subunit GatY
PL25_02367	gene	1170	agaA			
PL25_02367	CDS	1170	agaA	3.5.1.-	COG1820	N-acetylgalactosamine-6-phosphate deacetylase
PL25_02368	gene	417	manX			
PL25_02368	CDS	417	manX	2.7.1.191		PTS system mannose-specific EIIAB component
PL25_02369	gene	822	manZ			
PL25_02369	CDS	822	manZ		COG3716	PTS system mannose-specific EIID component
PL25_02370	gene	768	agaC			
PL25_02370	CDS	768	agaC		COG3715	N-acetylgalactosamine permease IIC component 1
PL25_02371	gene	480	sorB			
PL25_02371	CDS	480	sorB	2.7.1.206		PTS system sorbose-specific EIIB component
PL25_02372	gene	1179	agaS			
PL25_02372	CDS	1179	agaS	3.5.99.-	COG2222	Putative D-galactosamine-6-phosphate deaminase AgaS
PL25_02373	gene	717	nagR_3			
PL25_02373	CDS	717	nagR_3		COG2188	HTH-type transcriptional repressor NagR
PL25_02374	gene	996	ganR			
PL25_02374	CDS	996	ganR		COG1609	HTH-type transcriptional regulator GanR
PL25_02375	gene	1281	iolG_2			
PL25_02375	CDS	1281	iolG_2	1.1.1.369		Inositol 2-dehydrogenase/D-chiro-inositol 3-dehydrogenase
PL25_02376	gene	828	araQ_1			
PL25_02376	CDS	828	araQ_1		COG0395	Arabinooligosaccharides transport system permease protein AraQ
PL25_02377	gene	915	melD			
PL25_02377	CDS	915	melD		COG1175	Melibiose/raffinose/stachyose import permease protein MelD
PL25_02378	gene	1257	yesO			
PL25_02378	CDS	1257	yesO		COG1653	Putative ABC transporter substrate-binding protein YesO
PL25_02379	gene	939	glkA			
PL25_02379	CDS	939	glkA	2.7.1.2	COG1940	Glucokinase
PL25_02380	gene	159				
PL25_02380	CDS	159				hypothetical protein
PL25_02381	gene	68				
PL25_02381	misc_RNA	68				Bacillaceae-1
PL25_02382	gene	1182	nagC_3			
PL25_02382	CDS	1182	nagC_3		COG1846	DNA-binding transcriptional dual regulator NagC
PL25_02383	gene	3081	ebgA			
PL25_02383	CDS	3081	ebgA	3.2.1.23	COG3250	Evolved beta-galactosidase subunit alpha
PL25_02384	gene	948				
PL25_02384	CDS	948				hypothetical protein
PL25_02385	gene	1719				
PL25_02385	CDS	1719				hypothetical protein
PL25_02386	gene	825	ngcG_5			
PL25_02386	CDS	825	ngcG_5		COG0395	Diacetylchitobiose uptake system permease protein NgcG
PL25_02387	gene	954	lacF_1			
PL25_02387	CDS	954	lacF_1			Lactose transport system permease protein LacF
PL25_02388	gene	1431				
PL25_02388	CDS	1431				hypothetical protein
PL25_02389	gene	792	bacC			
PL25_02389	CDS	792	bacC	1.1.1.385	COG1028	Dihydroanticapsin 7-dehydrogenase
PL25_02390	gene	1182	galK_1			
PL25_02390	CDS	1182	galK_1	2.7.1.6	COG0153	Galactokinase
PL25_02391	gene	993	galE_1			
PL25_02391	CDS	993	galE_1	5.1.3.2	COG1087	UDP-glucose 4-epimerase
PL25_02392	gene	1497	galT			
PL25_02392	CDS	1497	galT	2.7.7.12		Galactose-1-phosphate uridylyltransferase
PL25_02393	gene	1026	mro			
PL25_02393	CDS	1026	mro	5.1.3.3		Aldose 1-epimerase
PL25_02394	gene	711				
PL25_02394	CDS	711				IS200/IS605 family transposase ISBth16
PL25_02395	gene	1140	auaG			
PL25_02395	CDS	1140	auaG	1.14.13.222		Aurachin C monooxygenase/isomerase
PL25_02396	gene	423				
PL25_02396	CDS	423				hypothetical protein
PL25_02397	gene	600				
PL25_02397	CDS	600				hypothetical protein
PL25_02398	gene	627	nudL			
PL25_02398	CDS	627	nudL	3.6.1.-		putative Nudix hydrolase NudL
PL25_02399	gene	1230				
PL25_02399	CDS	1230			COG3385	IS4 family transposase ISDre1
PL25_02400	gene	300				
PL25_02400	CDS	300				hypothetical protein
PL25_02401	gene	234				
PL25_02401	CDS	234				hypothetical protein
PL25_02402	gene	990	ycjS_3			
PL25_02402	CDS	990	ycjS_3	1.1.1.-	COG0673	D-glucoside 3-dehydrogenase
PL25_02403	gene	153				
PL25_02403	CDS	153				hypothetical protein
PL25_02404	gene	876	iolE_1			
PL25_02404	CDS	876	iolE_1	4.2.1.44		Inosose dehydratase
PL25_02405	gene	1014				
PL25_02405	CDS	1014				hypothetical protein
PL25_02406	gene	1302				
PL25_02406	CDS	1302				hypothetical protein
PL25_02407	gene	2733	mngB_2			
PL25_02407	CDS	2733	mngB_2	3.2.1.-	COG0383	Mannosylglycerate hydrolase
PL25_02408	gene	3144				
PL25_02408	CDS	3144				hypothetical protein
PL25_02409	gene	1602	fusA_1			
PL25_02409	CDS	1602	fusA_1		COG1653	Fructooligosaccharide ABC transporter substrate-binding protein FusA
PL25_02410	gene	906	ytcP_2			
PL25_02410	CDS	906	ytcP_2		COG0395	Polygalacturonan/rhamnogalacturonan transport system permease protein YtcP
PL25_02411	gene	1005	yteP_2			
PL25_02411	CDS	1005	yteP_2		COG4209	Polygalacturonan/rhamnogalacturonan transport system permease protein YteP
PL25_02412	gene	228				
PL25_02412	CDS	228				hypothetical protein
PL25_02413	gene	537				
PL25_02413	CDS	537				hypothetical protein
PL25_02414	gene	1038				
PL25_02414	CDS	1038				hypothetical protein
PL25_02415	gene	666	graR_1			
PL25_02415	CDS	666	graR_1		COG0745	Response regulator protein GraR
PL25_02416	gene	2166				
PL25_02416	CDS	2166				hypothetical protein
PL25_02417	gene	780	bceA			
PL25_02417	CDS	780	bceA		COG1136	Bacitracin export ATP-binding protein BceA
PL25_02418	gene	165				
PL25_02418	CDS	165				hypothetical protein
PL25_02419	gene	471				
PL25_02419	CDS	471				hypothetical protein
PL25_02420	gene	558				
PL25_02420	CDS	558				hypothetical protein
PL25_02421	gene	2259	yesS			
PL25_02421	CDS	2259	yesS		COG2207	HTH-type transcriptional regulator YesS
PL25_02422	gene	621	yesV			
PL25_02422	CDS	621	yesV		COG5578	putative protein YesV
PL25_02423	gene	3069				
PL25_02423	CDS	3069				hypothetical protein
PL25_02424	gene	204				
PL25_02424	CDS	204				hypothetical protein
PL25_02425	gene	273				
PL25_02425	CDS	273				hypothetical protein
PL25_02426	gene	141				
PL25_02426	CDS	141				hypothetical protein
PL25_02427	gene	216				
PL25_02427	CDS	216				hypothetical protein
PL25_02428	gene	225				
PL25_02428	CDS	225				hypothetical protein
PL25_02429	gene	672	nanR_2			
PL25_02429	CDS	672	nanR_2			HTH-type transcriptional repressor NanR
PL25_02430	gene	1248	yycB_2			
PL25_02430	CDS	1248	yycB_2		COG2807	putative transporter YycB
PL25_02431	gene	1065	tagT_1			
PL25_02431	CDS	1065	tagT_1	2.7.8.-	COG1316	Polyisoprenyl-teichoic acid--peptidoglycan teichoic acid transferase TagT
PL25_02432	gene	732	tagA_1			
PL25_02432	CDS	732	tagA_1	2.4.1.187	COG1922	N-acetylglucosaminyldiphosphoundecaprenol N-acetyl-beta-D-mannosaminyltransferase
PL25_02433	gene	1044	tagT_2			
PL25_02433	CDS	1044	tagT_2	2.7.8.-	COG1316	Polyisoprenyl-teichoic acid--peptidoglycan teichoic acid transferase TagT
PL25_02434	gene	1056	tagO_1			
PL25_02434	CDS	1056	tagO_1	2.7.8.33	COG0472	putative undecaprenyl-phosphate N-acetylglucosaminyl 1-phosphate transferase
PL25_02435	gene	1110	mshA			
PL25_02435	CDS	1110	mshA	2.4.1.250		D-inositol-3-phosphate glycosyltransferase
PL25_02436	gene	1266				
PL25_02436	CDS	1266				hypothetical protein
PL25_02437	gene	1059	arnC_1			
PL25_02437	CDS	1059	arnC_1	2.4.2.53		Undecaprenyl-phosphate 4-deoxy-4-formamido-L-arabinose transferase
PL25_02438	gene	1092				
PL25_02438	CDS	1092				hypothetical protein
PL25_02439	gene	1404				
PL25_02439	CDS	1404				hypothetical protein
PL25_02440	gene	717	UgpQ_2			
PL25_02440	CDS	717	UgpQ_2	3.1.4.46	COG0584	Glycerophosphodiester phosphodiesterase
PL25_02441	gene	1161	tarK			
PL25_02441	CDS	1161	tarK	2.7.8.46		Teichoic acid ribitol-phosphate primase
PL25_02442	gene	1269	tarL			
PL25_02442	CDS	1269	tarL	2.7.8.47		Teichoic acid poly(ribitol-phosphate) polymerase
PL25_02443	gene	744	fabG_5			
PL25_02443	CDS	744	fabG_5	1.1.1.100		3-oxoacyl-[acyl-carrier-protein] reductase FabG
PL25_02444	gene	690	ispD			
PL25_02444	CDS	690	ispD	2.7.7.60	COG1211	2-C-methyl-D-erythritol 4-phosphate cytidylyltransferase
PL25_02445	gene	822	tagH			
PL25_02445	CDS	822	tagH	7.5.2.4		Teichoic acids export ATP-binding protein TagH
PL25_02446	gene	828	tagG			
PL25_02446	CDS	828	tagG		COG1682	Teichoic acid translocation permease protein TagG
PL25_02447	gene	1176	tagF			
PL25_02447	CDS	1176	tagF	2.7.8.12	COG1887	Teichoic acid poly(glycerol phosphate) polymerase
PL25_02448	gene	3237				
PL25_02448	CDS	3237				hypothetical protein
PL25_02449	gene	258	insK_2			
PL25_02449	CDS	258	insK_2		COG2801	Putative transposase InsK for insertion sequence element IS150
PL25_02450	gene	597				
PL25_02450	CDS	597				hypothetical protein
PL25_02451	gene	1305				
PL25_02451	CDS	1305				hypothetical protein
PL25_02452	gene	375				
PL25_02452	CDS	375				IS21 family transposase IS643
PL25_02453	gene	3588				
PL25_02453	CDS	3588				hypothetical protein
PL25_02454	gene	1227	gtfA			
PL25_02454	CDS	1227	gtfA	2.4.1.-		UDP-N-acetylglucosamine--peptide N-acetylglucosaminyltransferase GtfA subunit
PL25_02455	gene	2805				
PL25_02455	CDS	2805				hypothetical protein
PL25_02456	gene	399	tagD_1			
PL25_02456	CDS	399	tagD_1	2.7.7.39	COG0615	Glycerol-3-phosphate cytidylyltransferase
PL25_02457	gene	1182				
PL25_02457	CDS	1182				hypothetical protein
PL25_02458	gene	2061				
PL25_02458	CDS	2061				hypothetical protein
PL25_02459	gene	735	tagA_2			
PL25_02459	CDS	735	tagA_2	2.4.1.187	COG1922	N-acetylglucosaminyldiphosphoundecaprenol N-acetyl-beta-D-mannosaminyltransferase
PL25_02460	gene	1569	murJ_2			
PL25_02460	CDS	1569	murJ_2		COG2244	Lipid II flippase MurJ
PL25_02461	gene	1860				
PL25_02461	CDS	1860				hypothetical protein
PL25_02462	gene	1107				
PL25_02462	CDS	1107				hypothetical protein
PL25_02463	gene	1350				
PL25_02463	CDS	1350				hypothetical protein
PL25_02464	gene	342	arnE_2			
PL25_02464	CDS	342	arnE_2			4-amino-4-deoxy-L-arabinose-phosphoundecaprenol flippase subunit ArnE
PL25_02465	gene	375				
PL25_02465	CDS	375				hypothetical protein
PL25_02466	gene	720	arnC_2			
PL25_02466	CDS	720	arnC_2	2.4.2.53		Undecaprenyl-phosphate 4-deoxy-4-formamido-L-arabinose transferase
PL25_02467	gene	1203				
PL25_02467	CDS	1203				hypothetical protein
PL25_02468	gene	1053	tagO_2			
PL25_02468	CDS	1053	tagO_2	2.7.8.33	COG0472	putative undecaprenyl-phosphate N-acetylglucosaminyl 1-phosphate transferase
PL25_02469	gene	120				
PL25_02469	CDS	120				hypothetical protein
PL25_02470	gene	729	UgpQ_3			
PL25_02470	CDS	729	UgpQ_3	3.1.4.46	COG0584	Glycerophosphodiester phosphodiesterase
PL25_02471	gene	399	tagD_2			
PL25_02471	CDS	399	tagD_2	2.7.7.39	COG0615	Glycerol-3-phosphate cytidylyltransferase
PL25_02472	gene	1158	tagB			
PL25_02472	CDS	1158	tagB	2.7.8.44	COG1887	Teichoic acid glycerol-phosphate primase
PL25_02473	gene	1461				
PL25_02473	CDS	1461				hypothetical protein
PL25_02474	gene	540				
PL25_02474	CDS	540				hypothetical protein
PL25_02475	gene	252				
PL25_02475	CDS	252				hypothetical protein
PL25_02476	gene	1434	norG			
PL25_02476	CDS	1434	norG			HTH-type transcriptional regulator NorG
PL25_02477	gene	3771				
PL25_02477	CDS	3771				hypothetical protein
PL25_02478	gene	1407	gndA			
PL25_02478	CDS	1407	gndA	1.1.1.44	COG0362	6-phosphogluconate dehydrogenase, NADP(+)-dependent, decarboxylating
PL25_02479	gene	1086	tagO_3			
PL25_02479	CDS	1086	tagO_3	2.7.8.33	COG0472	putative undecaprenyl-phosphate N-acetylglucosaminyl 1-phosphate transferase
PL25_02480	gene	405				
PL25_02480	CDS	405				hypothetical protein
PL25_02481	gene	927	hprK_2			
PL25_02481	CDS	927	hprK_2	2.7.11.-	COG1493	HPr kinase/phosphorylase
PL25_02482	gene	945	lipA			
PL25_02482	CDS	945	lipA	2.8.1.8	COG0320	Lipoyl synthase
PL25_02483	gene	822	lipM			
PL25_02483	CDS	822	lipM	2.3.1.181	COG0095	Octanoyltransferase LipM
PL25_02484	gene	108				
PL25_02484	misc_RNA	108				TPP
PL25_02485	gene	303	celA_2			
PL25_02485	CDS	303	celA_2	2.7.1.205		PTS system cellobiose-specific EIIB component
PL25_02486	gene	330	licA_2			
PL25_02486	CDS	330	licA_2		COG1447	Lichenan-specific phosphotransferase enzyme IIA component
PL25_02487	gene	1272	licC_3			
PL25_02487	CDS	1272	licC_3		COG1455	Lichenan permease IIC component
PL25_02488	gene	1317	licH_3			
PL25_02488	CDS	1317	licH_3	3.2.1.86	COG1486	putative 6-phospho-beta-glucosidase
PL25_02489	gene	732	gamR			
PL25_02489	CDS	732	gamR		COG2188	HTH-type transcriptional repressor GamR
PL25_02490	gene	702				
PL25_02490	CDS	702		3.5.1.-	COG3394	Carbohydrate deacetylase
PL25_02491	gene	747	yjjP			
PL25_02491	CDS	747	yjjP		COG2966	putative succinate transporter subunit YjjP
PL25_02492	gene	444	yjjB			
PL25_02492	CDS	444	yjjB		COG3610	putative succinate transporter subunit YjjB
PL25_02493	gene	1482	zwf			
PL25_02493	CDS	1482	zwf	1.1.1.49	COG0364	Glucose-6-phosphate 1-dehydrogenase
PL25_02494	gene	306				
PL25_02494	CDS	306				hypothetical protein
PL25_02495	gene	3075	swrC_1			
PL25_02495	CDS	3075	swrC_1		COG0841	Swarming motility protein SwrC
PL25_02496	gene	855	mdtA			
PL25_02496	CDS	855	mdtA			Multidrug resistance protein MdtA
PL25_02497	gene	882	betI_1			
PL25_02497	CDS	882	betI_1			HTH-type transcriptional regulator BetI
PL25_02498	gene	504				
PL25_02498	CDS	504				hypothetical protein
PL25_02499	gene	372				
PL25_02499	CDS	372				hypothetical protein
PL25_02500	gene	189				
PL25_02500	CDS	189				hypothetical protein
PL25_02501	gene	279				
PL25_02501	CDS	279				hypothetical protein
PL25_02502	gene	216				
PL25_02502	CDS	216				hypothetical protein
PL25_02503	gene	420	fabZ			
PL25_02503	CDS	420	fabZ	4.2.1.59		3-hydroxyacyl-[acyl-carrier-protein] dehydratase FabZ
PL25_02504	gene	357				
PL25_02504	CDS	357				hypothetical protein
PL25_02505	gene	831	flgG_2			
PL25_02505	CDS	831	flgG_2			Flagellar basal-body rod protein FlgG
PL25_02506	gene	804	flgG_3			
PL25_02506	CDS	804	flgG_3			Flagellar basal-body rod protein FlgG
PL25_02507	gene	1002	mbl			
PL25_02507	CDS	1002	mbl		COG1077	Cell shape-determining protein Mbl
PL25_02508	gene	234	spoIIID			
PL25_02508	CDS	234	spoIIID		COG1609	Stage III sporulation protein D
PL25_02509	gene	171				
PL25_02509	CDS	171				hypothetical protein
PL25_02510	gene	129				
PL25_02510	CDS	129				hypothetical protein
PL25_02511	gene	1011				
PL25_02511	CDS	1011				hypothetical protein
PL25_02512	gene	903	spoIIQ			
PL25_02512	CDS	903	spoIIQ		COG0739	Stage II sporulation protein Q
PL25_02513	gene	1215				
PL25_02513	CDS	1215				hypothetical protein
PL25_02514	gene	435				
PL25_02514	CDS	435				hypothetical protein
PL25_02515	gene	1005	oppF_2			
PL25_02515	CDS	1005	oppF_2	7.4.2.6	COG4608	Oligopeptide transport ATP-binding protein OppF
PL25_02516	gene	963	ykfC_2			
PL25_02516	CDS	963	ykfC_2	3.4.14.13	COG0791	Gamma-D-glutamyl-L-lysine dipeptidyl-peptidase
PL25_02517	gene	918	ykfA			
PL25_02517	CDS	918	ykfA	3.4.16.-	COG1619	putative murein peptide carboxypeptidase
PL25_02518	gene	1641	dppE_1			
PL25_02518	CDS	1641	dppE_1		COG4166	Dipeptide-binding protein DppE
PL25_02519	gene	1005	oppD_3			
PL25_02519	CDS	1005	oppD_3	7.4.2.6	COG0444	Oligopeptide transport ATP-binding protein OppD
PL25_02520	gene	960	dppC_1			
PL25_02520	CDS	960	dppC_1		COG1173	Dipeptide transport system permease protein DppC
PL25_02521	gene	933	dppB_1			
PL25_02521	CDS	933	dppB_1		COG0601	Dipeptide transport system permease protein DppB
PL25_02522	gene	825	dppA_2			
PL25_02522	CDS	825	dppA_2	3.4.11.-	COG2362	D-aminopeptidase
PL25_02523	gene	216				
PL25_02523	CDS	216				hypothetical protein
PL25_02524	gene	1230				
PL25_02524	CDS	1230			COG3385	IS4 family transposase ISDre1
PL25_02525	gene	1329	murAA			
PL25_02525	CDS	1329	murAA	2.5.1.7	COG0766	UDP-N-acetylglucosamine 1-carboxyvinyltransferase 1
PL25_02526	gene	717				
PL25_02526	CDS	717				hypothetical protein
PL25_02527	gene	231				
PL25_02527	CDS	231				hypothetical protein
PL25_02528	gene	396	atpC			
PL25_02528	CDS	396	atpC		COG0355	ATP synthase epsilon chain
PL25_02529	gene	1413	atpD			
PL25_02529	CDS	1413	atpD	7.1.2.2	COG0055	ATP synthase subunit beta
PL25_02530	gene	861	atpG			
PL25_02530	CDS	861	atpG		COG0224	ATP synthase gamma chain
PL25_02531	gene	1512	atpA			
PL25_02531	CDS	1512	atpA	7.1.2.2	COG0056	ATP synthase subunit alpha
PL25_02532	gene	546	atpH			
PL25_02532	CDS	546	atpH		COG0712	ATP synthase subunit delta
PL25_02533	gene	528	atpF			
PL25_02533	CDS	528	atpF		COG0711	ATP synthase subunit b
PL25_02534	gene	207	atpE			
PL25_02534	CDS	207	atpE			ATP synthase subunit c
PL25_02535	gene	723	atpB			
PL25_02535	CDS	723	atpB			ATP synthase subunit a
PL25_02536	gene	387				
PL25_02536	CDS	387				hypothetical protein
PL25_02537	gene	2178	vpr			
PL25_02537	CDS	2178	vpr	3.4.21.-	COG1404	Minor extracellular protease Vpr
PL25_02538	gene	1116	mnaA			
PL25_02538	CDS	1116	mnaA	5.1.3.14	COG0381	UDP-N-acetylglucosamine 2-epimerase
PL25_02539	gene	630	upp			
PL25_02539	CDS	630	upp	2.4.2.9		Uracil phosphoribosyltransferase
PL25_02540	gene	1245	glyA			
PL25_02540	CDS	1245	glyA	2.1.2.1	COG0112	Serine hydroxymethyltransferase
PL25_02541	gene	555				
PL25_02541	CDS	555				hypothetical protein
PL25_02542	gene	441	ywlF_2			
PL25_02542	CDS	441	ywlF_2	5.3.1.-	COG0698	Putative sugar phosphate isomerase YwlF
PL25_02543	gene	1296	tlpA			
PL25_02543	CDS	1296	tlpA		COG0840	Methyl-accepting chemotaxis protein TlpA
PL25_02544	gene	606	arsC_1			
PL25_02544	CDS	606	arsC_1	1.20.4.4		Arsenate reductase
PL25_02545	gene	468				
PL25_02545	CDS	468				hypothetical protein
PL25_02546	gene	552	mntP			
PL25_02546	CDS	552	mntP		COG1971	putative manganese efflux pump MntP
PL25_02547	gene	1029	ywlC			
PL25_02547	CDS	1029	ywlC	2.7.7.87	COG0009	Threonylcarbamoyl-AMP synthase
PL25_02548	gene	402				
PL25_02548	CDS	402				hypothetical protein
PL25_02549	gene	627				
PL25_02549	CDS	627				hypothetical protein
PL25_02550	gene	870	prmC			
PL25_02550	CDS	870	prmC	2.1.1.297	COG2890	Release factor glutamine methyltransferase
PL25_02551	gene	1071	prfA			
PL25_02551	CDS	1071	prfA		COG0216	Peptide chain release factor 1
PL25_02552	gene	621	tdk			
PL25_02552	CDS	621	tdk	2.7.1.21		Thymidine kinase
PL25_02553	gene	246	rpmE2			
PL25_02553	CDS	246	rpmE2		COG0254	Large ribosomal subunit protein bL31B
PL25_02554	gene	1281	rho			
PL25_02554	CDS	1281	rho	3.6.4.-	COG1158	Transcription termination factor Rho
PL25_02555	gene	972	glpX_2			
PL25_02555	CDS	972	glpX_2	3.1.3.11	COG1494	Fructose-1,6-bisphosphatase class 2
PL25_02556	gene	1287	murAB			
PL25_02556	CDS	1287	murAB	2.5.1.7	COG0766	UDP-N-acetylglucosamine 1-carboxyvinyltransferase 2
PL25_02557	gene	642	tal			
PL25_02557	CDS	642	tal	2.2.1.2	COG0176	Transaldolase
PL25_02558	gene	858	fbaA			
PL25_02558	CDS	858	fbaA	4.1.2.13	COG0191	putative fructose-bisphosphate aldolase
PL25_02559	gene	360	spo0F			
PL25_02559	CDS	360	spo0F	2.7.-.-	COG2204	Sporulation initiation phosphotransferase F
PL25_02560	gene	240				
PL25_02560	CDS	240				hypothetical protein
PL25_02561	gene	1614	pyrG			
PL25_02561	CDS	1614	pyrG	6.3.4.2	COG0504	CTP synthase
PL25_02562	gene	492	rpoE			
PL25_02562	CDS	492	rpoE			DNA-directed RNA polymerase subunit delta
PL25_02563	gene	612	hbdR			
PL25_02563	CDS	612	hbdR			HTH-type transcriptional regulator HbdR
PL25_02564	gene	1146	acdA_2			
PL25_02564	CDS	1146	acdA_2	1.3.99.-	COG1960	Acyl-CoA dehydrogenase
PL25_02565	gene	1134	mmgC			
PL25_02565	CDS	1134	mmgC	1.3.99.-	COG1960	Acyl-CoA dehydrogenase
PL25_02566	gene	852	mmgB_1			
PL25_02566	CDS	852	mmgB_1	1.1.1.157	COG1250	putative 3-hydroxybutyryl-CoA dehydrogenase
PL25_02567	gene	1185	mmgA			
PL25_02567	CDS	1185	mmgA	2.3.1.9	COG0183	Acetyl-CoA acetyltransferase
PL25_02568	gene	2103	fadF			
PL25_02568	CDS	2103	fadF	1.-.-.-	COG0247	putative iron-sulfur-binding oxidoreductase FadF
PL25_02569	gene	1347				
PL25_02569	CDS	1347			COG3385	IS4 family transposase ISHaha1
PL25_02570	gene	1347				
PL25_02570	CDS	1347			COG3385	IS4 family transposase ISHaha1
PL25_02571	gene	471				
PL25_02571	CDS	471				IS200/IS605 family transposase IS657
PL25_02572	gene	1665	argS			
PL25_02572	CDS	1665	argS	6.1.1.19		Arginine--tRNA ligase
PL25_02573	gene	438	ywiB			
PL25_02573	CDS	438	ywiB		COG4506	putative beta-barrel protein YwiB
PL25_02574	gene	68				
PL25_02574	misc_RNA	68				Bacillaceae-1
PL25_02575	gene	171				
PL25_02575	CDS	171				hypothetical protein
PL25_02576	gene	873	speB			
PL25_02576	CDS	873	speB	3.5.3.11	COG0010	Agmatinase
PL25_02577	gene	828	speE_1			
PL25_02577	CDS	828	speE_1	2.5.1.16	COG0421	Polyamine aminopropyltransferase
PL25_02578	gene	2043	pbpG			
PL25_02578	CDS	2043	pbpG		COG0744	Penicillin-binding protein 2D
PL25_02579	gene	216				
PL25_02579	CDS	216				hypothetical protein
PL25_02580	gene	67				
PL25_02580	misc_RNA	67				Bacillaceae-1
PL25_02581	gene	519				
PL25_02581	CDS	519				hypothetical protein
PL25_02582	gene	495				
PL25_02582	CDS	495				hypothetical protein
PL25_02583	gene	1320				
PL25_02583	CDS	1320				hypothetical protein
PL25_02584	gene	855	lipL			
PL25_02584	CDS	855	lipL	2.3.1.200	COG0095	Lipoyl-[GcvH]:protein N-lipoyltransferase
PL25_02585	gene	177				
PL25_02585	CDS	177				hypothetical protein
PL25_02586	gene	972	pta			
PL25_02586	CDS	972	pta	2.3.1.8	COG0280	Phosphate acetyltransferase
PL25_02587	gene	747	chdC			
PL25_02587	CDS	747	chdC	1.3.98.5		Coproheme decarboxylase
PL25_02588	gene	426	cwlJ_2			
PL25_02588	CDS	426	cwlJ_2		COG3773	Cell wall hydrolase CwlJ
PL25_02589	gene	450				
PL25_02589	CDS	450				hypothetical protein
PL25_02590	gene	252				
PL25_02590	CDS	252				hypothetical protein
PL25_02591	gene	369				
PL25_02591	CDS	369				hypothetical protein
PL25_02592	gene	297				
PL25_02592	CDS	297				hypothetical protein
PL25_02593	gene	216				
PL25_02593	CDS	216				hypothetical protein
PL25_02594	gene	141				
PL25_02594	CDS	141				hypothetical protein
PL25_02595	gene	306				
PL25_02595	CDS	306				hypothetical protein
PL25_02596	gene	1644	ubiB_2			
PL25_02596	CDS	1644	ubiB_2	2.7.-.-		putative protein kinase UbiB
PL25_02597	gene	1350				
PL25_02597	CDS	1350				hypothetical protein
PL25_02598	gene	255				
PL25_02598	CDS	255				hypothetical protein
PL25_02599	gene	564				
PL25_02599	CDS	564				hypothetical protein
PL25_02600	gene	1017				
PL25_02600	CDS	1017				hypothetical protein
PL25_02601	gene	849	ku			
PL25_02601	CDS	849	ku		COG1273	Non-homologous end joining protein Ku
PL25_02602	gene	1803	ligd			
PL25_02602	CDS	1803	ligd		COG1793	Bifunctional non-homologous end joining protein LigD
PL25_02603	gene	1026				
PL25_02603	CDS	1026				hypothetical protein
PL25_02604	gene	150				
PL25_02604	CDS	150				hypothetical protein
PL25_02605	gene	216				
PL25_02605	CDS	216				hypothetical protein
PL25_02606	gene	1287				
PL25_02606	CDS	1287				hypothetical protein
PL25_02607	gene	1395	tcyP			
PL25_02607	CDS	1395	tcyP		COG1823	L-cystine uptake protein TcyP
PL25_02608	gene	216				
PL25_02608	CDS	216				hypothetical protein
PL25_02609	gene	231				
PL25_02609	CDS	231				hypothetical protein
PL25_02610	gene	441				
PL25_02610	CDS	441				hypothetical protein
PL25_02611	gene	777				
PL25_02611	CDS	777				hypothetical protein
PL25_02612	gene	1740	pgcA			
PL25_02612	CDS	1740	pgcA	5.4.2.2	COG1109	Phosphoglucomutase
PL25_02613	gene	1089				
PL25_02613	CDS	1089				hypothetical protein
PL25_02614	gene	843				
PL25_02614	CDS	843				hypothetical protein
PL25_02615	gene	189				
PL25_02615	CDS	189				hypothetical protein
PL25_02616	gene	1869	nhaP2_1			
PL25_02616	CDS	1869	nhaP2_1			K(+)/H(+) antiporter NhaP2
PL25_02617	gene	1296	brnQ_1			
PL25_02617	CDS	1296	brnQ_1		COG1114	Branched-chain amino acid permease BrnQ
PL25_02618	gene	2145	recQ			
PL25_02618	CDS	2145	recQ	5.6.2.4	COG0514	ATP-dependent DNA helicase RecQ
PL25_02619	gene	1239				
PL25_02619	CDS	1239		3.4.11.-		Aminopeptidase 2
PL25_02620	gene	324	yodB			
PL25_02620	CDS	324	yodB		COG1733	HTH-type transcriptional regulator YodB
PL25_02621	gene	1422	alsT			
PL25_02621	CDS	1422	alsT		COG1115	Amino-acid carrier protein AlsT
PL25_02622	gene	525				
PL25_02622	CDS	525				hypothetical protein
PL25_02623	gene	1443	clsA			
PL25_02623	CDS	1443	clsA	2.7.8.-	COG1502	Major cardiolipin synthase ClsA
PL25_02624	gene	1194				
PL25_02624	CDS	1194		4.4.1.11	COG0626	L-methionine gamma-lyase
PL25_02625	gene	903	rarD			
PL25_02625	CDS	903	rarD		COG2962	Protein RarD
PL25_02626	gene	121				
PL25_02626	misc_RNA	121				SAM
PL25_02627	gene	1068				
PL25_02627	CDS	1068		2.5.1.-	COG2873	O-acetyl-L-homoserine sulfhydrylase
PL25_02628	gene	531				
PL25_02628	CDS	531				hypothetical protein
PL25_02629	gene	900				
PL25_02629	CDS	900				hypothetical protein
PL25_02630	gene	624				
PL25_02630	CDS	624				hypothetical protein
PL25_02631	gene	624				
PL25_02631	CDS	624				hypothetical protein
PL25_02632	gene	1623	ybiT			
PL25_02632	CDS	1623	ybiT		COG0488	putative ATP-binding protein YbiT
PL25_02633	gene	948				
PL25_02633	CDS	948				putative epimerase/dehydratase
PL25_02634	gene	1191				
PL25_02634	CDS	1191		2.3.1.-		Putative pyridoxal phosphate-dependent acyltransferase
PL25_02635	gene	132				
PL25_02635	CDS	132				hypothetical protein
PL25_02636	gene	603	desR_1			
PL25_02636	CDS	603	desR_1		COG2197	Transcriptional regulatory protein DesR
PL25_02637	gene	1128	desK_1			
PL25_02637	CDS	1128	desK_1	2.7.13.3	COG4585	Sensor histidine kinase DesK
PL25_02638	gene	738				
PL25_02638	CDS	738				hypothetical protein
PL25_02639	gene	897	drrA3			
PL25_02639	CDS	897	drrA3	7.6.2.2		Daunorubicin resistance ATP-binding protein DrrA3
PL25_02640	gene	768	yocH			
PL25_02640	CDS	768	yocH		COG1388	Cell wall-binding protein YocH
PL25_02641	gene	930	ypuA			
PL25_02641	CDS	930	ypuA		COG4086	putative protein YpuA
PL25_02642	gene	1254	sbnD			
PL25_02642	CDS	1254	sbnD		COG2814	Staphyloferrin B transporter
PL25_02643	gene	285				
PL25_02643	CDS	285				hypothetical protein
PL25_02644	gene	1170	adh2			
PL25_02644	CDS	1170	adh2	1.1.1.192	COG1979	Long-chain-alcohol dehydrogenase 2
PL25_02645	gene	381	ridA			
PL25_02645	CDS	381	ridA	3.5.99.10	COG0251	2-iminobutanoate/2-iminopropanoate deaminase
PL25_02646	gene	630				
PL25_02646	CDS	630				hypothetical protein
PL25_02647	gene	432				
PL25_02647	CDS	432				hypothetical protein
PL25_02648	gene	1341				
PL25_02648	CDS	1341		1.1.2.-	COG0277	L-gulono-1,4-lactone dehydrogenase
PL25_02649	gene	1173				
PL25_02649	CDS	1173				hypothetical protein
PL25_02650	gene	933	oppF_3			
PL25_02650	CDS	933	oppF_3	7.4.2.6	COG4608	Oligopeptide transport ATP-binding protein OppF
PL25_02651	gene	1053	oppD_4			
PL25_02651	CDS	1053	oppD_4	7.4.2.6	COG0444	Oligopeptide transport ATP-binding protein OppD
PL25_02652	gene	1158				
PL25_02652	CDS	1158				hypothetical protein
PL25_02653	gene	930	oppB_2			
PL25_02653	CDS	930	oppB_2		COG0601	Oligopeptide transport system permease protein OppB
PL25_02654	gene	1665	dppA_3			
PL25_02654	CDS	1665	dppA_3		COG4166	Dipeptide-binding protein
PL25_02655	gene	2001				
PL25_02655	CDS	2001				hypothetical protein
PL25_02656	gene	534				
PL25_02656	CDS	534				hypothetical protein
PL25_02657	gene	999				
PL25_02657	CDS	999				hypothetical protein
PL25_02658	gene	930	oppF_4			
PL25_02658	CDS	930	oppF_4	7.4.2.6	COG4608	Oligopeptide transport ATP-binding protein OppF
PL25_02659	gene	1056	oppD_5			
PL25_02659	CDS	1056	oppD_5	7.4.2.6	COG0444	Oligopeptide transport ATP-binding protein OppD
PL25_02660	gene	1158				
PL25_02660	CDS	1158				hypothetical protein
PL25_02661	gene	930	oppB_3			
PL25_02661	CDS	930	oppB_3		COG0601	Oligopeptide transport system permease protein OppB
PL25_02662	gene	1695	dppA_4			
PL25_02662	CDS	1695	dppA_4		COG4166	Dipeptide-binding protein
PL25_02663	gene	363				
PL25_02663	CDS	363				hypothetical protein
PL25_02664	gene	786				
PL25_02664	CDS	786				hypothetical protein
PL25_02665	gene	1293				
PL25_02665	CDS	1293				hypothetical protein
PL25_02666	gene	144				
PL25_02666	CDS	144				hypothetical protein
PL25_02667	gene	1212				
PL25_02667	CDS	1212				hypothetical protein
PL25_02668	gene	570				
PL25_02668	CDS	570				hypothetical protein
PL25_02669	gene	3177	rapA_2			
PL25_02669	CDS	3177	rapA_2	3.6.4.-		RNA polymerase-associated protein RapA
PL25_02670	gene	768	yxdL_1			
PL25_02670	CDS	768	yxdL_1		COG1136	ABC transporter ATP-binding protein YxdL
PL25_02671	gene	1857	bceB_1			
PL25_02671	CDS	1857	bceB_1		COG0577	Bacitracin export permease protein BceB
PL25_02672	gene	1191	norA			
PL25_02672	CDS	1191	norA			Quinolone resistance protein NorA
PL25_02673	gene	1542	xylB_2			
PL25_02673	CDS	1542	xylB_2	2.7.1.17		Xylulose kinase
PL25_02674	gene	801				
PL25_02674	CDS	801				hypothetical protein
PL25_02675	gene	618				
PL25_02675	CDS	618				hypothetical protein
PL25_02676	gene	507				
PL25_02676	CDS	507				hypothetical protein
PL25_02677	gene	729				
PL25_02677	CDS	729				hypothetical protein
PL25_02678	gene	402				
PL25_02678	CDS	402				hypothetical protein
PL25_02679	gene	849	uup_2			
PL25_02679	CDS	849	uup_2	3.6.1.-		ATP-binding protein Uup
PL25_02680	gene	933	lnrL_2			
PL25_02680	CDS	933	lnrL_2	7.6.2.-	COG1131	Linearmycin resistance ATP-binding protein LnrL
PL25_02681	gene	1230	yhaP_1			
PL25_02681	CDS	1230	yhaP_1		COG1668	putative protein YhaP
PL25_02682	gene	297				
PL25_02682	CDS	297				hypothetical protein
PL25_02683	gene	528				
PL25_02683	CDS	528				hypothetical protein
PL25_02684	gene	780				
PL25_02684	CDS	780				hypothetical protein
PL25_02685	gene	537	ywqN_1			
PL25_02685	CDS	537	ywqN_1	1.-.-.-	COG0655	Putative NAD(P)H-dependent FMN-containing oxidoreductase YwqN
PL25_02686	gene	345				
PL25_02686	CDS	345				hypothetical protein
PL25_02687	gene	1122				
PL25_02687	CDS	1122				hypothetical protein
PL25_02688	gene	372				
PL25_02688	CDS	372				hypothetical protein
PL25_02689	gene	1056				
PL25_02689	CDS	1056		2.1.1.-		putative methyltransferase <locus_tag>
PL25_02690	gene	1269				
PL25_02690	CDS	1269				hypothetical protein
PL25_02691	gene	1044	nrdB			
PL25_02691	CDS	1044	nrdB	1.17.4.1	COG0208	Ribonucleoside-diphosphate reductase subunit beta
PL25_02692	gene	447				
PL25_02692	CDS	447				Flavodoxin
PL25_02693	gene	2235	nrdA			
PL25_02693	CDS	2235	nrdA	1.17.4.1	COG0209	Ribonucleoside-diphosphate reductase subunit alpha
PL25_02694	gene	1575	caiT			
PL25_02694	CDS	1575	caiT		COG1292	L-carnitine/gamma-butyrobetaine antiporter
PL25_02695	gene	660				
PL25_02695	CDS	660				hypothetical protein
PL25_02696	gene	1680	asnB_2			
PL25_02696	CDS	1680	asnB_2	6.3.5.4	COG0367	Asparagine synthetase [glutamine-hydrolyzing] 1
PL25_02697	gene	123				
PL25_02697	CDS	123				hypothetical protein
PL25_02698	gene	750				
PL25_02698	CDS	750				hypothetical protein
PL25_02699	gene	537	sigW_1			
PL25_02699	CDS	537	sigW_1		COG1595	ECF RNA polymerase sigma factor SigW
PL25_02700	gene	2352	ydeP			
PL25_02700	CDS	2352	ydeP		COG0243	Protein YdeP
PL25_02701	gene	792	fdhD			
PL25_02701	CDS	792	fdhD		COG1526	Sulfur carrier protein FdhD
PL25_02702	gene	537				
PL25_02702	CDS	537				hypothetical protein
PL25_02703	gene	1176				
PL25_02703	CDS	1176				hypothetical protein
PL25_02704	gene	390				
PL25_02704	CDS	390				hypothetical protein
PL25_02705	gene	1068	rlmN			
PL25_02705	CDS	1068	rlmN	2.1.1.192		putative dual-specificity RNA methyltransferase RlmN
PL25_02706	gene	1488	gltB			
PL25_02706	CDS	1488	gltB	1.4.1.13	COG0493	Glutamate synthase [NADPH] small chain
PL25_02707	gene	4608	gltA			
PL25_02707	CDS	4608	gltA	1.4.1.13	COG0067	Glutamate synthase [NADPH] large chain
PL25_02708	gene	1011	cmoO			
PL25_02708	CDS	1011	cmoO	1.14.14.-	COG2141	N-acetyl-S-alkylcysteine monooxygenase
PL25_02709	gene	789				
PL25_02709	CDS	789				hypothetical protein
PL25_02710	gene	243				
PL25_02710	CDS	243				hypothetical protein
PL25_02711	gene	654				
PL25_02711	CDS	654		1.6.5.2	COG0655	NAD(P)H dehydrogenase (quinone)
PL25_02712	gene	876	htpX			
PL25_02712	CDS	876	htpX	3.4.24.-	COG0501	Protease HtpX
PL25_02713	gene	600	desR_2			
PL25_02713	CDS	600	desR_2		COG2197	Transcriptional regulatory protein DesR
PL25_02714	gene	1143	desK_2			
PL25_02714	CDS	1143	desK_2	2.7.13.3	COG4585	Sensor histidine kinase DesK
PL25_02715	gene	1044	des			
PL25_02715	CDS	1044	des	1.14.19.-	COG3239	Fatty acid desaturase
PL25_02716	gene	93				
PL25_02716	CDS	93				hypothetical protein
PL25_02717	gene	543	gmhB			
PL25_02717	CDS	543	gmhB	3.1.3.83		D-glycero-alpha-D-manno-heptose-1,7-bisphosphate 7-phosphatase
PL25_02718	gene	522				
PL25_02718	CDS	522				hypothetical protein
PL25_02719	gene	1347				
PL25_02719	CDS	1347			COG3385	IS4 family transposase ISHaha1
PL25_02720	gene	1515	cat1			
PL25_02720	CDS	1515	cat1	2.8.3.18	COG0427	Succinyl-CoA:acetate CoA-transferase
PL25_02721	gene	645				
PL25_02721	CDS	645				hypothetical protein
PL25_02722	gene	261				
PL25_02722	CDS	261				hypothetical protein
PL25_02723	gene	483				
PL25_02723	CDS	483				hypothetical protein
PL25_02724	gene	1062				
PL25_02724	CDS	1062		1.6.5.9	COG1252	Type II NADH:quinone oxidoreductase
PL25_02725	gene	690	cidB			
PL25_02725	CDS	690	cidB		COG1346	Holin-like protein CidB
PL25_02726	gene	372	cidA			
PL25_02726	CDS	372	cidA			Holin-like protein CidA
PL25_02727	gene	1440	argH_2			
PL25_02727	CDS	1440	argH_2	4.3.2.1	COG0165	Argininosuccinate lyase
PL25_02728	gene	1260	argG			
PL25_02728	CDS	1260	argG	6.3.4.5	COG0137	Argininosuccinate synthase
PL25_02729	gene	645	yhfK			
PL25_02729	CDS	645	yhfK	4.-.-.-	COG0702	putative sugar epimerase YhfK
PL25_02730	gene	639	nth_2			
PL25_02730	CDS	639	nth_2	4.2.99.18	COG0177	Endonuclease III
PL25_02731	gene	996	pstS			
PL25_02731	CDS	996	pstS			Phosphate-binding protein PstS
PL25_02732	gene	957				
PL25_02732	CDS	957				hypothetical protein
PL25_02733	gene	885	pstA			
PL25_02733	CDS	885	pstA		COG0581	Phosphate transport system permease protein PstA
PL25_02734	gene	828	pstB3			
PL25_02734	CDS	828	pstB3	7.3.2.1	COG1117	Phosphate import ATP-binding protein PstB 3
PL25_02735	gene	1719				
PL25_02735	CDS	1719				hypothetical protein
PL25_02736	gene	138				
PL25_02736	CDS	138				hypothetical protein
PL25_02737	gene	1473	cvrA			
PL25_02737	CDS	1473	cvrA		COG3263	K(+)/H(+) antiporter NhaP2
PL25_02738	gene	852	ywtE			
PL25_02738	CDS	852	ywtE	3.1.3.104	COG0561	5-amino-6-(5-phospho-D-ribitylamino)uracil phosphatase YwtE
PL25_02739	gene	876	gatY_2			
PL25_02739	CDS	876	gatY_2	4.1.2.40	COG0191	D-tagatose-1,6-bisphosphate aldolase subunit GatY
PL25_02740	gene	465	fruA_4			
PL25_02740	CDS	465	fruA_4		COG1299	PTS system fructose-specific EIIABC component
PL25_02741	gene	1437	fruA_5			
PL25_02741	CDS	1437	fruA_5		COG1299	PTS system fructose-specific EIIABC component
PL25_02742	gene	924	tagK_2			
PL25_02742	CDS	924	tagK_2	2.7.1.234	COG1105	D-tagatose-1-phosphate kinase
PL25_02743	gene	783	glvR			
PL25_02743	CDS	783	glvR		COG1737	HTH-type transcriptional regulator GlvR
PL25_02744	gene	780	rhaR_4			
PL25_02744	CDS	780	rhaR_4			HTH-type transcriptional activator RhaR
PL25_02745	gene	360				
PL25_02745	CDS	360				hypothetical protein
PL25_02746	gene	264				
PL25_02746	CDS	264				hypothetical protein
PL25_02747	gene	495	rimI_1			
PL25_02747	CDS	495	rimI_1	2.3.1.266		[Ribosomal protein bS18]-alanine N-acetyltransferase
PL25_02748	gene	978	mhqA			
PL25_02748	CDS	978	mhqA	1.13.11.-	COG0346	Putative ring-cleaving dioxygenase MhqA
PL25_02749	gene	819	tagU_2			
PL25_02749	CDS	819	tagU_2	2.7.8.-		Polyisoprenyl-teichoic acid--peptidoglycan teichoic acid transferase TagU
PL25_02750	gene	519	sigW_2			
PL25_02750	CDS	519	sigW_2		COG1595	ECF RNA polymerase sigma factor SigW
PL25_02751	gene	426				
PL25_02751	CDS	426				hypothetical protein
PL25_02752	gene	1068				
PL25_02752	CDS	1068			COG0577	putative ABC transporter permease
PL25_02753	gene	681	hrtA_1			
PL25_02753	CDS	681	hrtA_1	7.6.2.-		Putative hemin import ATP-binding protein HrtA
PL25_02754	gene	1686				
PL25_02754	CDS	1686				IS1182 family transposase IS663
PL25_02755	gene	68				
PL25_02755	misc_RNA	68				Ref64
PL25_02756	gene	432	ydaG			
PL25_02756	CDS	432	ydaG		COG3871	General stress protein 26
PL25_02757	gene	294				
PL25_02757	CDS	294				hypothetical protein
PL25_02758	gene	237				
PL25_02758	CDS	237				hypothetical protein
PL25_02759	gene	159				
PL25_02759	CDS	159				hypothetical protein
PL25_02760	gene	681	rpiA			
PL25_02760	CDS	681	rpiA	5.3.1.6	COG0120	Ribose-5-phosphate isomerase A
PL25_02761	gene	630	kdgA			
PL25_02761	CDS	630	kdgA	4.1.2.14	COG0800	2-dehydro-3-deoxy-phosphogluconate aldolase
PL25_02762	gene	930	kdgR			
PL25_02762	CDS	930	kdgR		COG1609	HTH-type transcriptional regulator KdgR
PL25_02763	gene	957				
PL25_02763	CDS	957				hypothetical protein
PL25_02764	gene	1359				
PL25_02764	CDS	1359				IS1182 family transposase IS662
PL25_02765	gene	396				
PL25_02765	CDS	396				hypothetical protein
PL25_02766	gene	96				
PL25_02766	CDS	96				hypothetical protein
PL25_02767	gene	207				
PL25_02767	CDS	207				hypothetical protein
PL25_02768	gene	654				
PL25_02768	CDS	654		3.3.2.2	COG3714	Lysoplasmalogenase
PL25_02769	gene	1131	garK			
PL25_02769	CDS	1131	garK	2.7.1.165	COG1929	Glycerate 2-kinase
PL25_02770	gene	354				
PL25_02770	CDS	354				hypothetical protein
PL25_02771	gene	483	crr_3			
PL25_02771	CDS	483	crr_3			PTS system glucose-specific EIIA component
PL25_02772	gene	825	sacY			
PL25_02772	CDS	825	sacY		COG3711	Levansucrase and sucrase synthesis operon antiterminator
PL25_02773	gene	1452	nagE			
PL25_02773	CDS	1452	nagE		COG1263	PTS system N-acetylglucosamine-specific EIICBA component
PL25_02774	gene	1347				
PL25_02774	CDS	1347			COG3385	IS4 family transposase ISHaha1
PL25_02775	gene	597	betI_2			
PL25_02775	CDS	597	betI_2			HTH-type transcriptional regulator BetI
PL25_02776	gene	768	spo0M			
PL25_02776	CDS	768	spo0M		COG4326	Sporulation-control protein spo0M
PL25_02777	gene	591	rimI_2			
PL25_02777	CDS	591	rimI_2	2.3.1.266		[Ribosomal protein bS18]-alanine N-acetyltransferase
PL25_02778	gene	1350	gltS_2			
PL25_02778	CDS	1350	gltS_2			Sodium/glutamate symporter
PL25_02779	gene	369				
PL25_02779	CDS	369				hypothetical protein
PL25_02780	gene	519				
PL25_02780	CDS	519				hypothetical protein
PL25_02781	gene	891	cynR_1			
PL25_02781	CDS	891	cynR_1		COG0583	HTH-type transcriptional regulator CynR
PL25_02782	gene	291				
PL25_02782	CDS	291				hypothetical protein
PL25_02783	gene	648				
PL25_02783	CDS	648				hypothetical protein
PL25_02784	gene	744				
PL25_02784	CDS	744				hypothetical protein
PL25_02785	gene	603	resA_4			
PL25_02785	CDS	603	resA_4			Thiol-disulfide oxidoreductase ResA
PL25_02786	gene	687	sphR			
PL25_02786	CDS	687	sphR		COG0745	Alkaline phosphatase synthesis transcriptional regulatory protein SphR
PL25_02787	gene	1089	baeS			
PL25_02787	CDS	1089	baeS	2.7.13.3	COG2205	Signal transduction histidine-protein kinase BaeS
PL25_02788	gene	420	arsC_2			
PL25_02788	CDS	420	arsC_2	1.20.4.4	COG0394	Arsenate reductase
PL25_02789	gene	1302	arsB			
PL25_02789	CDS	1302	arsB		COG1055	Arsenical pump membrane protein
PL25_02790	gene	348	aseR			
PL25_02790	CDS	348	aseR		COG0640	HTH-type transcriptional repressor AseR
PL25_02791	gene	261	ricR_2			
PL25_02791	CDS	261	ricR_2		COG1937	Copper-sensing transcriptional repressor RicR
PL25_02792	gene	1257				
PL25_02792	CDS	1257				hypothetical protein
PL25_02793	gene	192	sspH			
PL25_02793	CDS	192	sspH			Small, acid-soluble spore protein H
PL25_02794	gene	333				
PL25_02794	CDS	333				hypothetical protein
PL25_02795	gene	1077				
PL25_02795	CDS	1077				hypothetical protein
PL25_02796	gene	705	cobB			
PL25_02796	CDS	705	cobB	2.3.1.286	COG0846	NAD-dependent protein deacetylase
PL25_02797	gene	585				
PL25_02797	CDS	585				hypothetical protein
PL25_02798	gene	489	fabG3			
PL25_02798	CDS	489	fabG3	1.1.1.53	COG1028	3-alpha-(or 20-beta)-hydroxysteroid dehydrogenase
PL25_02799	gene	231				
PL25_02799	CDS	231				hypothetical protein
PL25_02800	gene	1347				
PL25_02800	CDS	1347			COG3385	IS4 family transposase ISHaha1
PL25_02801	gene	1413				
PL25_02801	CDS	1413				hypothetical protein
PL25_02802	gene	933	mntA			
PL25_02802	CDS	933	mntA		COG0803	Manganese-binding lipoprotein MntA
PL25_02803	gene	753	mntB			
PL25_02803	CDS	753	mntB		COG1121	Manganese transport system ATP-binding protein MntB
PL25_02804	gene	870	mntC			
PL25_02804	CDS	870	mntC		COG1108	Manganese transport system membrane protein MntC
PL25_02805	gene	891	mntD			
PL25_02805	CDS	891	mntD		COG1108	Manganese transport system membrane protein MntD
PL25_02806	gene	351				
PL25_02806	CDS	351				hypothetical protein
PL25_02807	gene	219				
PL25_02807	CDS	219				hypothetical protein
PL25_02808	gene	246				
PL25_02808	CDS	246				hypothetical protein
PL25_02809	gene	504				
PL25_02809	CDS	504				hypothetical protein
PL25_02810	gene	906				
PL25_02810	CDS	906				hypothetical protein
PL25_02811	gene	1161				
PL25_02811	CDS	1161				hypothetical protein
PL25_02812	gene	68				
PL25_02812	misc_RNA	68				Ref64
PL25_02813	gene	1704				
PL25_02813	CDS	1704				IS1182 family transposase IS663
PL25_02814	gene	1896	prkA			
PL25_02814	CDS	1896	prkA	3.4.21.53	COG2766	ATP-dependent protease PrkA
PL25_02815	gene	654				
PL25_02815	CDS	654				hypothetical protein
PL25_02816	gene	1230	bacE			
PL25_02816	CDS	1230	bacE		COG2814	Putative bacilysin exporter BacE
PL25_02817	gene	858				
PL25_02817	CDS	858				hypothetical protein
PL25_02818	gene	786				
PL25_02818	CDS	786				hypothetical protein
PL25_02819	gene	300	phnC			
PL25_02819	CDS	300	phnC	7.3.2.1	COG3638	Phosphate-import ATP-binding protein PhnC
PL25_02820	gene	594	btuD_1			
PL25_02820	CDS	594	btuD_1	7.6.2.8		Vitamin B12 import ATP-binding protein BtuD
PL25_02821	gene	1038	phnD_1			
PL25_02821	CDS	1038	phnD_1		COG3221	Phosphate-import protein PhnD
PL25_02822	gene	819	phnPP			
PL25_02822	CDS	819	phnPP	3.1.4.57	COG0613	Phosphoribosyl 1,2-cyclic phosphate 1,2-diphosphodiesterase
PL25_02823	gene	723	phnL			
PL25_02823	CDS	723	phnL	2.7.8.37	COG4778	Alpha-D-ribose 1-methylphosphonate 5-triphosphate synthase subunit PhnL
PL25_02824	gene	1182	phnM			
PL25_02824	CDS	1182	phnM	3.6.1.63	COG3454	Alpha-D-ribose 1-methylphosphonate 5-triphosphate diphosphatase
PL25_02825	gene	840	phnK			
PL25_02825	CDS	840	phnK		COG4107	Putative phosphonates utilization ATP-binding protein PhnK
PL25_02826	gene	867	phnJ			
PL25_02826	CDS	867	phnJ	4.7.1.1	COG3627	Alpha-D-ribose 1-methylphosphonate 5-phosphate C-P lyase
PL25_02827	gene	1107	phnI			
PL25_02827	CDS	1107	phnI	2.7.8.37	COG3626	Alpha-D-ribose 1-methylphosphonate 5-triphosphate synthase subunit PhnI
PL25_02828	gene	597				
PL25_02828	CDS	597				hypothetical protein
PL25_02829	gene	423				
PL25_02829	CDS	423				hypothetical protein
PL25_02830	gene	1416	rnj			
PL25_02830	CDS	1416	rnj	3.1.-.-	COG0595	Ribonuclease J
PL25_02831	gene	1323	ugpB			
PL25_02831	CDS	1323	ugpB		COG1653	sn-glycerol-3-phosphate-binding periplasmic protein UgpB
PL25_02832	gene	828	araQ_2			
PL25_02832	CDS	828	araQ_2		COG0395	Arabinooligosaccharides transport system permease protein AraQ
PL25_02833	gene	891	lacF_2			
PL25_02833	CDS	891	lacF_2			Lactose transport system permease protein LacF
PL25_02834	gene	1131	smoE			
PL25_02834	CDS	1131	smoE	7.5.2.-	COG3842	Sulfoquinovosyl glycerol transport ATP-binding protein SmoE
PL25_02835	gene	399				
PL25_02835	CDS	399				hypothetical protein
PL25_02836	gene	711	dasR			
PL25_02836	CDS	711	dasR		COG2188	HTH-type transcriptional repressor DasR
PL25_02837	gene	1167				
PL25_02837	CDS	1167				hypothetical protein
PL25_02838	gene	105				
PL25_02838	CDS	105				hypothetical protein
PL25_02839	gene	216				
PL25_02839	CDS	216				hypothetical protein
PL25_02840	gene	300				
PL25_02840	CDS	300				hypothetical protein
PL25_02841	gene	858	gltR_2			
PL25_02841	CDS	858	gltR_2		COG0583	HTH-type transcriptional regulator GltR
PL25_02842	gene	570	ywqN_2			
PL25_02842	CDS	570	ywqN_2	1.-.-.-	COG0655	Putative NAD(P)H-dependent FMN-containing oxidoreductase YwqN
PL25_02843	gene	348				
PL25_02843	CDS	348				hypothetical protein
PL25_02844	gene	273	yqjZ			
PL25_02844	CDS	273	yqjZ		COG2329	putative protein YqjZ
PL25_02845	gene	651	vraR			
PL25_02845	CDS	651	vraR			Response regulator protein VraR
PL25_02846	gene	3069	rcsC_2			
PL25_02846	CDS	3069	rcsC_2	2.7.13.3		Sensor histidine kinase RcsC
PL25_02847	gene	1131	cheB_3			
PL25_02847	CDS	1131	cheB_3	3.5.1.44		Protein-glutamate methylesterase/protein-glutamine glutaminase
PL25_02848	gene	1020				
PL25_02848	CDS	1020				hypothetical protein
PL25_02849	gene	891	cysL_2			
PL25_02849	CDS	891	cysL_2		COG0583	HTH-type transcriptional regulator CysL
PL25_02850	gene	720				
PL25_02850	CDS	720				hypothetical protein
PL25_02851	gene	807				
PL25_02851	CDS	807				hypothetical protein
PL25_02852	gene	666	srtA_2			
PL25_02852	CDS	666	srtA_2	3.4.22.-		Sortase A
PL25_02853	gene	1779				
PL25_02853	CDS	1779				hypothetical protein
PL25_02854	gene	195				
PL25_02854	CDS	195				hypothetical protein
PL25_02855	gene	486				
PL25_02855	CDS	486				hypothetical protein
PL25_02856	gene	648				
PL25_02856	CDS	648				hypothetical protein
PL25_02857	gene	1248	rhaR_5			
PL25_02857	CDS	1248	rhaR_5			HTH-type transcriptional activator RhaR
PL25_02858	gene	759	lvr			
PL25_02858	CDS	759	lvr	1.1.1.-		Levodione reductase
PL25_02859	gene	681	modB_1			
PL25_02859	CDS	681	modB_1		COG4149	Molybdenum transport system permease protein ModB
PL25_02860	gene	798	modA_1			
PL25_02860	CDS	798	modA_1		COG0725	Molybdate-binding protein ModA
PL25_02861	gene	1944				
PL25_02861	CDS	1944				hypothetical protein
PL25_02862	gene	738				
PL25_02862	CDS	738				hypothetical protein
PL25_02863	gene	690	scdA			
PL25_02863	CDS	690	scdA		COG2846	Iron-sulfur cluster repair protein ScdA
PL25_02864	gene	1524				
PL25_02864	CDS	1524				hypothetical protein
PL25_02865	gene	255				
PL25_02865	CDS	255				hypothetical protein
PL25_02866	gene	945	moeA_2			
PL25_02866	CDS	945	moeA_2	2.10.1.1		Molybdopterin molybdenumtransferase
PL25_02867	gene	219	moeA_3			
PL25_02867	CDS	219	moeA_3	2.10.1.1		Molybdopterin molybdenumtransferase
PL25_02868	gene	486	mobB			
PL25_02868	CDS	486	mobB		COG1763	Molybdopterin-guanine dinucleotide biosynthesis adapter protein
PL25_02869	gene	723	fnr_1			
PL25_02869	CDS	723	fnr_1		COG0664	Anaerobic regulatory protein
PL25_02870	gene	501	ogt			
PL25_02870	CDS	501	ogt	2.1.1.63	COG0350	Methylated-DNA--protein-cysteine methyltransferase
PL25_02871	gene	915	alkA_1			
PL25_02871	CDS	915	alkA_1	3.2.2.21	COG0122	DNA-3-methyladenine glycosylase
PL25_02872	gene	570	adaA_1			
PL25_02872	CDS	570	adaA_1	2.1.1.-	COG2169	Bifunctional transcriptional activator/DNA repair enzyme AdaA
PL25_02873	gene	498				
PL25_02873	CDS	498				hypothetical protein
PL25_02874	gene	1488				
PL25_02874	CDS	1488				hypothetical protein
PL25_02875	gene	561	gph			
PL25_02875	CDS	561	gph	3.1.3.18		Phosphoglycolate phosphatase
PL25_02876	gene	963	ghrB_2			
PL25_02876	CDS	963	ghrB_2	1.1.1.79	COG1052	Glyoxylate/hydroxypyruvate reductase B
PL25_02877	gene	378				
PL25_02877	CDS	378				hypothetical protein
PL25_02878	gene	327				
PL25_02878	CDS	327				hypothetical protein
PL25_02879	gene	807				
PL25_02879	CDS	807				hypothetical protein
PL25_02880	gene	684				
PL25_02880	CDS	684				hypothetical protein
PL25_02881	gene	600	uptA_2			
PL25_02881	CDS	600	uptA_2		COG0586	Undecaprenyl phosphate transporter A
PL25_02882	gene	783	psd			
PL25_02882	CDS	783	psd	4.1.1.65	COG0688	Phosphatidylserine decarboxylase proenzyme
PL25_02883	gene	687				
PL25_02883	CDS	687				hypothetical protein
PL25_02884	gene	660				
PL25_02884	CDS	660				hypothetical protein
PL25_02885	gene	630				
PL25_02885	CDS	630				hypothetical protein
PL25_02886	gene	756				
PL25_02886	CDS	756				hypothetical protein
PL25_02887	gene	993	degA			
PL25_02887	CDS	993	degA		COG1609	HTH-type transcriptional regulator DegA
PL25_02888	gene	1314	ntdA			
PL25_02888	CDS	1314	ntdA	2.6.1.104	COG0399	3-oxo-glucose-6-phosphate:glutamate aminotransferase
PL25_02889	gene	849	ntdB			
PL25_02889	CDS	849	ntdB	3.1.3.92	COG0561	Kanosamine-6-phosphate phosphatase
PL25_02890	gene	1053	ntdC			
PL25_02890	CDS	1053	ntdC	1.1.1.361	COG0673	Glucose-6-phosphate 3-dehydrogenase
PL25_02891	gene	1188	glcP			
PL25_02891	CDS	1188	glcP		COG0738	Glucose/mannose transporter GlcP
PL25_02892	gene	1362	aroP			
PL25_02892	CDS	1362	aroP		COG1113	Aromatic amino acid transport protein AroP
PL25_02893	gene	948	arcA			
PL25_02893	CDS	948	arcA	3.5.3.6		Arginine deiminase
PL25_02894	gene	639				
PL25_02894	CDS	639				hypothetical protein
PL25_02895	gene	201	cspC			
PL25_02895	CDS	201	cspC		COG1278	Cold shock protein CspC
PL25_02896	gene	411				
PL25_02896	CDS	411				hypothetical protein
PL25_02897	gene	477				
PL25_02897	CDS	477				hypothetical protein
PL25_02898	gene	144				
PL25_02898	CDS	144				hypothetical protein
PL25_02899	gene	546				
PL25_02899	CDS	546				hypothetical protein
PL25_02900	gene	885				
PL25_02900	CDS	885				hypothetical protein
PL25_02901	gene	1539	mmcO			
PL25_02901	CDS	1539	mmcO	1.16.3.1	COG2132	Multicopper oxidase MmcO
PL25_02902	gene	549				
PL25_02902	CDS	549				IS1595 family transposase ISSpgl1
PL25_02903	gene	1506	mqo1			
PL25_02903	CDS	1506	mqo1	1.1.5.4		putative malate:quinone oxidoreductase 1
PL25_02904	gene	1089				
PL25_02904	CDS	1089				hypothetical protein
PL25_02905	gene	1245	adeR			
PL25_02905	CDS	1245	adeR		COG2508	DNA-binding transcriptional activator AdeR
PL25_02906	gene	1122	ald_2			
PL25_02906	CDS	1122	ald_2	1.4.1.1	COG0686	Alanine dehydrogenase
PL25_02907	gene	1185	alr2			
PL25_02907	CDS	1185	alr2	5.1.1.1	COG0787	Alanine racemase 2
PL25_02908	gene	1506	bglH			
PL25_02908	CDS	1506	bglH	3.2.1.86	COG2723	Aryl-phospho-beta-D-glucosidase BglH
PL25_02909	gene	831	licT			
PL25_02909	CDS	831	licT		COG3711	Transcription antiterminator LicT
PL25_02910	gene	1875	bglF			
PL25_02910	CDS	1875	bglF		COG1263	PTS system beta-glucoside-specific EIIBCA component
PL25_02911	gene	1026				
PL25_02911	CDS	1026				hypothetical protein
PL25_02912	gene	1434				
PL25_02912	CDS	1434				hypothetical protein
PL25_02913	gene	582				
PL25_02913	CDS	582				hypothetical protein
PL25_02914	gene	1197				
PL25_02914	CDS	1197			COG2223	L-lactate transporter
PL25_02915	gene	375	blaI			
PL25_02915	CDS	375	blaI			Penicillinase repressor
PL25_02916	gene	1152				
PL25_02916	CDS	1152				hypothetical protein
PL25_02917	gene	123				
PL25_02917	CDS	123				hypothetical protein
PL25_02918	gene	507				
PL25_02918	CDS	507				hypothetical protein
PL25_02919	gene	123				
PL25_02919	CDS	123				hypothetical protein
PL25_02920	gene	423				
PL25_02920	CDS	423				hypothetical protein
PL25_02921	gene	495				
PL25_02921	CDS	495				hypothetical protein
PL25_02922	gene	1359				
PL25_02922	CDS	1359				IS1182 family transposase IS662
PL25_02923	gene	549				
PL25_02923	CDS	549				hypothetical protein
PL25_02924	gene	564				
PL25_02924	CDS	564				hypothetical protein
PL25_02925	gene	1800	uup_3			
PL25_02925	CDS	1800	uup_3	3.6.1.-		ATP-binding protein Uup
PL25_02926	gene	495				
PL25_02926	CDS	495				hypothetical protein
PL25_02927	gene	324				
PL25_02927	CDS	324				hypothetical protein
PL25_02928	gene	951				
PL25_02928	CDS	951				hypothetical protein
PL25_02929	gene	3231				
PL25_02929	CDS	3231				hypothetical protein
PL25_02930	gene	696	lolD			
PL25_02930	CDS	696	lolD	7.6.2.-	COG1136	Lipoprotein-releasing system ATP-binding protein LolD
PL25_02931	gene	564				
PL25_02931	CDS	564				hypothetical protein
PL25_02932	gene	411				
PL25_02932	CDS	411				hypothetical protein
PL25_02933	gene	100				
PL25_02933	misc_RNA	100				Purine
PL25_02934	gene	1191	pbuE_1			
PL25_02934	CDS	1191	pbuE_1		COG2814	Purine efflux pump PbuE
PL25_02935	gene	1593	yidK			
PL25_02935	CDS	1593	yidK		COG4146	putative symporter YidK
PL25_02936	gene	1020	iolG_3			
PL25_02936	CDS	1020	iolG_3	1.1.1.18	COG0673	Myo-inositol 2-dehydrogenase
PL25_02937	gene	1347				
PL25_02937	CDS	1347			COG3385	IS4 family transposase ISHaha1
PL25_02938	gene	318	licA_3			
PL25_02938	CDS	318	licA_3		COG1447	Lichenan-specific phosphotransferase enzyme IIA component
PL25_02939	gene	297	celA_3			
PL25_02939	CDS	297	celA_3	2.7.1.205		PTS system cellobiose-specific EIIB component
PL25_02940	gene	768	glpR			
PL25_02940	CDS	768	glpR		COG1349	Glycerol-3-phosphate regulon repressor
PL25_02941	gene	792	glcR_1			
PL25_02941	CDS	792	glcR_1		COG1349	HTH-type transcriptional repressor GlcR
PL25_02942	gene	390				
PL25_02942	CDS	390				hypothetical protein
PL25_02943	gene	1461	iolA_2			
PL25_02943	CDS	1461	iolA_2	1.2.1.27	COG1012	Malonate-semialdehyde dehydrogenase
PL25_02944	gene	819	iolB			
PL25_02944	CDS	819	iolB	5.3.1.30	COG3718	5-deoxy-glucuronate isomerase
PL25_02945	gene	981	iolC_2			
PL25_02945	CDS	981	iolC_2	2.7.1.92	COG0524	5-dehydro-2-deoxygluconokinase
PL25_02946	gene	1917	iolD			
PL25_02946	CDS	1917	iolD	3.7.1.22	COG3962	3D-(3,5/4)-trihydroxycyclohexane-1,2-dione hydrolase
PL25_02947	gene	888	iolE_2			
PL25_02947	CDS	888	iolE_2	4.2.1.44	COG1082	Inosose dehydratase
PL25_02948	gene	864	iolJ			
PL25_02948	CDS	864	iolJ	4.1.2.29	COG0191	6-phospho-5-dehydro-2-deoxy-D-gluconate aldolase
PL25_02949	gene	1011	iolG_4			
PL25_02949	CDS	1011	iolG_4	1.1.1.18	COG0673	Myo-inositol 2-dehydrogenase
PL25_02950	gene	981				
PL25_02950	CDS	981				hypothetical protein
PL25_02951	gene	978				
PL25_02951	CDS	978				hypothetical protein
PL25_02952	gene	1650				
PL25_02952	CDS	1650				hypothetical protein
PL25_02953	gene	339				
PL25_02953	CDS	339				hypothetical protein
PL25_02954	gene	495				
PL25_02954	CDS	495				hypothetical protein
PL25_02955	gene	156				
PL25_02955	CDS	156				hypothetical protein
PL25_02956	gene	1287				
PL25_02956	CDS	1287				hypothetical protein
PL25_02957	gene	1107				
PL25_02957	CDS	1107				IS1595 family transposase ISCco3
PL25_02958	gene	138				
PL25_02958	CDS	138				hypothetical protein
PL25_02959	gene	1149				
PL25_02959	CDS	1149				hypothetical protein
PL25_02960	gene	168				
PL25_02960	misc_RNA	168				group-II-D1D4-3
PL25_02961	gene	1161	dltD			
PL25_02961	CDS	1161	dltD		COG3966	Protein DltD
PL25_02962	gene	243	dltC			
PL25_02962	CDS	243	dltC		COG0236	D-alanyl carrier protein
PL25_02963	gene	1158	dltB			
PL25_02963	CDS	1158	dltB	2.3.1.-	COG1696	Teichoic acid D-alanyltransferase
PL25_02964	gene	1428	dltA_1			
PL25_02964	CDS	1428	dltA_1	6.2.1.54	COG1020	D-alanine--D-alanyl carrier protein ligase
PL25_02965	gene	672	resD_2			
PL25_02965	CDS	672	resD_2		COG0745	Transcriptional regulatory protein ResD
PL25_02966	gene	1743	sasA_2			
PL25_02966	CDS	1743	sasA_2	2.7.13.3		Adaptive-response sensory-kinase SasA
PL25_02967	gene	74				
PL25_02967	misc_RNA	74				Intron_gpII
PL25_02968	gene	1023				
PL25_02968	CDS	1023				hypothetical protein
PL25_02969	gene	1503				
PL25_02969	CDS	1503				hypothetical protein
PL25_02970	gene	741				
PL25_02970	CDS	741				hypothetical protein
PL25_02971	gene	4398	smc_4			
PL25_02971	CDS	4398	smc_4			Chromosome partition protein Smc
PL25_02972	gene	786				
PL25_02972	CDS	786				hypothetical protein
PL25_02973	gene	228				
PL25_02973	CDS	228				hypothetical protein
PL25_02974	gene	480	rlmH			
PL25_02974	CDS	480	rlmH	2.1.1.177	COG1576	Ribosomal RNA large subunit methyltransferase H
PL25_02975	gene	339				
PL25_02975	CDS	339				hypothetical protein
PL25_02976	gene	558	padR			
PL25_02976	CDS	558	padR		COG1695	Negative transcriptional regulator PadR
PL25_02977	gene	480				
PL25_02977	CDS	480				hypothetical protein
PL25_02978	gene	570				
PL25_02978	CDS	570		3.2.2.-		Cytokinin riboside 5'-monophosphate phosphoribohydrolase
PL25_02979	gene	984	guaC			
PL25_02979	CDS	984	guaC	1.7.1.7	COG0516	GMP reductase
PL25_02980	gene	1752	lytS			
PL25_02980	CDS	1752	lytS	2.7.13.3	COG3275	Sensor histidine kinase/phosphatase LytS
PL25_02981	gene	732	ypdB			
PL25_02981	CDS	732	ypdB		COG3279	Transcriptional regulatory protein YpdB
PL25_02982	gene	1452	cstA_2			
PL25_02982	CDS	1452	cstA_2		COG1966	Peptide transporter CstA
PL25_02983	gene	909	metAA			
PL25_02983	CDS	909	metAA	2.3.1.31		Homoserine O-acetyltransferase
PL25_02984	gene	438	lrpC_1			
PL25_02984	CDS	438	lrpC_1		COG1522	HTH-type transcriptional regulator LrpC
PL25_02985	gene	417				
PL25_02985	CDS	417				hypothetical protein
PL25_02986	gene	162				
PL25_02986	CDS	162				hypothetical protein
PL25_02987	gene	369				
PL25_02987	CDS	369				hypothetical protein
PL25_02988	gene	762				
PL25_02988	CDS	762				hypothetical protein
PL25_02989	gene	1539	dacC_2			
PL25_02989	CDS	1539	dacC_2	3.4.16.4	COG2027	D-alanyl-D-alanine carboxypeptidase DacC
PL25_02990	gene	429				
PL25_02990	CDS	429				hypothetical protein
PL25_02991	gene	117				
PL25_02991	CDS	117				hypothetical protein
PL25_02992	gene	153				
PL25_02992	CDS	153				hypothetical protein
PL25_02993	gene	480				
PL25_02993	CDS	480				hypothetical protein
PL25_02994	gene	402				
PL25_02994	CDS	402				hypothetical protein
PL25_02995	gene	207				
PL25_02995	CDS	207				hypothetical protein
PL25_02996	gene	372				
PL25_02996	CDS	372				hypothetical protein
PL25_02997	gene	456				
PL25_02997	CDS	456				hypothetical protein
PL25_02998	gene	807				
PL25_02998	CDS	807				hypothetical protein
PL25_02999	gene	378				
PL25_02999	CDS	378				hypothetical protein
PL25_03000	gene	1596	nprB_1			
PL25_03000	CDS	1596	nprB_1	3.4.24.-	COG3227	Neutral protease B
PL25_03001	gene	561				
PL25_03001	CDS	561				hypothetical protein
PL25_03002	gene	345				
PL25_03002	CDS	345				hypothetical protein
PL25_03003	gene	576	pspB			
PL25_03003	CDS	576	pspB	3.1.3.3	COG0406	Putative phosphoserine phosphatase 2
PL25_03004	gene	555				
PL25_03004	CDS	555				hypothetical protein
PL25_03005	gene	366				
PL25_03005	CDS	366				hypothetical protein
PL25_03006	gene	762				
PL25_03006	CDS	762		1.1.1.-	COG1028	3beta-hydroxysteroid dehydrogenase 2
PL25_03007	gene	630				
PL25_03007	CDS	630				hypothetical protein
PL25_03008	gene	603	cysC			
PL25_03008	CDS	603	cysC	2.7.1.25	COG0529	putative adenylyl-sulfate kinase
PL25_03009	gene	1779				
PL25_03009	CDS	1779				hypothetical protein
PL25_03010	gene	1173	sat			
PL25_03010	CDS	1173	sat	2.7.7.4	COG2046	Sulfate adenylyltransferase
PL25_03011	gene	822				
PL25_03011	CDS	822				hypothetical protein
PL25_03012	gene	642	sirC			
PL25_03012	CDS	642	sirC	1.3.1.76		Precorrin-2 dehydrogenase
PL25_03013	gene	732	sirB			
PL25_03013	CDS	732	sirB	4.99.1.4	COG2138	Sirohydrochlorin ferrochelatase
PL25_03014	gene	780	cobA			
PL25_03014	CDS	780	cobA	2.1.1.107		Uroporphyrinogen-III C-methyltransferase
PL25_03015	gene	1716	cysI			
PL25_03015	CDS	1716	cysI	1.8.1.2	COG0155	Sulfite reductase [NADPH] hemoprotein beta-component
PL25_03016	gene	1833	cysJ			
PL25_03016	CDS	1833	cysJ	1.8.1.2	COG0369	Sulfite reductase [NADPH] flavoprotein alpha-component
PL25_03017	gene	738	cysH			
PL25_03017	CDS	738	cysH	1.8.4.10	COG0175	Adenosine 5'-phosphosulfate reductase 1
PL25_03018	gene	103				
PL25_03018	misc_RNA	103				SAM
PL25_03019	gene	315	gdnD_2			
PL25_03019	CDS	315	gdnD_2		COG2076	putative guanidinium efflux system subunit GdnD
PL25_03020	gene	351	gdx_2			
PL25_03020	CDS	351	gdx_2		COG2076	Guanidinium exporter
PL25_03021	gene	573	yvdT			
PL25_03021	CDS	573	yvdT		COG1309	putative HTH-type transcriptional regulator YvdT
PL25_03022	gene	1410	gloB_2			
PL25_03022	CDS	1410	gloB_2	3.1.2.6		Hydroxyacylglutathione hydrolase
PL25_03023	gene	663				
PL25_03023	CDS	663		1.11.1.24	COG0450	Peroxiredoxin
PL25_03024	gene	1722	ywjA_2			
PL25_03024	CDS	1722	ywjA_2		COG1132	putative ABC transporter ATP-binding protein YwjA
PL25_03025	gene	372				
PL25_03025	CDS	372				hypothetical protein
PL25_03026	gene	1212	htrA			
PL25_03026	CDS	1212	htrA	3.4.21.107	COG0265	Serine protease Do-like HtrA
PL25_03027	gene	786	yycJ			
PL25_03027	CDS	786	yycJ	3.1.11.-	COG1235	Exodeoxyribonuclease YycJ
PL25_03028	gene	942	yycI			
PL25_03028	CDS	942	yycI		COG4853	Two-component system WalR/WalK regulatory protein YycI
PL25_03029	gene	1311	yycH			
PL25_03029	CDS	1311	yycH		COG4863	Two-component system WalR/WalK regulatory protein YycH
PL25_03030	gene	1836	walK			
PL25_03030	CDS	1836	walK	2.7.13.3	COG5002	Sensor histidine kinase WalK
PL25_03031	gene	705	walR_2			
PL25_03031	CDS	705	walR_2		COG0745	Transcriptional regulatory protein WalR
PL25_03032	gene	1452				
PL25_03032	CDS	1452				hypothetical protein
PL25_03033	gene	990				
PL25_03033	CDS	990				hypothetical protein
PL25_03034	gene	68				
PL25_03034	misc_RNA	68				Bacillaceae-1
PL25_03035	gene	1797	hepA			
PL25_03035	CDS	1797	hepA		COG1132	Heterocyst differentiation ATP-binding protein HepA
PL25_03036	gene	1185				
PL25_03036	CDS	1185				hypothetical protein
PL25_03037	gene	477				
PL25_03037	CDS	477				hypothetical protein
PL25_03038	gene	306				
PL25_03038	CDS	306				hypothetical protein
PL25_03039	gene	957	hprK_3			
PL25_03039	CDS	957	hprK_3	2.7.4.-		HPr kinase/phosphorylase
PL25_03040	gene	126				
PL25_03040	CDS	126				hypothetical protein
PL25_03041	gene	2007				
PL25_03041	CDS	2007				hypothetical protein
PL25_03042	gene	1737				
PL25_03042	CDS	1737				hypothetical protein
PL25_03043	gene	591				
PL25_03043	CDS	591				hypothetical protein
PL25_03044	gene	708	arnC_3			
PL25_03044	CDS	708	arnC_3	2.4.2.53		Undecaprenyl-phosphate 4-deoxy-4-formamido-L-arabinose transferase
PL25_03045	gene	375				
PL25_03045	CDS	375			COG2246	Arabinogalactan biosynthesis recruiting protein
PL25_03046	gene	1644	glmU_1			
PL25_03046	CDS	1644	glmU_1	2.7.7.23		Bifunctional protein GlmU
PL25_03047	gene	1077				
PL25_03047	CDS	1077				hypothetical protein
PL25_03048	gene	669				
PL25_03048	CDS	669		3.1.3.3		Phosphoserine phosphatase
PL25_03049	gene	2052	udk_2			
PL25_03049	CDS	2052	udk_2	2.7.1.48		Uridine kinase
PL25_03050	gene	1560				
PL25_03050	CDS	1560				hypothetical protein
PL25_03051	gene	1266				
PL25_03051	CDS	1266				hypothetical protein
PL25_03052	gene	1011				
PL25_03052	CDS	1011				hypothetical protein
PL25_03053	gene	1212				
PL25_03053	CDS	1212				hypothetical protein
PL25_03054	gene	1158	epsF_1			
PL25_03054	CDS	1158	epsF_1	2.4.-.-	COG0438	Putative glycosyltransferase EpsF
PL25_03055	gene	342	sinR_2			
PL25_03055	CDS	342	sinR_2		COG1396	HTH-type transcriptional regulator SinR
PL25_03056	gene	1191	epsN			
PL25_03056	CDS	1191	epsN	2.6.1.-	COG0399	Putative pyridoxal phosphate-dependent aminotransferase EpsN
PL25_03057	gene	678	epsM_2			
PL25_03057	CDS	678	epsM_2	2.3.1.203	COG0110	UDP-N-acetylbacillosamine N-acetyltransferase
PL25_03058	gene	600	epsL_1			
PL25_03058	CDS	600	epsL_1	2.-.-.-	COG2148	putative sugar transferase EpsL
PL25_03059	gene	216				
PL25_03059	CDS	216				hypothetical protein
PL25_03060	gene	1068	galE_2			
PL25_03060	CDS	1068	galE_2	5.1.3.2	COG1087	UDP-glucose 4-epimerase
PL25_03061	gene	1098	epsG			
PL25_03061	CDS	1098	epsG			Transmembrane protein EpsG
PL25_03062	gene	903				
PL25_03062	CDS	903				hypothetical protein
PL25_03063	gene	1119	epsF_2			
PL25_03063	CDS	1119	epsF_2	2.4.-.-	COG0438	Putative glycosyltransferase EpsF
PL25_03064	gene	1155	epsD			
PL25_03064	CDS	1155	epsD	2.4.-.-	COG0438	Putative glycosyltransferase EpsD
PL25_03065	gene	879	gtaB			
PL25_03065	CDS	879	gtaB	2.7.7.9	COG1210	UTP--glucose-1-phosphate uridylyltransferase
PL25_03066	gene	1827	pglF			
PL25_03066	CDS	1827	pglF	4.2.1.135	COG1086	UDP-N-acetyl-alpha-D-glucosamine C6 dehydratase
PL25_03067	gene	110				
PL25_03067	misc_RNA	110				epsC
PL25_03068	gene	633	ywqD			
PL25_03068	CDS	633	ywqD	2.7.10.2	COG0489	Tyrosine-protein kinase YwqD
PL25_03069	gene	723	ywqC			
PL25_03069	CDS	723	ywqC		COG3944	putative capsular polysaccharide biosynthesis protein YwqC
PL25_03070	gene	1287	purA			
PL25_03070	CDS	1287	purA	6.3.4.4	COG0104	Adenylosuccinate synthetase
PL25_03071	gene	159				
PL25_03071	CDS	159				hypothetical protein
PL25_03072	gene	1368	dnaC_3			
PL25_03072	CDS	1368	dnaC_3	5.6.2.3	COG0305	Replicative DNA helicase DnaC
PL25_03073	gene	447	rplI			
PL25_03073	CDS	447	rplI			Large ribosomal subunit protein bL9
PL25_03074	gene	1971	gdpP			
PL25_03074	CDS	1971	gdpP	3.1.4.59	COG3887	Cyclic-di-AMP phosphodiesterase GdpP
PL25_03075	gene	942				
PL25_03075	CDS	942				hypothetical protein
PL25_03076	gene	486				
PL25_03076	CDS	486				hypothetical protein
PL25_03077	gene	789	modA_2			
PL25_03077	CDS	789	modA_2		COG0725	Molybdate-binding protein ModA
PL25_03078	gene	675	modB_2			
PL25_03078	CDS	675	modB_2		COG4149	Molybdenum transport system permease protein ModB
PL25_03079	gene	624	cysA			
PL25_03079	CDS	624	cysA	7.3.2.3	COG1118	Sulfate/thiosulfate import ATP-binding protein CysA
PL25_03080	gene	1287				
PL25_03080	CDS	1287				hypothetical protein
PL25_03081	gene	834	ykuT			
PL25_03081	CDS	834	ykuT		COG0668	putative MscS family protein YkuT
PL25_03082	gene	231	rpsR			
PL25_03082	CDS	231	rpsR		COG0238	Small ribosomal subunit protein bS18
PL25_03083	gene	465	ssbA_2			
PL25_03083	CDS	465	ssbA_2		COG0629	Single-stranded DNA-binding protein A
PL25_03084	gene	291	rpsF			
PL25_03084	CDS	291	rpsF		COG0360	Small ribosomal subunit protein bS6
PL25_03085	gene	1101	ychF			
PL25_03085	CDS	1101	ychF		COG0012	Ribosome-binding ATPase YchF
PL25_03086	gene	198				
PL25_03086	CDS	198				hypothetical protein
PL25_03087	gene	1008				
PL25_03087	CDS	1008				hypothetical protein
PL25_03088	gene	1026				
PL25_03088	CDS	1026				hypothetical protein
PL25_03089	gene	621				
PL25_03089	CDS	621				hypothetical protein
PL25_03090	gene	156				
PL25_03090	CDS	156				hypothetical protein
PL25_03091	gene	705	ydfK			
PL25_03091	CDS	705	ydfK		COG1811	putative membrane protein YdfK
PL25_03092	gene	183				
PL25_03092	CDS	183				hypothetical protein
PL25_03093	gene	129				
PL25_03093	CDS	129				hypothetical protein
PL25_03094	gene	837	spo0J			
PL25_03094	CDS	837	spo0J		COG1475	Stage 0 sporulation protein J
PL25_03095	gene	774	soj_2			
PL25_03095	CDS	774	soj_2	3.6.4.-	COG1192	Sporulation initiation inhibitor protein Soj
PL25_03096	gene	876	noc			
PL25_03096	CDS	876	noc		COG1475	Nucleoid occlusion protein
PL25_03097	gene	714	rsmG			
PL25_03097	CDS	714	rsmG	2.1.1.-	COG0357	Ribosomal RNA small subunit methyltransferase G
PL25_03098	gene	1887	mnmG			
PL25_03098	CDS	1887	mnmG			tRNA uridine 5-carboxymethylaminomethyl modification enzyme MnmG
PL25_03099	gene	1377	mnmE			
PL25_03099	CDS	1377	mnmE	3.6.-.-	COG0486	tRNA modification GTPase MnmE
PL25_03100	gene	615	khpB			
PL25_03100	CDS	615	khpB			RNA-binding protein KhpB
PL25_03101	gene	771	misCA			
PL25_03101	CDS	771	misCA		COG0706	Membrane protein insertase MisCA
PL25_03102	gene	345	rnpA			
PL25_03102	CDS	345	rnpA	3.1.26.5	COG0594	Ribonuclease P protein component
PL25_03103	gene	135	rpmH			
PL25_03103	CDS	135	rpmH			Large ribosomal subunit protein bL34
PL25_03104	gene	1344	dnaA			
PL25_03104	CDS	1344	dnaA	3.6.4.-	COG0593	Chromosomal replication initiator protein DnaA
PL25_03105	gene	1137	dnaN			
PL25_03105	CDS	1137	dnaN		COG0592	Beta sliding clamp
PL25_03106	gene	216				
PL25_03106	CDS	216				hypothetical protein
PL25_03107	gene	1113	recF_1			
PL25_03107	CDS	1113	recF_1		COG1195	DNA replication and repair protein RecF
PL25_03108	gene	300				
PL25_03108	CDS	300				hypothetical protein
PL25_03109	gene	1926	gyrB			
PL25_03109	CDS	1926	gyrB			DNA topoisomerase (ATP-hydrolyzing) subunit B GyrB
PL25_03110	gene	2499	gyrA			
PL25_03110	CDS	2499	gyrA			DNA gyrase subunit A GyrA
PL25_03111	gene	1122				
PL25_03111	CDS	1122				hypothetical protein
PL25_03112	gene	951				
PL25_03112	CDS	951				hypothetical protein
PL25_03113	gene	1470	guaB_3			
PL25_03113	CDS	1470	guaB_3	1.1.1.205	COG0516	Inosine-5'-monophosphate dehydrogenase
PL25_03114	gene	1335	dacA			
PL25_03114	CDS	1335	dacA	3.4.16.4		D-alanyl-D-alanine carboxypeptidase DacA
PL25_03115	gene	885	pdxS			
PL25_03115	CDS	885	pdxS	4.3.3.6	COG0214	Pyridoxal 5'-phosphate synthase subunit PdxS
PL25_03116	gene	585	pdxT			
PL25_03116	CDS	585	pdxT	4.3.3.6	COG0311	Pyridoxal 5'-phosphate synthase subunit PdxT
PL25_03117	gene	219				
PL25_03117	misc_RNA	219				T-box
PL25_03118	gene	1275	serS			
PL25_03118	CDS	1275	serS	6.1.1.11		Serine--tRNA ligase
PL25_03119	gene	1050	feuB_1			
PL25_03119	CDS	1050	feuB_1		COG0609	Iron-uptake system permease protein FeuB
PL25_03120	gene	1026	feuC_1			
PL25_03120	CDS	1026	feuC_1		COG0609	Iron-uptake system permease protein FeuC
PL25_03121	gene	990	fhuD			
PL25_03121	CDS	990	fhuD		COG0614	Iron(3+)-hydroxamate-binding protein FhuD
PL25_03122	gene	1785				
PL25_03122	CDS	1785				hypothetical protein
PL25_03123	gene	486	sigM			
PL25_03123	CDS	486	sigM		COG1595	ECF RNA polymerase sigma factor SigM
PL25_03124	gene	1098	yhdL			
PL25_03124	CDS	1098	yhdL			putative anti-sigma-M factor YhdL
PL25_03125	gene	330				
PL25_03125	CDS	330				hypothetical protein
PL25_03126	gene	966	yxeB			
PL25_03126	CDS	966	yxeB		COG0614	Iron(3+)-hydroxamate-binding protein YxeB
PL25_03127	gene	1056				
PL25_03127	CDS	1056		1.18.1.2		Ferredoxin--NADP reductase
PL25_03128	gene	107				
PL25_03128	misc_RNA	107				SAM
PL25_03129	gene	104				
PL25_03129	misc_RNA	104				SAM
PL25_03130	gene	1032	metN_2			
PL25_03130	CDS	1032	metN_2	7.4.2.11	COG1135	Methionine import ATP-binding protein MetN
PL25_03131	gene	651	metP_2			
PL25_03131	CDS	651	metP_2		COG2011	Methionine import system permease protein MetP
PL25_03132	gene	819	metQ_2			
PL25_03132	CDS	819	metQ_2		COG1464	D-methionine-binding lipoprotein MetQ
PL25_03133	gene	1206	abgB			
PL25_03133	CDS	1206	abgB	3.5.1.-	COG1473	p-aminobenzoyl-glutamate hydrolase subunit B
PL25_03134	gene	93				
PL25_03134	tRNA	93				tRNA-Ser(tga)
PL25_03135	gene	744	ywaC			
PL25_03135	CDS	744	ywaC	2.7.6.5	COG2357	GTP pyrophosphokinase YwaC
PL25_03136	gene	813	proC			
PL25_03136	CDS	813	proC	1.5.1.2		Pyrroline-5-carboxylate reductase
PL25_03137	gene	297				
PL25_03137	CDS	297				hypothetical protein
PL25_03138	gene	1113				
PL25_03138	CDS	1113				IS200/IS605 family transposase ISBth16
PL25_03139	gene	684	dck			
PL25_03139	CDS	684	dck	2.7.1.74	COG1428	Deoxyadenosine/deoxycytidine kinase
PL25_03140	gene	651	dgk			
PL25_03140	CDS	651	dgk	2.7.1.113	COG1428	Deoxyguanosine kinase
PL25_03141	gene	75				
PL25_03141	tRNA	75				tRNA-Arg(cct)
PL25_03142	gene	225				
PL25_03142	CDS	225				hypothetical protein
PL25_03143	gene	213				
PL25_03143	CDS	213				hypothetical protein
PL25_03144	gene	318				
PL25_03144	CDS	318				hypothetical protein
PL25_03145	gene	867				
PL25_03145	CDS	867				hypothetical protein
PL25_03146	gene	1443	emrB_1			
PL25_03146	CDS	1443	emrB_1		COG2814	Multidrug export protein EmrB
PL25_03147	gene	393				
PL25_03147	CDS	393				hypothetical protein
PL25_03148	gene	1281				
PL25_03148	CDS	1281				hypothetical protein
PL25_03149	gene	993	bioB			
PL25_03149	CDS	993	bioB	2.8.1.6		Biotin synthase
PL25_03150	gene	612	bioY			
PL25_03150	CDS	612	bioY		COG1268	Biotin transporter BioY
PL25_03151	gene	690	bioD1			
PL25_03151	CDS	690	bioD1	6.3.3.3	COG0132	ATP-dependent dethiobiotin synthetase BioD 1
PL25_03152	gene	1374	bioK			
PL25_03152	CDS	1374	bioK	2.6.1.105	COG0161	L-Lysine--8-amino-7-oxononanoate transaminase
PL25_03153	gene	1239	gltT_2			
PL25_03153	CDS	1239	gltT_2		COG1301	Proton/sodium-glutamate symport protein
PL25_03154	gene	216				
PL25_03154	CDS	216				hypothetical protein
PL25_03155	gene	1716	acsA_1			
PL25_03155	CDS	1716	acsA_1	6.2.1.1	COG0365	Acetyl-coenzyme A synthetase
PL25_03156	gene	606				
PL25_03156	CDS	606				hypothetical protein
PL25_03157	gene	1227	hmp			
PL25_03157	CDS	1227	hmp	1.14.12.17	COG1017	Flavohemoprotein
PL25_03158	gene	435	nsrR			
PL25_03158	CDS	435	nsrR		COG1959	HTH-type transcriptional repressor NsrR
PL25_03159	gene	171				
PL25_03159	CDS	171				hypothetical protein
PL25_03160	gene	1347				
PL25_03160	CDS	1347			COG3385	IS4 family transposase ISHaha1
PL25_03161	gene	1383				
PL25_03161	CDS	1383				hypothetical protein
PL25_03162	gene	1293	sleL_1			
PL25_03162	CDS	1293	sleL_1	3.2.1.-	COG1388	Cortical fragment-lytic enzyme
PL25_03163	gene	534	rutB			
PL25_03163	CDS	534	rutB	3.5.1.110		Ureidoacrylate amidohydrolase RutB
PL25_03164	gene	450	tadA			
PL25_03164	CDS	450	tadA	3.5.4.33		tRNA-specific adenosine deaminase
PL25_03165	gene	266				
PL25_03165	misc_RNA	266				Bacteria_large_SRP
PL25_03166	gene	558				
PL25_03166	CDS	558				hypothetical protein
PL25_03167	gene	567	csh			
PL25_03167	CDS	567	csh	3.13.1.5		Carbon disulfide hydrolase
PL25_03168	gene	204				
PL25_03168	CDS	204				hypothetical protein
PL25_03169	gene	1689	dnaX			
PL25_03169	CDS	1689	dnaX	2.7.7.7	COG2812	DNA polymerase III subunit tau
PL25_03170	gene	315				
PL25_03170	CDS	315			COG0718	Nucleoid-associated protein
PL25_03171	gene	597	recR			
PL25_03171	CDS	597	recR		COG0353	Recombination protein RecR
PL25_03172	gene	216				
PL25_03172	CDS	216				hypothetical protein
PL25_03173	gene	1248				
PL25_03173	CDS	1248				hypothetical protein
PL25_03174	gene	4152				
PL25_03174	CDS	4152				hypothetical protein
PL25_03175	gene	564				
PL25_03175	CDS	564				hypothetical protein
PL25_03176	gene	669				
PL25_03176	CDS	669				hypothetical protein
PL25_03177	gene	516				
PL25_03177	CDS	516				hypothetical protein
PL25_03178	gene	267				
PL25_03178	CDS	267				hypothetical protein
PL25_03179	gene	192	csfB			
PL25_03179	CDS	192	csfB			Anti-sigma-G factor Gin
PL25_03180	gene	138				
PL25_03180	CDS	138				hypothetical protein
PL25_03181	gene	1437	speA_2			
PL25_03181	CDS	1437	speA_2	4.1.1.19	COG1982	Arginine decarboxylase
PL25_03182	gene	627	tmk			
PL25_03182	CDS	627	tmk	2.7.4.9	COG0125	Thymidylate kinase
PL25_03183	gene	330	darA			
PL25_03183	CDS	330	darA		COG3870	Cyclic di-AMP receptor A
PL25_03184	gene	435				
PL25_03184	CDS	435				hypothetical protein
PL25_03185	gene	990	holB			
PL25_03185	CDS	990	holB	2.7.7.7	COG0470	DNA polymerase III subunit delta'
PL25_03186	gene	825				
PL25_03186	CDS	825				hypothetical protein
PL25_03187	gene	315	yabA			
PL25_03187	CDS	315	yabA		COG4467	Replication initiation control protein YabA
PL25_03188	gene	741	yfiC			
PL25_03188	CDS	741	yfiC	2.1.1.223		tRNA1(Val) (adenine(37)-N6)-methyltransferase
PL25_03189	gene	294				
PL25_03189	CDS	294				hypothetical protein
PL25_03190	gene	873	rsmI			
PL25_03190	CDS	873	rsmI	2.1.1.198	COG0313	Ribosomal RNA small subunit methyltransferase I
PL25_03191	gene	279	abrB			
PL25_03191	CDS	279	abrB		COG2002	Transition state regulatory protein AbrB
PL25_03192	gene	1959	metG_1			
PL25_03192	CDS	1959	metG_1	6.1.1.10		Methionine--tRNA ligase
PL25_03193	gene	771	dtd3			
PL25_03193	CDS	771	dtd3	3.1.1.96	COG0084	D-aminoacyl-tRNA deacylase
PL25_03194	gene	1236	yabE			
PL25_03194	CDS	1236	yabE		COG3583	Putative cell wall shaping protein YabE
PL25_03195	gene	597	rnmV_2			
PL25_03195	CDS	597	rnmV_2	3.1.26.8	COG1658	Ribonuclease M5
PL25_03196	gene	891	rsmA			
PL25_03196	CDS	891	rsmA	2.1.1.182	COG0030	Ribosomal RNA small subunit methyltransferase A
PL25_03197	gene	870	yabG			
PL25_03197	CDS	870	yabG	3.4.-.-		Sporulation-specific protease YabG
PL25_03198	gene	267	veg			
PL25_03198	CDS	267	veg		COG4466	Protein Veg
PL25_03199	gene	183				
PL25_03199	CDS	183				hypothetical protein
PL25_03200	gene	852	ispE			
PL25_03200	CDS	852	ispE	2.7.1.148	COG1947	4-diphosphocytidyl-2-C-methyl-D-erythritol kinase
PL25_03201	gene	828	purR			
PL25_03201	CDS	828	purR		COG0503	Purine biosynthesis transcriptional repressor PurR
PL25_03202	gene	291	spoVG			
PL25_03202	CDS	291	spoVG		COG2088	Putative septation protein SpoVG
PL25_03203	gene	1380	glmU_2			
PL25_03203	CDS	1380	glmU_2			Bifunctional protein GlmU
PL25_03204	gene	954	prs			
PL25_03204	CDS	954	prs	2.7.6.1	COG0462	Ribose-phosphate pyrophosphokinase
PL25_03205	gene	639	ctc			
PL25_03205	CDS	639	ctc		COG1825	General stress protein Ctc
PL25_03206	gene	561	pth			
PL25_03206	CDS	561	pth	3.1.1.29	COG0193	Peptidyl-tRNA hydrolase
PL25_03207	gene	231	fin			
PL25_03207	CDS	231	fin			Anti-sigma-F factor Fin
PL25_03208	gene	3522	mfd			
PL25_03208	CDS	3522	mfd	3.6.4.-		Transcription-repair-coupling factor
PL25_03209	gene	537	spoVT			
PL25_03209	CDS	537	spoVT		COG2002	Stage V sporulation protein T
PL25_03210	gene	1584	murJ_3			
PL25_03210	CDS	1584	murJ_3			lipid II flippase MurJ
PL25_03211	gene	1446				
PL25_03211	CDS	1446				hypothetical protein
PL25_03212	gene	261	rqcP			
PL25_03212	CDS	261	rqcP		COG1188	RQC P-site tRNA stabilizing factor
PL25_03213	gene	300	yabP			
PL25_03213	CDS	300	yabP			Spore protein YabP
PL25_03214	gene	600	yabQ			
PL25_03214	CDS	600	yabQ			Spore protein YabQ
PL25_03215	gene	381	divIC			
PL25_03215	CDS	381	divIC		COG2919	Cell division protein DivIC
PL25_03216	gene	384	pnp_2			
PL25_03216	CDS	384	pnp_2	2.7.7.8		Polyribonucleotide nucleotidyltransferase
PL25_03217	gene	76				
PL25_03217	tRNA	76				tRNA-Met(cat)
PL25_03218	gene	498				
PL25_03218	CDS	498				hypothetical protein
PL25_03219	gene	2454	spoIIE			
PL25_03219	CDS	2454	spoIIE	3.1.3.16	COG2208	Stage II sporulation protein E
PL25_03220	gene	735				
PL25_03220	CDS	735				hypothetical protein
PL25_03221	gene	939	yabT			
PL25_03221	CDS	939	yabT	2.7.11.1	COG0515	Serine/threonine-protein kinase YabT
PL25_03222	gene	1392	tilS			
PL25_03222	CDS	1392	tilS	6.3.4.19	COG0037	tRNA(Ile)-lysidine synthase
PL25_03223	gene	543	hpt			
PL25_03223	CDS	543	hpt	2.4.2.8		Hypoxanthine-guanine phosphoribosyltransferase
PL25_03224	gene	2052	ftsH			
PL25_03224	CDS	2052	ftsH	3.4.24.-	COG0465	ATP-dependent zinc metalloprotease FtsH
PL25_03225	gene	774	coaX			
PL25_03225	CDS	774	coaX	2.7.1.33	COG1521	Type III pantothenate kinase
PL25_03226	gene	870	hslO			
PL25_03226	CDS	870	hslO		COG1281	33 kDa chaperonin
PL25_03227	gene	897	prsA_1			
PL25_03227	CDS	897	prsA_1	5.2.1.8		Foldase protein PrsA
PL25_03228	gene	927	cysK_2			
PL25_03228	CDS	927	cysK_2	2.5.1.47	COG0031	Cysteine synthase
PL25_03229	gene	822	folP			
PL25_03229	CDS	822	folP	2.5.1.15		Dihydropteroate synthase
PL25_03230	gene	369	folB			
PL25_03230	CDS	369	folB	4.1.2.25		Dihydroneopterin aldolase
PL25_03231	gene	513	folK			
PL25_03231	CDS	513	folK	2.7.6.3	COG0801	2-amino-4-hydroxy-6-hydroxymethyldihydropteridine pyrophosphokinase
PL25_03232	gene	270				
PL25_03232	CDS	270				hypothetical protein
PL25_03233	gene	1482	lysS			
PL25_03233	CDS	1482	lysS	6.1.1.6		Lysine--tRNA ligase
PL25_03234	gene	70				
PL25_03234	misc_RNA	70				group-II-D1D4-1
PL25_03235	gene	1566				
PL25_03235	rRNA	1566				16S ribosomal RNA
PL25_03236	gene	68				
PL25_03236	misc_RNA	68				Bacillaceae-1
PL25_03237	gene	2919				
PL25_03237	rRNA	2919				23S ribosomal RNA
PL25_03238	gene	117				
PL25_03238	rRNA	117				5S ribosomal RNA
PL25_03239	gene	76				
PL25_03239	tRNA	76				tRNA-Val(tac)
PL25_03240	gene	76				
PL25_03240	tRNA	76				tRNA-Thr(tgt)
PL25_03241	gene	76				
PL25_03241	tRNA	76				tRNA-Lys(ttt)
PL25_03242	gene	85				
PL25_03242	tRNA	85				tRNA-Leu(tag)
PL25_03243	gene	75				
PL25_03243	tRNA	75				tRNA-Gly(gcc)
PL25_03244	gene	89				
PL25_03244	tRNA	89				tRNA-Leu(taa)
PL25_03245	gene	77				
PL25_03245	tRNA	77				tRNA-Arg(acg)
PL25_03246	gene	77				
PL25_03246	tRNA	77				tRNA-Pro(tgg)
PL25_03247	gene	76				
PL25_03247	tRNA	76				tRNA-Ala(tgc)
PL25_03248	gene	1566				
PL25_03248	rRNA	1566				16S ribosomal RNA
PL25_03249	gene	68				
PL25_03249	misc_RNA	68				Bacillaceae-1
PL25_03250	gene	2919				
PL25_03250	rRNA	2919				23S ribosomal RNA
PL25_03251	gene	116				
PL25_03251	rRNA	116				5S ribosomal RNA
PL25_03252	gene	696				
PL25_03252	CDS	696				hypothetical protein
PL25_03253	gene	468	ctsr			
PL25_03253	CDS	468	ctsr			Transcriptional regulator CtsR
PL25_03254	gene	549	mcsA			
PL25_03254	CDS	549	mcsA		COG3880	Protein-arginine kinase activator protein
PL25_03255	gene	1065	mcsB			
PL25_03255	CDS	1065	mcsB	2.7.14.1		Protein-arginine kinase
PL25_03256	gene	2427	clpC			
PL25_03256	CDS	2427	clpC		COG0542	Negative regulator of genetic competence ClpC/MecB
PL25_03257	gene	1377	radA			
PL25_03257	CDS	1377	radA	3.6.4.-	COG1066	DNA repair protein RadA
PL25_03258	gene	1101	yacL			
PL25_03258	CDS	1101	yacL	3.1.-.-	COG4956	putative PIN and TRAM-domain containing protein YacL
PL25_03259	gene	1470	gltX			
PL25_03259	CDS	1470	gltX	6.1.1.17		Glutamate--tRNA ligase
PL25_03260	gene	215				
PL25_03260	misc_RNA	215				T-box
PL25_03261	gene	648	cysE			
PL25_03261	CDS	648	cysE	2.3.1.30	COG1045	Serine acetyltransferase
PL25_03262	gene	1401	cysS			
PL25_03262	CDS	1401	cysS	6.1.1.16	COG0215	Cysteine--tRNA ligase
PL25_03263	gene	414	mrnC			
PL25_03263	CDS	414	mrnC	3.1.26.-		Mini-ribonuclease 3
PL25_03264	gene	744				
PL25_03264	CDS	744		2.1.1.-		Putative TrmH family tRNA/rRNA methyltransferase
PL25_03265	gene	510	yacP			
PL25_03265	CDS	510	yacP		COG3688	putative protein YacP
PL25_03266	gene	651	sigH			
PL25_03266	CDS	651	sigH		COG1595	RNA polymerase sigma-H factor
PL25_03267	gene	168	secE			
PL25_03267	CDS	168	secE			Protein translocase subunit SecE
PL25_03268	gene	519	nusG			
PL25_03268	CDS	519	nusG		COG0250	Transcription termination/antitermination protein NusG
PL25_03269	gene	426	rplK			
PL25_03269	CDS	426	rplK		COG0080	Large ribosomal subunit protein uL11
PL25_03270	gene	699	rplA			
PL25_03270	CDS	699	rplA		COG0081	Large ribosomal subunit protein uL1
PL25_03271	gene	149				
PL25_03271	misc_RNA	149				L10_leader
PL25_03272	gene	501	rplJ			
PL25_03272	CDS	501	rplJ		COG0244	Large ribosomal subunit protein uL10
PL25_03273	gene	366	rplL			
PL25_03273	CDS	366	rplL			Large ribosomal subunit protein bL12
PL25_03274	gene	603	rlmG			
PL25_03274	CDS	603	rlmG	2.1.1.174	COG2813	Ribosomal RNA large subunit methyltransferase G
PL25_03275	gene	3537	rpoB			
PL25_03275	CDS	3537	rpoB			DNA-directed RNA polymerase subunit beta RpoB
PL25_03276	gene	3609	rpoC			
PL25_03276	CDS	3609	rpoC			DNA-directed RNA polymerase subunit beta RpoC
PL25_03277	gene	255	rulS			
PL25_03277	CDS	255	rulS		COG1358	RNA-binding protein YbxF
PL25_03278	gene	414	rpsL			
PL25_03278	CDS	414	rpsL		COG0048	Small ribosomal subunit protein uS12
PL25_03279	gene	471	rpsG			
PL25_03279	CDS	471	rpsG		COG0049	Small ribosomal subunit protein uS7
PL25_03280	gene	2079	fusA_2			
PL25_03280	CDS	2079	fusA_2			elongation factor G FusA
PL25_03281	gene	1191	tuf			
PL25_03281	CDS	1191	tuf	3.6.5.3	COG0050	Elongation factor Tu
PL25_03282	gene	309	rpsJ			
PL25_03282	CDS	309	rpsJ		COG0051	Small ribosomal subunit protein uS10
PL25_03283	gene	630	rplC			
PL25_03283	CDS	630	rplC		COG0087	Large ribosomal subunit protein uL3
PL25_03284	gene	624	rplD			
PL25_03284	CDS	624	rplD		COG0088	Large ribosomal subunit protein uL4
PL25_03285	gene	288	rplW			
PL25_03285	CDS	288	rplW			Large ribosomal subunit protein uL23
PL25_03286	gene	831	rplB			
PL25_03286	CDS	831	rplB		COG0090	Large ribosomal subunit protein uL2
PL25_03287	gene	279	rpsS			
PL25_03287	CDS	279	rpsS		COG0185	Small ribosomal subunit protein uS19
PL25_03288	gene	342	rplV			
PL25_03288	CDS	342	rplV		COG0091	Large ribosomal subunit protein uL22
PL25_03289	gene	642	rpsC			
PL25_03289	CDS	642	rpsC		COG0092	Small ribosomal subunit protein uS3
PL25_03290	gene	435	rplP			
PL25_03290	CDS	435	rplP		COG0197	Large ribosomal subunit protein uL16
PL25_03291	gene	201	rpmC			
PL25_03291	CDS	201	rpmC		COG0255	Large ribosomal subunit protein uL29
PL25_03292	gene	264	rpsQ			
PL25_03292	CDS	264	rpsQ		COG0186	Small ribosomal subunit protein uS17
PL25_03293	gene	369	rplN			
PL25_03293	CDS	369	rplN		COG0093	Large ribosomal subunit protein uL14
PL25_03294	gene	312	rplX			
PL25_03294	CDS	312	rplX		COG0198	Large ribosomal subunit protein uL24
PL25_03295	gene	540	rplE			
PL25_03295	CDS	540	rplE			Large ribosomal subunit protein uL5
PL25_03296	gene	186	rpsN1			
PL25_03296	CDS	186	rpsN1		COG0199	Small ribosomal subunit protein uS14B
PL25_03297	gene	399	rpsH			
PL25_03297	CDS	399	rpsH		COG0096	Small ribosomal subunit protein uS8
PL25_03298	gene	537	rplF			
PL25_03298	CDS	537	rplF		COG0097	Large ribosomal subunit protein uL6
PL25_03299	gene	363	rplR			
PL25_03299	CDS	363	rplR			Large ribosomal subunit protein uL18
PL25_03300	gene	504	rpsE			
PL25_03300	CDS	504	rpsE		COG0098	Small ribosomal subunit protein uS5
PL25_03301	gene	183	rpmD			
PL25_03301	CDS	183	rpmD			Large ribosomal subunit protein uL30
PL25_03302	gene	441	rplO			
PL25_03302	CDS	441	rplO		COG0200	Large ribosomal subunit protein uL15
PL25_03303	gene	1296	secY			
PL25_03303	CDS	1296	secY		COG0201	Protein translocase subunit SecY
PL25_03304	gene	645	adk			
PL25_03304	CDS	645	adk	2.7.4.3		Adenylate kinase
PL25_03305	gene	336				
PL25_03305	CDS	336				hypothetical protein
PL25_03306	gene	219	infA			
PL25_03306	CDS	219	infA		COG0361	Translation initiation factor IF-1
PL25_03307	gene	114	rpmJ			
PL25_03307	CDS	114	rpmJ		COG0257	Large ribosomal subunit protein bL36
PL25_03308	gene	366	rpsM			
PL25_03308	CDS	366	rpsM		COG0099	Small ribosomal subunit protein uS13
PL25_03309	gene	390	rpsK			
PL25_03309	CDS	390	rpsK		COG0100	Small ribosomal subunit protein uS11
PL25_03310	gene	945	rpoA			
PL25_03310	CDS	945	rpoA	2.7.7.6	COG0202	DNA-directed RNA polymerase subunit alpha
PL25_03311	gene	354	rplQ			
PL25_03311	CDS	354	rplQ			Large ribosomal subunit protein bL17
PL25_03312	gene	840	ecfA1			
PL25_03312	CDS	840	ecfA1	7.-.-.-	COG1122	Energy-coupling factor transporter ATP-binding protein EcfA1
PL25_03313	gene	873	ecfA2			
PL25_03313	CDS	873	ecfA2	7.-.-.-	COG1122	Energy-coupling factor transporter ATP-binding protein EcfA2
PL25_03314	gene	798	ecfT			
PL25_03314	CDS	798	ecfT		COG0619	Energy-coupling factor transporter transmembrane protein EcfT
PL25_03315	gene	753	truA			
PL25_03315	CDS	753	truA	5.4.99.12	COG0101	tRNA pseudouridine synthase A
PL25_03316	gene	59				
PL25_03316	misc_RNA	59				L13_leader
PL25_03317	gene	438	rplM			
PL25_03317	CDS	438	rplM		COG0102	Large ribosomal subunit protein uL13
PL25_03318	gene	393	rpsI			
PL25_03318	CDS	393	rpsI			Small ribosomal subunit protein uS9
PL25_03319	gene	462	xerC_4			
PL25_03319	CDS	462	xerC_4			Tyrosine recombinase XerC
PL25_03320	gene	285				
PL25_03320	CDS	285				hypothetical protein
PL25_03321	gene	321				
PL25_03321	CDS	321				hypothetical protein
PL25_03322	gene	195				
PL25_03322	misc_RNA	195				group-II-D1D4-5
PL25_03323	gene	85				
PL25_03323	misc_RNA	85				Intron_gpII
PL25_03324	gene	525	coaE_2			
PL25_03324	CDS	525	coaE_2	2.7.1.24	COG0237	Dephospho-CoA kinase
PL25_03325	gene	366				
PL25_03325	CDS	366				hypothetical protein
PL25_03326	gene	651				
PL25_03326	CDS	651				hypothetical protein
PL25_03327	gene	588				
PL25_03327	CDS	588				hypothetical protein
PL25_03328	gene	200				
PL25_03328	misc_RNA	200				group-II-D1D4-5
PL25_03329	gene	1815				
PL25_03329	CDS	1815				hypothetical protein
PL25_03330	gene	85				
PL25_03330	misc_RNA	85				Intron_gpII
PL25_03331	gene	196				
PL25_03331	misc_RNA	196				group-II-D1D4-5
PL25_03332	gene	195				
PL25_03332	CDS	195				hypothetical protein
PL25_03333	gene	85				
PL25_03333	misc_RNA	85				Intron_gpII
PL25_03334	gene	456	bltD_1			
PL25_03334	CDS	456	bltD_1	2.3.1.57	COG0456	Spermine/spermidine N(1)-acetyltransferase
PL25_03335	gene	354				
PL25_03335	CDS	354				hypothetical protein
PL25_03336	gene	285				
PL25_03336	CDS	285				hypothetical protein
PL25_03337	gene	1194	pksS_2			
PL25_03337	CDS	1194	pksS_2	1.14.-.-	COG2124	Polyketide biosynthesis cytochrome P450 PksS
PL25_03338	gene	189				
PL25_03338	CDS	189				hypothetical protein
PL25_03339	gene	429				
PL25_03339	CDS	429				hypothetical protein
PL25_03340	gene	297				
PL25_03340	CDS	297				hypothetical protein
PL25_03341	gene	273				
PL25_03341	CDS	273				hypothetical protein
PL25_03342	gene	693				
PL25_03342	CDS	693				hypothetical protein
PL25_03343	gene	924	bcrA_1			
PL25_03343	CDS	924	bcrA_1			Bacitracin transport ATP-binding protein BcrA
PL25_03344	gene	942	rcsC_3			
PL25_03344	CDS	942	rcsC_3	2.7.13.3		Sensor histidine kinase RcsC
PL25_03345	gene	705	walR_3			
PL25_03345	CDS	705	walR_3		COG0745	Transcriptional regulatory protein WalR
PL25_03346	gene	1464				
PL25_03346	CDS	1464				hypothetical protein
PL25_03347	gene	867				
PL25_03347	CDS	867		1.-.-.-	COG0702	Photosystem II assembly factor Ycf39
PL25_03348	gene	558				
PL25_03348	CDS	558				hypothetical protein
PL25_03349	gene	570	srtA_3			
PL25_03349	CDS	570	srtA_3	3.4.22.-		Sortase A
PL25_03350	gene	5148				
PL25_03350	CDS	5148				hypothetical protein
PL25_03351	gene	1014	yfmJ			
PL25_03351	CDS	1014	yfmJ	1.-.-.-	COG2130	Putative NADP-dependent oxidoreductase YfmJ
PL25_03352	gene	411	lctP_1			
PL25_03352	CDS	411	lctP_1		COG1620	L-lactate permease
PL25_03353	gene	1164	lctP_2			
PL25_03353	CDS	1164	lctP_2		COG1620	L-lactate permease
PL25_03354	gene	930	ldh_2			
PL25_03354	CDS	930	ldh_2	1.1.1.27	COG0039	L-lactate dehydrogenase
PL25_03355	gene	873				
PL25_03355	CDS	873				hypothetical protein
PL25_03356	gene	1911				
PL25_03356	CDS	1911				hypothetical protein
PL25_03357	gene	459	bltD_2			
PL25_03357	CDS	459	bltD_2	2.3.1.57	COG0456	Spermine/spermidine N(1)-acetyltransferase
PL25_03358	gene	648				
PL25_03358	CDS	648				hypothetical protein
PL25_03359	gene	1200	megL			
PL25_03359	CDS	1200	megL	4.4.1.11	COG0626	L-methionine gamma-lyase
PL25_03360	gene	675				
PL25_03360	CDS	675				hypothetical protein
PL25_03361	gene	1398				
PL25_03361	CDS	1398				hypothetical protein
PL25_03362	gene	852				
PL25_03362	CDS	852				hypothetical protein
PL25_03363	gene	486				
PL25_03363	CDS	486				hypothetical protein
PL25_03364	gene	465				
PL25_03364	CDS	465				hypothetical protein
PL25_03365	gene	231				
PL25_03365	CDS	231				hypothetical protein
PL25_03366	gene	438				
PL25_03366	CDS	438				hypothetical protein
PL25_03367	gene	732	cwlD			
PL25_03367	CDS	732	cwlD	3.5.1.28	COG0860	Germination-specific N-acetylmuramoyl-L-alanine amidase
PL25_03368	gene	1059	salA			
PL25_03368	CDS	1059	salA		COG0489	Iron-sulfur cluster carrier protein
PL25_03369	gene	642	gerD			
PL25_03369	CDS	642	gerD			Spore germination protein GerD
PL25_03370	gene	657				
PL25_03370	CDS	657				hypothetical protein
PL25_03371	gene	759				
PL25_03371	CDS	759				hypothetical protein
PL25_03372	gene	222				
PL25_03372	CDS	222				hypothetical protein
PL25_03373	gene	1565				
PL25_03373	rRNA	1565				16S ribosomal RNA
PL25_03374	gene	77				
PL25_03374	tRNA	77				tRNA-Ile(gat)
PL25_03375	gene	73				
PL25_03375	tRNA	73				tRNA-Ala(tgc)
PL25_03376	gene	2919				
PL25_03376	rRNA	2919				23S ribosomal RNA
PL25_03377	gene	116				
PL25_03377	rRNA	116				5S ribosomal RNA
PL25_03378	gene	75				
PL25_03378	tRNA	75				tRNA-Asn(gtt)
PL25_03379	gene	73				
PL25_03379	tRNA	73				tRNA-Thr(ggt)
PL25_03380	gene	168				
PL25_03380	CDS	168				hypothetical protein
PL25_03381	gene	384				
PL25_03381	CDS	384				hypothetical protein
PL25_03382	gene	258				
PL25_03382	CDS	258				hypothetical protein
PL25_03383	gene	216				
PL25_03383	CDS	216				hypothetical protein
PL25_03384	gene	318				
PL25_03384	CDS	318				hypothetical protein
PL25_03385	gene	687				
PL25_03385	CDS	687				hypothetical protein
PL25_03386	gene	1185	gerAC_1			
PL25_03386	CDS	1185	gerAC_1			Spore germination protein A3
PL25_03387	gene	921				
PL25_03387	CDS	921				IS1182 family transposase IS656
PL25_03388	gene	498				
PL25_03388	CDS	498				IS1182 family transposase ISBco4
PL25_03389	gene	459				
PL25_03389	CDS	459				hypothetical protein
PL25_03390	gene	363				
PL25_03390	CDS	363				hypothetical protein
PL25_03391	gene	204				
PL25_03391	CDS	204				hypothetical protein
PL25_03392	gene	417				
PL25_03392	CDS	417				hypothetical protein
PL25_03393	gene	522				
PL25_03393	CDS	522				hypothetical protein
PL25_03394	gene	363				
PL25_03394	CDS	363				hypothetical protein
PL25_03395	gene	306				
PL25_03395	CDS	306				hypothetical protein
PL25_03396	gene	1572				
PL25_03396	CDS	1572				hypothetical protein
PL25_03397	gene	1509				
PL25_03397	CDS	1509				hypothetical protein
PL25_03398	gene	2955				
PL25_03398	CDS	2955				hypothetical protein
PL25_03399	gene	285				
PL25_03399	CDS	285				hypothetical protein
PL25_03400	gene	126				
PL25_03400	CDS	126				hypothetical protein
PL25_03401	gene	174				
PL25_03401	CDS	174				hypothetical protein
PL25_03402	gene	339				
PL25_03402	CDS	339				hypothetical protein
PL25_03403	gene	234				
PL25_03403	CDS	234				hypothetical protein
PL25_03404	gene	768	cwlC			
PL25_03404	CDS	768	cwlC	3.5.1.28	COG0860	Sporulation-specific N-acetylmuramoyl-L-alanine amidase
PL25_03405	gene	672				
PL25_03405	CDS	672				hypothetical protein
PL25_03406	gene	777	fabI			
PL25_03406	CDS	777	fabI	1.3.1.9		Enoyl-[acyl-carrier-protein] reductase [NADH] FabI
PL25_03407	gene	75				
PL25_03407	tRNA	75				tRNA-Glu(ttc)
PL25_03408	gene	76				
PL25_03408	tRNA	76				tRNA-Val(tac)
PL25_03409	gene	76				
PL25_03409	tRNA	76				tRNA-Thr(tgt)
PL25_03410	gene	85				
PL25_03410	tRNA	85				tRNA-Tyr(gta)
PL25_03411	gene	75				
PL25_03411	tRNA	75				tRNA-Gln(ttg)
PL25_03412	gene	73				
PL25_03412	tRNA	73				tRNA-Lys(ttt)
PL25_03413	gene	1290	mvaA			
PL25_03413	CDS	1290	mvaA	1.1.1.88		3-hydroxy-3-methylglutaryl-coenzyme A reductase
PL25_03414	gene	969	galK_2			
PL25_03414	CDS	969	galK_2	2.7.1.6		Galactokinase
PL25_03415	gene	975				
PL25_03415	CDS	975				hypothetical protein
PL25_03416	gene	1062				
PL25_03416	CDS	1062		2.7.4.2		Phosphomevalonate kinase
PL25_03417	gene	1347				
PL25_03417	CDS	1347			COG3385	IS4 family transposase ISHaha1
PL25_03418	gene	216				
PL25_03418	CDS	216				hypothetical protein
PL25_03419	gene	825	rnm			
PL25_03419	CDS	825	rnm	3.1.13.-	COG0613	5'-3' exoribonuclease Rnm
PL25_03420	gene	795	nfo_2			
PL25_03420	CDS	795	nfo_2	3.1.21.2		endonuclease 4
PL25_03421	gene	786	surE			
PL25_03421	CDS	786	surE	3.1.3.5	COG0496	5'-nucleotidase SurE
PL25_03422	gene	1047				
PL25_03422	CDS	1047				hypothetical protein
PL25_03423	gene	1740				
PL25_03423	CDS	1740				hypothetical protein
PL25_03424	gene	1038	potG			
PL25_03424	CDS	1038	potG	7.6.2.16	COG3842	Putrescine transport ATP-binding protein PotG
PL25_03425	gene	903	rocF			
PL25_03425	CDS	903	rocF	3.5.3.1		Arginase
PL25_03426	gene	153				
PL25_03426	CDS	153				hypothetical protein
PL25_03427	gene	564	sigW_3			
PL25_03427	CDS	564	sigW_3		COG1595	ECF RNA polymerase sigma factor SigW
PL25_03428	gene	633	rsiW			
PL25_03428	CDS	633	rsiW		COG5662	Anti-sigma-W factor RsiW
PL25_03429	gene	822	cdaA			
PL25_03429	CDS	822	cdaA	2.7.7.85	COG1624	Cyclic di-AMP synthase CdaA
PL25_03430	gene	1239	cdaR_2			
PL25_03430	CDS	1239	cdaR_2		COG4856	CdaA regulatory protein CdaR
PL25_03431	gene	1347	glmM			
PL25_03431	CDS	1347	glmM	5.4.2.10	COG1109	Phosphoglucosamine mutase
PL25_03432	gene	594	betI_3			
PL25_03432	CDS	594	betI_3			HTH-type transcriptional regulator BetI
PL25_03433	gene	684				
PL25_03433	CDS	684				hypothetical protein
PL25_03434	gene	690	hssR			
PL25_03434	CDS	690	hssR			Heme response regulator HssR
PL25_03435	gene	1374	hssS			
PL25_03435	CDS	1374	hssS	2.7.13.3		Heme sensor protein HssS
PL25_03436	gene	1038				
PL25_03436	CDS	1038			COG0577	putative ABC transporter permease
PL25_03437	gene	660	hrtA_2			
PL25_03437	CDS	660	hrtA_2	7.6.2.-		Putative hemin import ATP-binding protein HrtA
PL25_03438	gene	1137	dao			
PL25_03438	CDS	1137	dao	1.4.3.3	COG0665	D-amino-acid oxidase
PL25_03439	gene	351				
PL25_03439	CDS	351				hypothetical protein
PL25_03440	gene	396				
PL25_03440	CDS	396				hypothetical protein
PL25_03441	gene	795				
PL25_03441	CDS	795				hypothetical protein
PL25_03442	gene	363				
PL25_03442	CDS	363				hypothetical protein
PL25_03443	gene	1791				
PL25_03443	CDS	1791				hypothetical protein
PL25_03444	gene	330				
PL25_03444	CDS	330				hypothetical protein
PL25_03445	gene	1155				
PL25_03445	CDS	1155				hypothetical protein
PL25_03446	gene	168				
PL25_03446	CDS	168				hypothetical protein
PL25_03447	gene	462				
PL25_03447	CDS	462				hypothetical protein
PL25_03448	gene	876	sigJ_1			
PL25_03448	CDS	876	sigJ_1		COG1595	ECF RNA polymerase sigma factor SigJ
PL25_03449	gene	546				
PL25_03449	CDS	546				hypothetical protein
PL25_03450	gene	172				
PL25_03450	misc_RNA	172				glmS
PL25_03451	gene	1803	glmS_1			
PL25_03451	CDS	1803	glmS_1	2.6.1.16	COG0449	Glutamine--fructose-6-phosphate aminotransferase [isomerizing]
PL25_03452	gene	1347				
PL25_03452	CDS	1347			COG3385	IS4 family transposase ISHaha1
PL25_03453	gene	216				
PL25_03453	CDS	216				hypothetical protein
PL25_03454	gene	378	ytrA_1			
PL25_03454	CDS	378	ytrA_1		COG1725	HTH-type transcriptional repressor YtrA
PL25_03455	gene	486	ytrB_1			
PL25_03455	CDS	486	ytrB_1		COG1131	ABC transporter ATP-binding protein YtrB
PL25_03456	gene	588				
PL25_03456	CDS	588				hypothetical protein
PL25_03457	gene	1482	stp			
PL25_03457	CDS	1482	stp		COG0477	Multidrug resistance protein Stp
PL25_03458	gene	393	mecI			
PL25_03458	CDS	393	mecI			Methicillin resistance regulatory protein MecI
PL25_03459	gene	1770	blaR1			
PL25_03459	CDS	1770	blaR1			Regulatory protein BlaR1
PL25_03460	gene	102				
PL25_03460	CDS	102				hypothetical protein
PL25_03461	gene	2076	pbpA_3			
PL25_03461	CDS	2076	pbpA_3	3.4.16.4	COG0768	Penicillin-binding protein 2A
PL25_03462	gene	930	penP			
PL25_03462	CDS	930	penP	3.5.2.6		Beta-lactamase
PL25_03463	gene	879	gltC_1			
PL25_03463	CDS	879	gltC_1		COG0583	Transcriptional dual regulator GltC
PL25_03464	gene	1182	pbuE_2			
PL25_03464	CDS	1182	pbuE_2		COG2814	Purine efflux pump PbuE
PL25_03465	gene	756				
PL25_03465	CDS	756				hypothetical protein
PL25_03466	gene	1179	punC			
PL25_03466	CDS	1179	punC		COG2814	Purine nucleoside transporter
PL25_03467	gene	4200				
PL25_03467	CDS	4200		3.2.1.97	COG0366	Endo-alpha-N-acetylgalactosaminidase
PL25_03468	gene	528				
PL25_03468	CDS	528				hypothetical protein
PL25_03469	gene	924				
PL25_03469	CDS	924				hypothetical protein
PL25_03470	gene	300				
PL25_03470	CDS	300				hypothetical protein
PL25_03471	gene	933				
PL25_03471	CDS	933				hypothetical protein
PL25_03472	gene	189				
PL25_03472	CDS	189				hypothetical protein
PL25_03473	gene	477				
PL25_03473	CDS	477				hypothetical protein
PL25_03474	gene	435				
PL25_03474	CDS	435				hypothetical protein
PL25_03475	gene	135				
PL25_03475	CDS	135				hypothetical protein
PL25_03476	gene	384				
PL25_03476	CDS	384				hypothetical protein
PL25_03477	gene	444				
PL25_03477	CDS	444				hypothetical protein
PL25_03478	gene	939	siwR			
PL25_03478	CDS	939	siwR		COG2378	Stress-involved WYL domain-containing regulator
PL25_03479	gene	1221	atzC_1			
PL25_03479	CDS	1221	atzC_1	3.5.4.42		N-isopropylammelide isopropyl amidohydrolase
PL25_03480	gene	1221	atzC_2			
PL25_03480	CDS	1221	atzC_2	3.5.4.42		N-isopropylammelide isopropyl amidohydrolase
PL25_03481	gene	699				
PL25_03481	CDS	699				hypothetical protein
PL25_03482	gene	897	cynR_2			
PL25_03482	CDS	897	cynR_2		COG0583	HTH-type transcriptional regulator CynR
PL25_03483	gene	333				
PL25_03483	CDS	333				hypothetical protein
PL25_03484	gene	186				
PL25_03484	CDS	186				hypothetical protein
PL25_03485	gene	255				
PL25_03485	CDS	255				hypothetical protein
PL25_03486	gene	855				
PL25_03486	CDS	855				hypothetical protein
PL25_03487	gene	813				
PL25_03487	CDS	813				hypothetical protein
PL25_03488	gene	1917	thrZ			
PL25_03488	CDS	1917	thrZ	6.1.1.3	COG0441	Threonine--tRNA ligase 2
PL25_03489	gene	1332				
PL25_03489	CDS	1332		1.14.13.-		Putative epoxidase LasC
PL25_03490	gene	1014	pbpX			
PL25_03490	CDS	1014	pbpX		COG1680	Putative penicillin-binding protein PbpX
PL25_03491	gene	1551	speE_2			
PL25_03491	CDS	1551	speE_2	2.5.1.16		Polyamine aminopropyltransferase
PL25_03492	gene	396				
PL25_03492	CDS	396				hypothetical protein
PL25_03493	gene	606				
PL25_03493	CDS	606				hypothetical protein
PL25_03494	gene	669	vipp1			
PL25_03494	CDS	669	vipp1		COG1842	Membrane-associated protein Vipp1
PL25_03495	gene	510				
PL25_03495	CDS	510				hypothetical protein
PL25_03496	gene	174				
PL25_03496	CDS	174				hypothetical protein
PL25_03497	gene	354				
PL25_03497	CDS	354				hypothetical protein
PL25_03498	gene	414				
PL25_03498	CDS	414				hypothetical protein
PL25_03499	gene	642				
PL25_03499	CDS	642				hypothetical protein
PL25_03500	gene	312				
PL25_03500	CDS	312				hypothetical protein
PL25_03501	gene	786	ykoC			
PL25_03501	CDS	786	ykoC		COG0619	Putative HMP/thiamine permease protein YkoC
PL25_03502	gene	1665	ykoD			
PL25_03502	CDS	1665	ykoD	7.6.2.-	COG1122	Putative HMP/thiamine import ATP-binding protein YkoD
PL25_03503	gene	582	ykoE			
PL25_03503	CDS	582	ykoE		COG4721	Putative HMP/thiamine permease protein YkoE
PL25_03504	gene	609	ykoF			
PL25_03504	CDS	609	ykoF			Putative HMP/thiamine-binding protein YkoF
PL25_03505	gene	103				
PL25_03505	misc_RNA	103				TPP
PL25_03506	gene	1065	dctP			
PL25_03506	CDS	1065	dctP			C4-dicarboxylate-binding periplasmic protein DctP
PL25_03507	gene	68				
PL25_03507	misc_RNA	68				Bacillaceae-1
PL25_03508	gene	1782	dcuS			
PL25_03508	CDS	1782	dcuS	2.7.13.3	COG3290	Sensor histidine kinase DcuS
PL25_03509	gene	690	dcuR			
PL25_03509	CDS	690	dcuR		COG4565	Transcriptional regulatory protein DcuR
PL25_03510	gene	993				
PL25_03510	CDS	993				hypothetical protein
PL25_03511	gene	483				
PL25_03511	CDS	483				hypothetical protein
PL25_03512	gene	2151				
PL25_03512	CDS	2151				hypothetical protein
PL25_03513	gene	366				
PL25_03513	CDS	366				hypothetical protein
PL25_03514	gene	768	misCB			
PL25_03514	CDS	768	misCB		COG0706	Membrane protein insertase MisCB
PL25_03515	gene	47				
PL25_03515	misc_RNA	47				PreQ1
PL25_03516	gene	498	queF			
PL25_03516	CDS	498	queF	1.7.1.13	COG0780	NADPH-dependent 7-cyano-7-deazaguanine reductase
PL25_03517	gene	609				
PL25_03517	CDS	609				queuosine precursor transporter
PL25_03518	gene	1410	bcaP			
PL25_03518	CDS	1410	bcaP		COG0531	Branched-chain amino acid permease BcaP
PL25_03519	gene	651	glaR			
PL25_03519	CDS	651	glaR		COG1802	HTH-type transcriptional repressor GlaR
PL25_03520	gene	393	flK			
PL25_03520	CDS	393	flK	3.1.2.29		Fluoroacetyl-CoA thioesterase
PL25_03521	gene	1140	pdh			
PL25_03521	CDS	1140	pdh	1.4.1.20		Phenylalanine dehydrogenase
PL25_03522	gene	1065	pdhA_2			
PL25_03522	CDS	1065	pdhA_2	1.2.4.1		Pyruvate dehydrogenase E1 component subunit alpha
PL25_03523	gene	1020	pdhB_2			
PL25_03523	CDS	1020	pdhB_2	1.2.4.1		Pyruvate dehydrogenase E1 component subunit beta
PL25_03524	gene	1212	pdhC_4			
PL25_03524	CDS	1212	pdhC_4	2.3.1.12		Dihydrolipoyllysine-residue acetyltransferase component of pyruvate dehydrogenase complex
PL25_03525	gene	1434	pdhD_3			
PL25_03525	CDS	1434	pdhD_3	1.8.1.4		Dihydrolipoyl dehydrogenase
PL25_03526	gene	768				
PL25_03526	CDS	768				hypothetical protein
PL25_03527	gene	549				
PL25_03527	CDS	549				hypothetical protein
PL25_03528	gene	1545	yheS_1			
PL25_03528	CDS	1545	yheS_1		COG0488	putative ATP-binding protein YheS
PL25_03529	gene	498				
PL25_03529	CDS	498				hypothetical protein
PL25_03530	gene	909				
PL25_03530	CDS	909				hypothetical protein
PL25_03531	gene	1080				
PL25_03531	CDS	1080				hypothetical protein
PL25_03532	gene	1209				
PL25_03532	CDS	1209				hypothetical protein
PL25_03533	gene	1200				
PL25_03533	CDS	1200				hypothetical protein
PL25_03534	gene	942	moxR1_1			
PL25_03534	CDS	942	moxR1_1		COG0714	Chaperone MoxR1
PL25_03535	gene	867	aadK_1			
PL25_03535	CDS	867	aadK_1	2.7.7.-		Aminoglycoside 6-adenylyltransferase
PL25_03536	gene	435				
PL25_03536	CDS	435				hypothetical protein
PL25_03537	gene	915				
PL25_03537	CDS	915				hypothetical protein
PL25_03538	gene	237				
PL25_03538	CDS	237				hypothetical protein
PL25_03539	gene	810	rhaS			
PL25_03539	CDS	810	rhaS			HTH-type transcriptional activator RhaS
PL25_03540	gene	975				
PL25_03540	CDS	975				hypothetical protein
PL25_03541	gene	1953	qoxB			
PL25_03541	CDS	1953	qoxB	1.10.3.-		Quinol oxidase subunit 1
PL25_03542	gene	606	qoxC			
PL25_03542	CDS	606	qoxC	1.10.3.-		Quinol oxidase subunit 3
PL25_03543	gene	285	qoxD			
PL25_03543	CDS	285	qoxD	1.10.3.-		Quinol oxidase subunit 4
PL25_03544	gene	246				
PL25_03544	CDS	246				hypothetical protein
PL25_03545	gene	387	cadC			
PL25_03545	CDS	387	cadC			Cadmium resistance transcriptional regulatory protein CadC
PL25_03546	gene	2100	cadA			
PL25_03546	CDS	2100	cadA	7.2.2.21		putative cadmium-transporting ATPase
PL25_03547	gene	145				
PL25_03547	misc_RNA	145				ydaO-yuaA
PL25_03548	gene	660	ktrA			
PL25_03548	CDS	660	ktrA		COG0569	Ktr system potassium uptake protein A
PL25_03549	gene	1356	ktrB_2			
PL25_03549	CDS	1356	ktrB_2		COG0168	Ktr system potassium uptake protein B
PL25_03550	gene	288				
PL25_03550	misc_RNA	288				T-box
PL25_03551	gene	1233				
PL25_03551	CDS	1233				hypothetical protein
PL25_03552	gene	210				
PL25_03552	CDS	210				hypothetical protein
PL25_03553	gene	585	ydhK			
PL25_03553	CDS	585	ydhK		COG1388	putative protein YdhK
PL25_03554	gene	1407	sasA_3			
PL25_03554	CDS	1407	sasA_3	2.7.13.3		Adaptive-response sensory-kinase SasA
PL25_03555	gene	675	srrA			
PL25_03555	CDS	675	srrA			Transcriptional regulatory protein SrrA
PL25_03556	gene	324	yhjQ			
PL25_03556	CDS	324	yhjQ			putative cysteine-rich protein YhjQ
PL25_03557	gene	654				
PL25_03557	CDS	654				hypothetical protein
PL25_03558	gene	1512	oxyL			
PL25_03558	CDS	1512	oxyL	1.14.13.232		6-methylpretetramide 4-monooxygenase
PL25_03559	gene	2064	copB			
PL25_03559	CDS	2064	copB	7.2.2.8	COG2217	Copper-exporting P-type ATPase B
PL25_03560	gene	582	clpP_4			
PL25_03560	CDS	582	clpP_4	3.4.21.92	COG0740	ATP-dependent Clp protease proteolytic subunit
PL25_03561	gene	663				
PL25_03561	CDS	663				hypothetical protein
PL25_03562	gene	2295	helD			
PL25_03562	CDS	2295	helD	3.6.4.12	COG3973	DNA helicase IV
PL25_03563	gene	606				
PL25_03563	CDS	606				hypothetical protein
PL25_03564	gene	1008	feuB_2			
PL25_03564	CDS	1008	feuB_2		COG0609	Iron-uptake system permease protein FeuB
PL25_03565	gene	1023	feuC_2			
PL25_03565	CDS	1023	feuC_2		COG0609	Iron-uptake system permease protein FeuC
PL25_03566	gene	789	yusV_2			
PL25_03566	CDS	789	yusV_2		COG1120	putative siderophore transport system ATP-binding protein YusV
PL25_03567	gene	813	besA			
PL25_03567	CDS	813	besA	3.1.-.-	COG2819	Ferri-bacillibactin esterase BesA
PL25_03568	gene	253				
PL25_03568	misc_RNA	253				T-box
PL25_03569	gene	3099	mupA			
PL25_03569	CDS	3099	mupA			mupirocin-resistant isoleucine--tRNA ligase MupA
PL25_03570	gene	798	pdxK			
PL25_03570	CDS	798	pdxK	2.7.1.35	COG0351	Pyridoxine kinase
PL25_03571	gene	1095				
PL25_03571	CDS	1095				hypothetical protein
PL25_03572	gene	1353	ythA			
PL25_03572	CDS	1353	ythA	1.10.3.-	COG1271	Putative cytochrome bd menaquinol oxidase subunit I
PL25_03573	gene	1014	ythB			
PL25_03573	CDS	1014	ythB		COG1294	Putative cytochrome bd menaquinol oxidase subunit II
PL25_03574	gene	1734	cydD			
PL25_03574	CDS	1734	cydD	7.4.2.-	COG4988	Glutathione/L-cysteine transport system ATP-binding/permease protein CydD
PL25_03575	gene	1713	cydC			
PL25_03575	CDS	1713	cydC	7.4.2.-	COG4987	Glutathione/L-cysteine transport system ATP-binding/permease protein CydC
PL25_03576	gene	396				
PL25_03576	CDS	396				hypothetical protein
PL25_03577	gene	573				
PL25_03577	CDS	573				hypothetical protein
PL25_03578	gene	1107	ribD			
PL25_03578	CDS	1107	ribD		COG0117	Riboflavin biosynthesis protein RibD
PL25_03579	gene	756	ribBA			
PL25_03579	CDS	756	ribBA	3.5.4.25		Riboflavin biosynthesis protein RibBA
PL25_03580	gene	1284				
PL25_03580	CDS	1284				IS110 family transposase IS653
PL25_03581	gene	435				
PL25_03581	CDS	435				hypothetical protein
PL25_03582	gene	600				
PL25_03582	CDS	600				hypothetical protein
PL25_03583	gene	588	kstR2_2			
PL25_03583	CDS	588	kstR2_2		COG1309	HTH-type transcriptional repressor KstR2
PL25_03584	gene	909				
PL25_03584	CDS	909		7.6.2.-	COG1131	Multidrug efflux system ATP-binding protein
PL25_03585	gene	1605				
PL25_03585	CDS	1605			COG3559	Multidrug efflux system permease protein
PL25_03586	gene	1758	bmrA			
PL25_03586	CDS	1758	bmrA	7.6.2.-	COG1132	Multidrug resistance ABC transporter ATP-binding/permease protein BmrA
PL25_03587	gene	1356	brnQ_2			
PL25_03587	CDS	1356	brnQ_2		COG1114	Branched-chain amino acid permease BrnQ
PL25_03588	gene	657	mcbR			
PL25_03588	CDS	657	mcbR		COG1802	HTH-type transcriptional regulator McbR
PL25_03589	gene	720				
PL25_03589	CDS	720				hypothetical protein
PL25_03590	gene	1605	katA_2			
PL25_03590	CDS	1605	katA_2	1.11.1.6	COG0753	Catalase
PL25_03591	gene	1125	queE_1			
PL25_03591	CDS	1125	queE_1	4.3.99.3		7-carboxy-7-deazaguanine synthase
PL25_03592	gene	486	idi			
PL25_03592	CDS	486	idi	5.3.3.2		Isopentenyl-diphosphate Delta-isomerase
PL25_03593	gene	216				
PL25_03593	CDS	216				hypothetical protein
PL25_03594	gene	849	catE			
PL25_03594	CDS	849	catE	1.13.11.2	COG2514	Catechol-2,3-dioxygenase
PL25_03595	gene	954	yrbG			
PL25_03595	CDS	954	yrbG		COG0530	Inner membrane protein YrbG
PL25_03596	gene	603	mhqD			
PL25_03596	CDS	603	mhqD	3.1.-.-	COG0400	Putative hydrolase MhqD
PL25_03597	gene	423	mhqR_1			
PL25_03597	CDS	423	mhqR_1		COG1846	HTH-type transcriptional regulator MhqR
PL25_03598	gene	1611	msrD			
PL25_03598	CDS	1611	msrD			putative macrolide resistance translation factor MsrD
PL25_03599	gene	333				
PL25_03599	CDS	333				hypothetical protein
PL25_03600	gene	684				
PL25_03600	CDS	684				hypothetical protein
PL25_03601	gene	1461				
PL25_03601	CDS	1461				hypothetical protein
PL25_03602	gene	714	uppS_2			
PL25_03602	CDS	714	uppS_2	2.5.1.31		Ditrans,polycis-undecaprenyl-diphosphate synthase ((2E,6E)-farnesyl-diphosphate specific)
PL25_03603	gene	543				
PL25_03603	CDS	543				hypothetical protein
PL25_03604	gene	333				
PL25_03604	CDS	333				hypothetical protein
PL25_03605	gene	267				
PL25_03605	CDS	267				hypothetical protein
PL25_03606	gene	903				
PL25_03606	CDS	903				hypothetical protein
PL25_03607	gene	1134				
PL25_03607	CDS	1134				hypothetical protein
PL25_03608	gene	1284				
PL25_03608	CDS	1284				IS110 family transposase IS653
PL25_03609	gene	474				
PL25_03609	CDS	474				hypothetical protein
PL25_03610	gene	450				
PL25_03610	CDS	450				hypothetical protein
PL25_03611	gene	369				
PL25_03611	CDS	369				hypothetical protein
PL25_03612	gene	702				
PL25_03612	CDS	702				hypothetical protein
PL25_03613	gene	258				
PL25_03613	CDS	258				hypothetical protein
PL25_03614	gene	504				
PL25_03614	CDS	504				hypothetical protein
PL25_03615	gene	513	ywnH			
PL25_03615	CDS	513	ywnH	2.3.1.183	COG1247	Putative phosphinothricin acetyltransferase YwnH
PL25_03616	gene	627				
PL25_03616	CDS	627				hypothetical protein
PL25_03617	gene	699				
PL25_03617	CDS	699				hypothetical protein
PL25_03618	gene	384				
PL25_03618	CDS	384				hypothetical protein
PL25_03619	gene	891	ytrB_2			
PL25_03619	CDS	891	ytrB_2		COG1131	ABC transporter ATP-binding protein YtrB
PL25_03620	gene	741				
PL25_03620	CDS	741				hypothetical protein
PL25_03621	gene	699				
PL25_03621	CDS	699				hypothetical protein
PL25_03622	gene	534	speG			
PL25_03622	CDS	534	speG	2.3.1.57	COG1670	Spermidine N(1)-acetyltransferase
PL25_03623	gene	630	yfiR			
PL25_03623	CDS	630	yfiR		COG1309	putative HTH-type transcriptional regulator YfiR
PL25_03624	gene	420				
PL25_03624	CDS	420				hypothetical protein
PL25_03625	gene	282				
PL25_03625	CDS	282				hypothetical protein
PL25_03626	gene	687	yxiD			
PL25_03626	CDS	687	yxiD		COG5444	Toxin YxiD
PL25_03627	gene	237	fdxA_2			
PL25_03627	CDS	237	fdxA_2			Ferredoxin 7Fe
PL25_03628	gene	1200	paaJ			
PL25_03628	CDS	1200	paaJ	2.3.1.174	COG0183	3-oxoadipyl-CoA/3-oxo-5,6-dehydrosuberyl-CoA thiolase
PL25_03629	gene	855	mmgB_2			
PL25_03629	CDS	855	mmgB_2	1.1.1.157	COG1250	putative 3-hydroxybutyryl-CoA dehydrogenase
PL25_03630	gene	1524	betB			
PL25_03630	CDS	1524	betB	1.2.1.8	COG1012	Betaine aldehyde dehydrogenase
PL25_03631	gene	783	paaG			
PL25_03631	CDS	783	paaG	5.3.3.18	COG1024	1,2-epoxyphenylacetyl-CoA isomerase
PL25_03632	gene	774	echA8			
PL25_03632	CDS	774	echA8	4.2.1.17	COG1024	putative enoyl-CoA hydratase EchA8
PL25_03633	gene	309				
PL25_03633	CDS	309				hypothetical protein
PL25_03634	gene	504	paaD			
PL25_03634	CDS	504	paaD		COG2151	Putative 1,2-phenylacetyl-CoA epoxidase, subunit D
PL25_03635	gene	816	paaC			
PL25_03635	CDS	816	paaC		COG3396	1,2-phenylacetyl-CoA epoxidase, subunit C
PL25_03636	gene	360				
PL25_03636	CDS	360				hypothetical protein
PL25_03637	gene	978	paaA			
PL25_03637	CDS	978	paaA	1.14.13.149	COG3396	1,2-phenylacetyl-CoA epoxidase, subunit A
PL25_03638	gene	1290	paaK			
PL25_03638	CDS	1290	paaK	6.2.1.30		Phenylacetate-coenzyme A ligase
PL25_03639	gene	840	paaX			
PL25_03639	CDS	840	paaX		COG3327	Transcriptional repressor PaaX
PL25_03640	gene	531				
PL25_03640	CDS	531		4.2.1.1	COG0663	Carbonic anhydrase
PL25_03641	gene	954	ipdC			
PL25_03641	CDS	954	ipdC	1.3.1.-	COG2070	(3aS,4S,5R,7aS)-5-hydroxy-7a-methyl-1-oxo-octahydro-1H-indene-4-carboxyl-CoA dehydrogenase
PL25_03642	gene	1002	yumC_2			
PL25_03642	CDS	1002	yumC_2	1.18.1.2	COG0492	Ferredoxin--NADP reductase 2
PL25_03643	gene	777	crt_2			
PL25_03643	CDS	777	crt_2	4.2.1.150	COG1024	Short-chain-enoyl-CoA hydratase
PL25_03644	gene	405				
PL25_03644	CDS	405				Tn3 family transposase ISAau4
PL25_03645	gene	468				
PL25_03645	CDS	468				hypothetical protein
PL25_03646	gene	1194	rlmI			
PL25_03646	CDS	1194	rlmI	2.1.1.191	COG1092	Ribosomal RNA large subunit methyltransferase I
PL25_03647	gene	969	argF			
PL25_03647	CDS	969	argF	2.1.3.3	COG0078	Ornithine carbamoyltransferase
PL25_03648	gene	918	thrB			
PL25_03648	CDS	918	thrB	2.7.1.39	COG0083	Homoserine kinase
PL25_03649	gene	1062	thrC			
PL25_03649	CDS	1062	thrC	4.2.3.1	COG0498	Threonine synthase
PL25_03650	gene	1329	hom			
PL25_03650	CDS	1329	hom	1.1.1.3	COG0460	Homoserine dehydrogenase
PL25_03651	gene	153				
PL25_03651	CDS	153				hypothetical protein
PL25_03652	gene	123				
PL25_03652	CDS	123				hypothetical protein
PL25_03653	gene	1050				
PL25_03653	CDS	1050				hypothetical protein
PL25_03654	gene	1155	pbuE_3			
PL25_03654	CDS	1155	pbuE_3		COG2814	Purine efflux pump PbuE
PL25_03655	gene	822				
PL25_03655	CDS	822				hypothetical protein
PL25_03656	gene	1548				
PL25_03656	CDS	1548			COG1292	Glycine betaine transporter 2
PL25_03657	gene	882	cysL_3			
PL25_03657	CDS	882	cysL_3		COG0583	HTH-type transcriptional regulator CysL
PL25_03658	gene	1095	citA			
PL25_03658	CDS	1095	citA	2.3.3.16	COG0372	Citrate synthase 1
PL25_03659	gene	1587	lutP			
PL25_03659	CDS	1587	lutP		COG1620	L-lactate permease
PL25_03660	gene	714	lutR			
PL25_03660	CDS	714	lutR		COG2186	HTH-type transcriptional regulator LutR
PL25_03661	gene	738	lutA			
PL25_03661	CDS	738	lutA		COG0247	Lactate utilization protein A
PL25_03662	gene	1425	lutB			
PL25_03662	CDS	1425	lutB		COG1139	Lactate utilization protein B
PL25_03663	gene	702	lutC			
PL25_03663	CDS	702	lutC		COG1556	Lactate utilization protein C
PL25_03664	gene	483				
PL25_03664	CDS	483				hypothetical protein
PL25_03665	gene	1491	farB_1			
PL25_03665	CDS	1491	farB_1			Fatty acid resistance protein FarB
PL25_03666	gene	330				
PL25_03666	CDS	330				hypothetical protein
PL25_03667	gene	399				
PL25_03667	CDS	399				hypothetical protein
PL25_03668	gene	639				
PL25_03668	CDS	639				hypothetical protein
PL25_03669	gene	738	mta_1			
PL25_03669	CDS	738	mta_1		COG0789	HTH-type transcriptional activator mta
PL25_03670	gene	618	thiE			
PL25_03670	CDS	618	thiE	2.5.1.3		Thiamine-phosphate synthase
PL25_03671	gene	774	thiM			
PL25_03671	CDS	774	thiM	2.7.1.50	COG2145	Hydroxyethylthiazole kinase
PL25_03672	gene	807	thiD			
PL25_03672	CDS	807	thiD	2.7.1.49		Hydroxymethylpyrimidine/phosphomethylpyrimidine kinase
PL25_03673	gene	687	tenA			
PL25_03673	CDS	687	tenA	3.5.99.2	COG0819	Aminopyrimidine aminohydrolase
PL25_03674	gene	103				
PL25_03674	misc_RNA	103				TPP
PL25_03675	gene	498				
PL25_03675	CDS	498				hypothetical protein
PL25_03676	gene	112				
PL25_03676	misc_RNA	112				TPP
PL25_03677	gene	195				
PL25_03677	CDS	195				hypothetical protein
PL25_03678	gene	198				
PL25_03678	CDS	198				hypothetical protein
PL25_03679	gene	166				
PL25_03679	misc_RNA	166				group-II-D1D4-3
PL25_03680	gene	927	gnnA			
PL25_03680	CDS	927	gnnA	1.1.1.374	COG0673	UDP-N-acetylglucosamine 3-dehydrogenase
PL25_03681	gene	924				
PL25_03681	CDS	924				hypothetical protein
PL25_03682	gene	690	lpxD			
PL25_03682	CDS	690	lpxD	2.3.1.191		UDP-3-O-(3-hydroxymyristoyl)glucosamine N-acyltransferase
PL25_03683	gene	1026				
PL25_03683	CDS	1026				hypothetical protein
PL25_03684	gene	1074	wbpI			
PL25_03684	CDS	1074	wbpI	5.1.3.23		UDP-2,3-diacetamido-2,3-dideoxy-D-glucuronate 2-epimerase
PL25_03685	gene	1200				
PL25_03685	CDS	1200				hypothetical protein
PL25_03686	gene	978				
PL25_03686	CDS	978		5.1.3.2	COG0451	UDP-glucose 4-epimerase
PL25_03687	gene	756	baiA			
PL25_03687	CDS	756	baiA	1.1.1.-	COG1028	3alpha-hydroxysteroid dehydrogenase
PL25_03688	gene	1194				
PL25_03688	CDS	1194				hypothetical protein
PL25_03689	gene	1218				
PL25_03689	CDS	1218				hypothetical protein
PL25_03690	gene	1008				
PL25_03690	CDS	1008				hypothetical protein
PL25_03691	gene	1323				
PL25_03691	CDS	1323		1.1.1.336		UDP-N-acetyl-D-mannosamine dehydrogenase
PL25_03692	gene	1128	gnnB			
PL25_03692	CDS	1128	gnnB	2.6.1.122	COG0399	UDP-N-acetyl-3-dehydro-alpha-D-glucosamine 3-aminotranferase
PL25_03693	gene	1320				
PL25_03693	CDS	1320				hypothetical protein
PL25_03694	gene	1038	btuD_2			
PL25_03694	CDS	1038	btuD_2	7.6.2.8		Vitamin B12 import ATP-binding protein BtuD
PL25_03695	gene	849				
PL25_03695	CDS	849		7.6.2.-	COG1131	Fluoroquinolones export ATP-binding protein
PL25_03696	gene	711				
PL25_03696	CDS	711				hypothetical protein
PL25_03697	gene	594				
PL25_03697	CDS	594				hypothetical protein
PL25_03698	gene	216				
PL25_03698	CDS	216				hypothetical protein
PL25_03699	gene	73				
PL25_03699	tRNA	73				tRNA-Ala(ggc)
PL25_03700	gene	3696				
PL25_03700	CDS	3696				hypothetical protein
PL25_03701	gene	1104	nadA			
PL25_03701	CDS	1104	nadA	2.5.1.72	COG0379	Quinolinate synthase
PL25_03702	gene	843	nadC			
PL25_03702	CDS	843	nadC	2.4.2.19	COG0157	putative nicotinate-nucleotide pyrophosphorylase [carboxylating]
PL25_03703	gene	1539	nadB			
PL25_03703	CDS	1539	nadB	1.4.3.16	COG0029	L-aspartate oxidase
PL25_03704	gene	1119	nifS			
PL25_03704	CDS	1119	nifS	2.8.1.7	COG1104	Putative cysteine desulfurase NifS
PL25_03705	gene	549	nadR			
PL25_03705	CDS	549	nadR		COG1827	Transcription repressor NadR
PL25_03706	gene	135				
PL25_03706	CDS	135				hypothetical protein
PL25_03707	gene	1494	dtpT			
PL25_03707	CDS	1494	dtpT			Di-/tripeptide transporter
PL25_03708	gene	267				
PL25_03708	CDS	267				hypothetical protein
PL25_03709	gene	1434	panF			
PL25_03709	CDS	1434	panF		COG4145	Sodium/pantothenate symporter
PL25_03710	gene	1989	acs			
PL25_03710	CDS	1989	acs	6.2.1.1		Acetyl-coenzyme A synthetase
PL25_03711	gene	525	yraA_1			
PL25_03711	CDS	525	yraA_1	3.2.-.-	COG0693	Putative cysteine protease YraA
PL25_03712	gene	537	pyrE_2			
PL25_03712	CDS	537	pyrE_2	2.4.2.10		Orotate phosphoribosyltransferase
PL25_03713	gene	1071				
PL25_03713	CDS	1071				hypothetical protein
PL25_03714	gene	102				
PL25_03714	misc_RNA	102				Purine
PL25_03715	gene	453	yueI			
PL25_03715	CDS	453	yueI		COG5506	putative protein YueI
PL25_03716	gene	159				
PL25_03716	CDS	159				hypothetical protein
PL25_03717	gene	171				
PL25_03717	CDS	171				hypothetical protein
PL25_03718	gene	798				
PL25_03718	CDS	798				putative protein
PL25_03719	gene	1956	leuC_2			
PL25_03719	CDS	1956	leuC_2	4.2.1.33		3-isopropylmalate dehydratase large subunit
PL25_03720	gene	177				
PL25_03720	CDS	177				hypothetical protein
PL25_03721	gene	276				
PL25_03721	CDS	276				hypothetical protein
PL25_03722	gene	1353				
PL25_03722	CDS	1353				hypothetical protein
PL25_03723	gene	1791	nhaP2_2			
PL25_03723	CDS	1791	nhaP2_2			K(+)/H(+) antiporter NhaP2
PL25_03724	gene	1323				
PL25_03724	CDS	1323				hypothetical protein
PL25_03725	gene	951	gloB_3			
PL25_03725	CDS	951	gloB_3	3.1.2.6		Hydroxyacylglutathione hydrolase
PL25_03726	gene	396				
PL25_03726	CDS	396				hypothetical protein
PL25_03727	gene	816	exoA			
PL25_03727	CDS	816	exoA	3.1.11.2	COG0708	Exodeoxyribonuclease
PL25_03728	gene	390	ytrA_2			
PL25_03728	CDS	390	ytrA_2		COG1725	HTH-type transcriptional repressor YtrA
PL25_03729	gene	690	lnrL_3			
PL25_03729	CDS	690	lnrL_3	7.6.2.-	COG1131	Linearmycin resistance ATP-binding protein LnrL
PL25_03730	gene	834				
PL25_03730	CDS	834				hypothetical protein
PL25_03731	gene	1287				
PL25_03731	CDS	1287				hypothetical protein
PL25_03732	gene	342				
PL25_03732	CDS	342				hypothetical protein
PL25_03733	gene	537	opcR_1			
PL25_03733	CDS	537	opcR_1		COG1510	HTH-type transcriptional repressor OpcR
PL25_03734	gene	1668	cocE			
PL25_03734	CDS	1668	cocE	3.1.1.84		Cocaine esterase
PL25_03735	gene	651	opuCD			
PL25_03735	CDS	651	opuCD		COG1174	Glycine betaine/carnitine/choline transport system permease protein OpuCD
PL25_03736	gene	930	opuCC			
PL25_03736	CDS	930	opuCC		COG1732	Glycine betaine/carnitine/choline-binding protein OpuCC
PL25_03737	gene	645	opuCB			
PL25_03737	CDS	645	opuCB		COG1174	Glycine betaine/carnitine/choline transport system permease protein OpuCB
PL25_03738	gene	1161	opuCA_2			
PL25_03738	CDS	1161	opuCA_2	7.6.2.9		Carnitine transport ATP-binding protein OpuCA
PL25_03739	gene	156				
PL25_03739	CDS	156				hypothetical protein
PL25_03740	gene	696				
PL25_03740	CDS	696				hypothetical protein
PL25_03741	gene	201				
PL25_03741	CDS	201				hypothetical protein
PL25_03742	gene	774	trpA			
PL25_03742	CDS	774	trpA	4.2.1.20	COG0159	Tryptophan synthase alpha chain
PL25_03743	gene	1197	trpB			
PL25_03743	CDS	1197	trpB	4.2.1.20	COG0133	Tryptophan synthase beta chain
PL25_03744	gene	633	trpF			
PL25_03744	CDS	633	trpF	5.3.1.24	COG0135	N-(5'-phosphoribosyl)anthranilate isomerase
PL25_03745	gene	792	trpC			
PL25_03745	CDS	792	trpC	4.1.1.48		Indole-3-glycerol phosphate synthase
PL25_03746	gene	1026	trpD2			
PL25_03746	CDS	1026	trpD2	2.4.2.18	COG0547	Anthranilate phosphoribosyltransferase 2
PL25_03747	gene	600	pabA_2			
PL25_03747	CDS	600	pabA_2	2.6.1.85	COG0512	Aminodeoxychorismate synthase component 2
PL25_03748	gene	1482	pabB			
PL25_03748	CDS	1482	pabB	2.6.1.85	COG0147	Aminodeoxychorismate synthase component 1
PL25_03749	gene	268				
PL25_03749	misc_RNA	268				T-box
PL25_03750	gene	250				
PL25_03750	misc_RNA	250				T-box
PL25_03751	gene	120				
PL25_03751	CDS	120				hypothetical protein
PL25_03752	gene	1113				
PL25_03752	CDS	1113				hypothetical protein
PL25_03753	gene	144				
PL25_03753	CDS	144				hypothetical protein
PL25_03754	gene	417				
PL25_03754	CDS	417				hypothetical protein
PL25_03755	gene	360				
PL25_03755	CDS	360				hypothetical protein
PL25_03756	gene	579				
PL25_03756	CDS	579				hypothetical protein
PL25_03757	gene	675				
PL25_03757	CDS	675				hypothetical protein
PL25_03758	gene	570				
PL25_03758	CDS	570				hypothetical protein
PL25_03759	gene	318				
PL25_03759	CDS	318				hypothetical protein
PL25_03760	gene	1101	ddlA			
PL25_03760	CDS	1101	ddlA	6.3.2.4	COG1181	D-alanine--D-alanine ligase A
PL25_03761	gene	555	ydjA			
PL25_03761	CDS	555	ydjA	1.-.-.-	COG0778	Putative NAD(P)H nitroreductase YdjA
PL25_03762	gene	1038				
PL25_03762	CDS	1038				hypothetical protein
PL25_03763	gene	68				
PL25_03763	misc_RNA	68				Bacillaceae-1
PL25_03764	gene	864				
PL25_03764	CDS	864		2.7.1.-		putative ketoamine kinase
PL25_03765	gene	351				
PL25_03765	CDS	351				hypothetical protein
PL25_03766	gene	537				
PL25_03766	CDS	537				hypothetical protein
PL25_03767	gene	1023				
PL25_03767	CDS	1023				hypothetical protein
PL25_03768	gene	1191	ynfM			
PL25_03768	CDS	1191	ynfM		COG2814	Inner membrane transport protein YnfM
PL25_03769	gene	1230	pepT_2			
PL25_03769	CDS	1230	pepT_2	3.4.11.4	COG2195	Peptidase T
PL25_03770	gene	68				
PL25_03770	misc_RNA	68				Bacillaceae-1
PL25_03771	gene	846	sseB			
PL25_03771	CDS	846	sseB	2.8.1.1	COG2897	Putative thiosulfate sulfurtransferase SseB
PL25_03772	gene	564	tag			
PL25_03772	CDS	564	tag	3.2.2.20	COG2818	DNA-3-methyladenine glycosylase 1
PL25_03773	gene	1782				
PL25_03773	CDS	1782				hypothetical protein
PL25_03774	gene	513				
PL25_03774	CDS	513				hypothetical protein
PL25_03775	gene	1419	sleL_2			
PL25_03775	CDS	1419	sleL_2	3.2.1.-		Cortical fragment-lytic enzyme
PL25_03776	gene	1626	ettA_1			
PL25_03776	CDS	1626	ettA_1	3.6.1.-	COG0488	Energy-dependent translational throttle protein EttA
PL25_03777	gene	825				
PL25_03777	CDS	825		1.1.1.-	COG0656	Aldo-keto reductase/MSMEI_2347
PL25_03778	gene	1068	rsgA_2			
PL25_03778	CDS	1068	rsgA_2	3.6.1.-		Small ribosomal subunit biogenesis GTPase RsgA
PL25_03779	gene	546				
PL25_03779	CDS	546				hypothetical protein
PL25_03780	gene	609	betI_4			
PL25_03780	CDS	609	betI_4		COG1309	HTH-type transcriptional regulator BetI
PL25_03781	gene	543				
PL25_03781	CDS	543				hypothetical protein
PL25_03782	gene	1362	glpT			
PL25_03782	CDS	1362	glpT		COG2271	Glycerol-3-phosphate transporter
PL25_03783	gene	1056	fni			
PL25_03783	CDS	1056	fni	5.3.3.2	COG1304	Isopentenyl-diphosphate delta-isomerase
PL25_03784	gene	150				
PL25_03784	CDS	150				hypothetical protein
PL25_03785	gene	1287				
PL25_03785	CDS	1287				hypothetical protein
PL25_03786	gene	870	yflN_1			
PL25_03786	CDS	870	yflN_1	3.-.-.-	COG0491	putative metallo-hydrolase YflN
PL25_03787	gene	717				
PL25_03787	CDS	717				hypothetical protein
PL25_03788	gene	1683				
PL25_03788	CDS	1683				IS1182 family transposase IS663
PL25_03789	gene	954	yclN			
PL25_03789	CDS	954	yclN		COG4606	Petrobactin import system permease protein YclN
PL25_03790	gene	951	yclO			
PL25_03790	CDS	951	yclO		COG4605	Petrobactin import system permease protein YclO
PL25_03791	gene	756	yclP			
PL25_03791	CDS	756	yclP	7.2.2.-	COG4604	Petrobactin import ATP-binding protein YclP
PL25_03792	gene	969	yclQ			
PL25_03792	CDS	969	yclQ		COG4607	Petrobactin-binding protein YclQ
PL25_03793	gene	1347				
PL25_03793	CDS	1347			COG3385	IS4 family transposase ISHaha1
PL25_03794	gene	726	prsA_2			
PL25_03794	CDS	726	prsA_2	5.2.1.8		Foldase protein PrsA
PL25_03795	gene	1095	hisC_2			
PL25_03795	CDS	1095	hisC_2	2.6.1.9	COG0079	Histidinol-phosphate aminotransferase
PL25_03796	gene	642	hisI			
PL25_03796	CDS	642	hisI			Histidine biosynthesis bifunctional protein HisIE
PL25_03797	gene	768	hisF			
PL25_03797	CDS	768	hisF	4.3.2.10	COG0107	Imidazole glycerol phosphate synthase subunit HisF
PL25_03798	gene	723	hisA			
PL25_03798	CDS	723	hisA	5.3.1.16	COG0106	1-(5-phosphoribosyl)-5-[(5-phosphoribosylamino)methylideneamino] imidazole-4-carboxamide isomerase
PL25_03799	gene	606	hisH			
PL25_03799	CDS	606	hisH	4.3.2.10	COG0118	Imidazole glycerol phosphate synthase subunit HisH
PL25_03800	gene	585	hisB			
PL25_03800	CDS	585	hisB		COG0131	Histidine biosynthesis bifunctional protein HisB
PL25_03801	gene	1299	hisD			
PL25_03801	CDS	1299	hisD	1.1.1.23	COG0141	Histidinol dehydrogenase
PL25_03802	gene	630	hisG			
PL25_03802	CDS	630	hisG	2.4.2.17	COG0040	ATP phosphoribosyltransferase
PL25_03803	gene	1239	hisZ			
PL25_03803	CDS	1239	hisZ			ATP phosphoribosyltransferase regulatory subunit
PL25_03804	gene	789	hisK			
PL25_03804	CDS	789	hisK	3.1.3.15	COG1387	Histidinol-phosphatase
PL25_03805	gene	813				
PL25_03805	CDS	813				hypothetical protein
PL25_03806	gene	924	murB			
PL25_03806	CDS	924	murB	1.3.1.98	COG0812	UDP-N-acetylenolpyruvoylglucosamine reductase
PL25_03807	gene	771	argV			
PL25_03807	CDS	771	argV	7.4.2.1	COG1126	Arginine transport ATP-binding protein ArgV
PL25_03808	gene	711	tcyL_1			
PL25_03808	CDS	711	tcyL_1		COG0765	L-cystine transport system permease protein TcyL
PL25_03809	gene	636	tcyL_2			
PL25_03809	CDS	636	tcyL_2		COG0765	L-cystine transport system permease protein TcyL
PL25_03810	gene	909	mltF_2			
PL25_03810	CDS	909	mltF_2			Membrane-bound lytic murein transglycosylase F
PL25_03811	gene	918	panE_1			
PL25_03811	CDS	918	panE_1	1.1.1.169	COG1893	2-dehydropantoate 2-reductase
PL25_03812	gene	168				
PL25_03812	CDS	168				hypothetical protein
PL25_03813	gene	978	iolU			
PL25_03813	CDS	978	iolU	1.1.1.371	COG0673	scyllo-inositol 2-dehydrogenase (NADP(+)) IolU
PL25_03814	gene	555	cwlK			
PL25_03814	CDS	555	cwlK	3.4.-.-	COG1876	Peptidoglycan L-alanyl-D-glutamate endopeptidase CwlK
PL25_03815	gene	618	plsY_2			
PL25_03815	CDS	618	plsY_2	2.3.1.275	COG0344	Glycerol-3-phosphate acyltransferase
PL25_03816	gene	486				
PL25_03816	CDS	486				hypothetical protein
PL25_03817	gene	549	trtA			
PL25_03817	CDS	549	trtA	3.5.1.-		Triuret hydrolase TrtA
PL25_03818	gene	2013				
PL25_03818	CDS	2013				hypothetical protein
PL25_03819	gene	224				
PL25_03819	misc_RNA	224				T-box
PL25_03820	gene	1440	proS			
PL25_03820	CDS	1440	proS	6.1.1.15	COG0442	Proline--tRNA ligase
PL25_03821	gene	1155				
PL25_03821	CDS	1155		3.5.1.47		N-acetyldiaminopimelate deacetylase
PL25_03822	gene	780	artP			
PL25_03822	CDS	780	artP		COG0834	Arginine-binding extracellular protein ArtP
PL25_03823	gene	660	artQ_2			
PL25_03823	CDS	660	artQ_2		COG0765	Arginine transport system permease protein ArtQ
PL25_03824	gene	723	artM			
PL25_03824	CDS	723	artM		COG1126	Arginine transport ATP-binding protein ArtM
PL25_03825	gene	480	gpx1			
PL25_03825	CDS	480	gpx1	1.11.1.22	COG0386	Hydroperoxy fatty acid reductase gpx1
PL25_03826	gene	972	trhO			
PL25_03826	CDS	972	trhO	1.14.-.-	COG1054	tRNA uridine(34) hydroxylase
PL25_03827	gene	918	oxyR_1			
PL25_03827	CDS	918	oxyR_1		COG0583	DNA-binding transcriptional dual regulator OxyR
PL25_03828	gene	1329	dap			
PL25_03828	CDS	1329	dap	3.4.11.19		D-aminopeptidase
PL25_03829	gene	963				
PL25_03829	CDS	963				hypothetical protein
PL25_03830	gene	1791	tolB			
PL25_03830	CDS	1791	tolB			Tol-Pal system protein TolB
PL25_03831	gene	930	dppB_2			
PL25_03831	CDS	930	dppB_2		COG0601	Dipeptide transport system permease protein DppB
PL25_03832	gene	954	dppC_2			
PL25_03832	CDS	954	dppC_2		COG1173	Dipeptide transport system permease protein DppC
PL25_03833	gene	1014	oppD_6			
PL25_03833	CDS	1014	oppD_6	7.4.2.6	COG0444	Oligopeptide transport ATP-binding protein OppD
PL25_03834	gene	954	oppF_5			
PL25_03834	CDS	954	oppF_5	7.4.2.6	COG4608	Oligopeptide transport ATP-binding protein OppF
PL25_03835	gene	1608	dppE_2			
PL25_03835	CDS	1608	dppE_2		COG4166	Dipeptide-binding protein DppE
PL25_03836	gene	363				
PL25_03836	CDS	363				hypothetical protein
PL25_03837	gene	570	bioY2			
PL25_03837	CDS	570	bioY2		COG1268	Biotin transporter BioY2
PL25_03838	gene	303	csoR			
PL25_03838	CDS	303	csoR		COG1937	Copper-sensing transcriptional repressor CsoR
PL25_03839	gene	2388	copA			
PL25_03839	CDS	2388	copA	7.2.2.8	COG2217	Copper-exporting P-type ATPase
PL25_03840	gene	207	copZ			
PL25_03840	CDS	207	copZ		COG2608	Copper chaperone CopZ
PL25_03841	gene	346				
PL25_03841	misc_RNA	346				cspA
PL25_03842	gene	198	cspB_2			
PL25_03842	CDS	198	cspB_2		COG1278	Cold shock protein CspB
PL25_03843	gene	687	bioC_5			
PL25_03843	CDS	687	bioC_5	2.1.1.197		Malonyl-[acyl-carrier protein] O-methyltransferase
PL25_03844	gene	309				
PL25_03844	CDS	309				hypothetical protein
PL25_03845	gene	873	ykwC			
PL25_03845	CDS	873	ykwC	1.1.-.-	COG2084	putative oxidoreductase YkwC
PL25_03846	gene	450	elaA			
PL25_03846	CDS	450	elaA		COG2153	Protein ElaA
PL25_03847	gene	543				
PL25_03847	CDS	543				hypothetical protein
PL25_03848	gene	345				
PL25_03848	CDS	345				hypothetical protein
PL25_03849	gene	1284				
PL25_03849	CDS	1284				IS110 family transposase IS653
PL25_03850	gene	918				
PL25_03850	CDS	918				hypothetical protein
PL25_03851	gene	396				
PL25_03851	CDS	396				hypothetical protein
PL25_03852	gene	669	dksA			
PL25_03852	CDS	669	dksA			RNA polymerase-binding transcription factor DksA
PL25_03853	gene	207				
PL25_03853	CDS	207				hypothetical protein
PL25_03854	gene	783				
PL25_03854	CDS	783				hypothetical protein
PL25_03855	gene	1359				
PL25_03855	CDS	1359				hypothetical protein
PL25_03856	gene	693	cssR			
PL25_03856	CDS	693	cssR		COG0745	Transcriptional regulatory protein CssR
PL25_03857	gene	1329	rcsC_4			
PL25_03857	CDS	1329	rcsC_4	2.7.13.3		Sensor histidine kinase RcsC
PL25_03858	gene	1830	bipA			
PL25_03858	CDS	1830	bipA	3.6.5.-	COG1217	Large ribosomal subunit assembly factor BipA
PL25_03859	gene	1347				
PL25_03859	CDS	1347			COG3385	IS4 family transposase ISHaha1
PL25_03860	gene	1119				
PL25_03860	CDS	1119				hypothetical protein
PL25_03861	gene	273				
PL25_03861	CDS	273				hypothetical protein
PL25_03862	gene	954				
PL25_03862	CDS	954				hypothetical protein
PL25_03863	gene	921	bcrA_2			
PL25_03863	CDS	921	bcrA_2			Bacitracin transport ATP-binding protein BcrA
PL25_03864	gene	159				
PL25_03864	CDS	159				hypothetical protein
PL25_03865	gene	1140	fadA6			
PL25_03865	CDS	1140	fadA6	2.3.1.16	COG0183	Steroid 3-ketoacyl-CoA thiolase FadA6
PL25_03866	gene	810				
PL25_03866	CDS	810				hypothetical protein
PL25_03867	gene	321	ydbP			
PL25_03867	CDS	321	ydbP		COG0526	Thioredoxin-like protein YdbP
PL25_03868	gene	741				
PL25_03868	CDS	741				hypothetical protein
PL25_03869	gene	1293	aprX			
PL25_03869	CDS	1293	aprX	3.4.21.-	COG1404	Serine protease AprX
PL25_03870	gene	627				
PL25_03870	CDS	627				hypothetical protein
PL25_03871	gene	567				
PL25_03871	CDS	567				hypothetical protein
PL25_03872	gene	696	arlR			
PL25_03872	CDS	696	arlR		COG0745	Response regulator ArlR
PL25_03873	gene	1359	arlS			
PL25_03873	CDS	1359	arlS	2.7.13.3	COG5002	Signal transduction histidine-protein kinase ArlS
PL25_03874	gene	588				
PL25_03874	CDS	588				hypothetical protein
PL25_03875	gene	540	ykoJ			
PL25_03875	CDS	540	ykoJ		COG3212	putative protein YkoJ
PL25_03876	gene	68				
PL25_03876	misc_RNA	68				Bacillaceae-1
PL25_03877	gene	1242				
PL25_03877	CDS	1242				IS1182 family transposase IS663
PL25_03878	gene	1620	yfkN			
PL25_03878	CDS	1620	yfkN		COG0737	Trifunctional nucleotide phosphoesterase protein YfkN
PL25_03879	gene	801	phnE_1			
PL25_03879	CDS	801	phnE_1		COG3639	Phosphate-import permease protein PhnE
PL25_03880	gene	810	phnE_2			
PL25_03880	CDS	810	phnE_2		COG3639	Phosphate-import permease protein PhnE
PL25_03881	gene	777	glnQ_2			
PL25_03881	CDS	777	glnQ_2			Glutamine transport ATP-binding protein GlnQ
PL25_03882	gene	933	phnD_2			
PL25_03882	CDS	933	phnD_2		COG3221	Phosphate-import protein PhnD
PL25_03883	gene	900	bmrU			
PL25_03883	CDS	900	bmrU	2.7.1.-	COG1597	Putative lipid kinase BmrU
PL25_03884	gene	459	mhqR_2			
PL25_03884	CDS	459	mhqR_2		COG1846	HTH-type transcriptional regulator MhqR
PL25_03885	gene	294				
PL25_03885	CDS	294				hypothetical protein
PL25_03886	gene	423				
PL25_03886	CDS	423				hypothetical protein
PL25_03887	gene	705				
PL25_03887	CDS	705		3.1.1.23		Thermostable monoacylglycerol lipase
PL25_03888	gene	909				
PL25_03888	CDS	909			COG1307	DegV domain-containing protein
PL25_03889	gene	915				
PL25_03889	CDS	915				hypothetical protein
PL25_03890	gene	1479	cshA			
PL25_03890	CDS	1479	cshA	3.6.4.13	COG0513	DEAD-box ATP-dependent RNA helicase CshA
PL25_03891	gene	615	mupP			
PL25_03891	CDS	615	mupP	3.1.3.105	COG0546	N-acetylmuramic acid 6-phosphate phosphatase
PL25_03892	gene	951	ccpB			
PL25_03892	CDS	951	ccpB		COG1609	Catabolite control protein B
PL25_03893	gene	774				
PL25_03893	CDS	774				hypothetical protein
PL25_03894	gene	360	acpS			
PL25_03894	CDS	360	acpS	2.7.8.7	COG0736	Holo-[acyl-carrier-protein] synthase
PL25_03895	gene	1512	nnr			
PL25_03895	CDS	1512	nnr		COG0062	Bifunctional NAD(P)H-hydrate repair enzyme Nnr
PL25_03896	gene	1017	ydcC			
PL25_03896	CDS	1017	ydcC		COG2834	Sporulation protein YdcC
PL25_03897	gene	1119	alr			
PL25_03897	CDS	1119	alr	5.1.1.1		Alanine racemase
PL25_03898	gene	360	ndoAI			
PL25_03898	CDS	360	ndoAI		COG0864	Antitoxin EndoAI
PL25_03899	gene	291	ndoA			
PL25_03899	CDS	291	ndoA	3.1.27.-	COG2337	Endoribonuclease EndoA
PL25_03900	gene	870	rsbRA			
PL25_03900	CDS	870	rsbRA		COG1366	RsbT co-antagonist protein RsbRA
PL25_03901	gene	357	rsbS			
PL25_03901	CDS	357	rsbS		COG1366	RsbT antagonist protein RsbS
PL25_03902	gene	402	rsbT			
PL25_03902	CDS	402	rsbT	2.7.11.1	COG2172	Serine/threonine-protein kinase RsbT
PL25_03903	gene	1014	rsbU			
PL25_03903	CDS	1014	rsbU	3.1.3.3	COG2208	Phosphoserine phosphatase RsbU
PL25_03904	gene	333	rsbV			
PL25_03904	CDS	333	rsbV		COG1366	Anti-sigma-B factor antagonist
PL25_03905	gene	477	rsbW			
PL25_03905	CDS	477	rsbW	2.7.11.1	COG2172	Serine-protein kinase RsbW
PL25_03906	gene	792	sigB			
PL25_03906	CDS	792	sigB		COG1191	RNA polymerase sigma-B factor
PL25_03907	gene	591	rsbX			
PL25_03907	CDS	591	rsbX	3.1.3.3	COG2208	Phosphoserine phosphatase RsbX
PL25_03908	gene	1347				
PL25_03908	CDS	1347			COG3385	IS4 family transposase ISHaha1
PL25_03909	gene	216				
PL25_03909	CDS	216				hypothetical protein
PL25_03910	gene	2172	yhgF			
PL25_03910	CDS	2172	yhgF		COG2183	Protein YhgF
PL25_03911	gene	1464	katA_3			
PL25_03911	CDS	1464	katA_3	1.11.1.6	COG0753	Vegetative catalase
PL25_03912	gene	450				
PL25_03912	CDS	450				Protein SprT-like protein
PL25_03913	gene	75				
PL25_03913	tRNA	75				tRNA-Asn(gtt)
PL25_03914	gene	91				
PL25_03914	tRNA	91				tRNA-Ser(gct)
PL25_03915	gene	75				
PL25_03915	tRNA	75				tRNA-Glu(ttc)
PL25_03916	gene	77				
PL25_03916	tRNA	77				tRNA-Asp(gtc)
PL25_03917	gene	75				
PL25_03917	tRNA	75				tRNA-Gln(ttg)
PL25_03918	gene	76				
PL25_03918	tRNA	76				tRNA-Lys(ttt)
PL25_03919	gene	84				
PL25_03919	tRNA	84				tRNA-Leu(tag)
PL25_03920	gene	87				
PL25_03920	tRNA	87				tRNA-Leu(gag)
PL25_03921	gene	1110				
PL25_03921	CDS	1110			COG0582	Putative prophage phiRv2 integrase
PL25_03922	gene	249				
PL25_03922	CDS	249				hypothetical protein
PL25_03923	gene	399	immR			
PL25_03923	CDS	399	immR		COG1396	HTH-type transcriptional regulator ImmR
PL25_03924	gene	186	xis			
PL25_03924	CDS	186	xis			ICEBs1 excisionase
PL25_03925	gene	396				
PL25_03925	CDS	396				hypothetical protein
PL25_03926	gene	1458				
PL25_03926	CDS	1458				hypothetical protein
PL25_03927	gene	966				
PL25_03927	CDS	966				hypothetical protein
PL25_03928	gene	375				
PL25_03928	CDS	375				hypothetical protein
PL25_03929	gene	282				
PL25_03929	CDS	282				hypothetical protein
PL25_03930	gene	1059				
PL25_03930	CDS	1059				hypothetical protein
PL25_03931	gene	252				
PL25_03931	CDS	252				hypothetical protein
PL25_03932	gene	537				
PL25_03932	CDS	537				hypothetical protein
PL25_03933	gene	2397				
PL25_03933	CDS	2397				hypothetical protein
PL25_03934	gene	2121				
PL25_03934	CDS	2121				hypothetical protein
PL25_03935	gene	1026				
PL25_03935	CDS	1026				hypothetical protein
PL25_03936	gene	504				
PL25_03936	CDS	504				hypothetical protein
PL25_03937	gene	1083				
PL25_03937	CDS	1083				hypothetical protein
PL25_03938	gene	1215				
PL25_03938	CDS	1215				hypothetical protein
PL25_03939	gene	1716				
PL25_03939	CDS	1716				hypothetical protein
PL25_03940	gene	1284				
PL25_03940	CDS	1284				IS110 family transposase IS653
PL25_03941	gene	77				
PL25_03941	tRNA	77				tRNA-Arg(acg)
PL25_03942	gene	77				
PL25_03942	tRNA	77				tRNA-Pro(tgg)
PL25_03943	gene	74				
PL25_03943	tRNA	74				tRNA-Gly(tcc)
PL25_03944	gene	74				
PL25_03944	tRNA	74				tRNA-Ile(gat)
PL25_03945	gene	1566				
PL25_03945	rRNA	1566				16S ribosomal RNA
PL25_03946	gene	68				
PL25_03946	misc_RNA	68				Bacillaceae-1
PL25_03947	gene	2919				
PL25_03947	rRNA	2919				23S ribosomal RNA
PL25_03948	gene	116				
PL25_03948	rRNA	116				5S ribosomal RNA
PL25_03949	gene	77				
PL25_03949	tRNA	77				tRNA-Met(cat)
PL25_03950	gene	77				
PL25_03950	tRNA	77				tRNA-Asp(gtc)
PL25_03951	gene	966	thiL			
PL25_03951	CDS	966	thiL	2.7.4.16		Thiamine-monophosphate kinase
PL25_03952	gene	456	tsaE			
PL25_03952	CDS	456	tsaE		COG0802	tRNA threonylcarbamoyladenosine biosynthesis protein TsaE
PL25_03953	gene	708	tsaB			
PL25_03953	CDS	708	tsaB		COG1214	tRNA threonylcarbamoyladenosine biosynthesis protein TsaB
PL25_03954	gene	450	rimI_3			
PL25_03954	CDS	450	rimI_3	2.3.1.266		[Ribosomal protein bS18]-alanine N-acetyltransferase
PL25_03955	gene	1011	tsaD			
PL25_03955	CDS	1011	tsaD	2.3.1.234	COG0533	tRNA N6-adenosine threonylcarbamoyltransferase
PL25_03956	gene	1173	rodA_2			
PL25_03956	CDS	1173	rodA_2	2.4.99.28	COG0772	Peptidoglycan glycosyltransferase RodA
PL25_03957	gene	1926	yheS_2			
PL25_03957	CDS	1926	yheS_2		COG0488	putative ATP-binding protein YheS
PL25_03958	gene	510	moaC			
PL25_03958	CDS	510	moaC	4.6.1.17	COG0315	Cyclic pyranopterin monophosphate synthase
PL25_03959	gene	645	rex			
PL25_03959	CDS	645	rex		COG2344	Redox-sensing transcriptional repressor Rex
PL25_03960	gene	981				
PL25_03960	CDS	981				hypothetical protein
PL25_03961	gene	201				
PL25_03961	CDS	201				hypothetical protein
PL25_03962	gene	708	mroQ			
PL25_03962	CDS	708	mroQ	3.4.-.-		Membrane-embedded CAAX protease MroQ
PL25_03963	gene	282	groES			
PL25_03963	CDS	282	groES		COG0234	Co-chaperonin GroES
PL25_03964	gene	1641	groEL			
PL25_03964	CDS	1641	groEL	5.6.1.7	COG0459	Chaperonin GroEL
PL25_03965	gene	390	xerC_5			
PL25_03965	CDS	390	xerC_5			Tyrosine recombinase XerC
PL25_03966	gene	213				
PL25_03966	CDS	213				hypothetical protein
PL25_03967	gene	603				
PL25_03967	CDS	603				hypothetical protein
PL25_03968	gene	213				
PL25_03968	CDS	213				hypothetical protein
PL25_03969	gene	1218				
PL25_03969	CDS	1218				hypothetical protein
PL25_03970	gene	282				
PL25_03970	CDS	282				hypothetical protein
PL25_03971	gene	1056				
PL25_03971	CDS	1056				hypothetical protein
PL25_03972	gene	441				
PL25_03972	CDS	441				hypothetical protein
PL25_03973	gene	687				
PL25_03973	CDS	687				hypothetical protein
PL25_03974	gene	519				
PL25_03974	CDS	519				hypothetical protein
PL25_03975	gene	1320				
PL25_03975	CDS	1320				IS1182 family transposase IS663
PL25_03976	gene	68				
PL25_03976	misc_RNA	68				Ref64
PL25_03977	gene	306				
PL25_03977	CDS	306				hypothetical protein
PL25_03978	gene	750				
PL25_03978	CDS	750				hypothetical protein
PL25_03979	gene	996	yfiY			
PL25_03979	CDS	996	yfiY		COG0614	putative siderophore-binding lipoprotein YfiY
PL25_03980	gene	1017	yfiZ			
PL25_03980	CDS	1017	yfiZ		COG0609	putative siderophore transport system permease protein YfiZ
PL25_03981	gene	1041	yfhA			
PL25_03981	CDS	1041	yfhA		COG0609	putative siderophore transport system permease protein YfhA
PL25_03982	gene	639				
PL25_03982	CDS	639				hypothetical protein
PL25_03983	gene	753				
PL25_03983	CDS	753				hypothetical protein
PL25_03984	gene	852				
PL25_03984	CDS	852				hypothetical protein
PL25_03985	gene	684				
PL25_03985	CDS	684				hypothetical protein
PL25_03986	gene	507	sigE_2			
PL25_03986	CDS	507	sigE_2			ECF RNA polymerase sigma factor SigE
PL25_03987	gene	339				
PL25_03987	CDS	339				hypothetical protein
PL25_03988	gene	2250				
PL25_03988	CDS	2250				hypothetical protein
PL25_03989	gene	1620	nfdA_2			
PL25_03989	CDS	1620	nfdA_2	3.5.1.91		N-substituted formamide deformylase
PL25_03990	gene	894				
PL25_03990	CDS	894				hypothetical protein
PL25_03991	gene	471				
PL25_03991	CDS	471				hypothetical protein
PL25_03992	gene	318				
PL25_03992	CDS	318				hypothetical protein
PL25_03993	gene	213				
PL25_03993	CDS	213				hypothetical protein
PL25_03994	gene	564				
PL25_03994	CDS	564				hypothetical protein
PL25_03995	gene	807	yafV			
PL25_03995	CDS	807	yafV	3.5.1.3		Omega-amidase YafV
PL25_03996	gene	660	yflN_2			
PL25_03996	CDS	660	yflN_2	3.-.-.-	COG0491	putative metallo-hydrolase YflN
PL25_03997	gene	360	yybR			
PL25_03997	CDS	360	yybR		COG1733	putative HTH-type transcriptional regulator YybR
PL25_03998	gene	378				
PL25_03998	CDS	378				hypothetical protein
PL25_03999	gene	642				
PL25_03999	CDS	642				hypothetical protein
PL25_04000	gene	696	yflN_3			
PL25_04000	CDS	696	yflN_3	3.-.-.-	COG0491	putative metallo-hydrolase YflN
PL25_04001	gene	219				
PL25_04001	CDS	219				hypothetical protein
PL25_04002	gene	651	cat			
PL25_04002	CDS	651	cat	2.3.1.28		Chloramphenicol acetyltransferase
PL25_04003	gene	402				
PL25_04003	CDS	402				hypothetical protein
PL25_04004	gene	630				
PL25_04004	CDS	630				hypothetical protein
PL25_04005	gene	537				
PL25_04005	CDS	537				IS1595 family transposase ISSpgl1
PL25_04006	gene	1677				
PL25_04006	CDS	1677				IS1182 family transposase IS663
PL25_04007	gene	68				
PL25_04007	misc_RNA	68				Ref64
PL25_04008	gene	1518				
PL25_04008	CDS	1518				hypothetical protein
PL25_04009	gene	1107				
PL25_04009	CDS	1107				hypothetical protein
PL25_04010	gene	1305				
PL25_04010	CDS	1305				hypothetical protein
PL25_04011	gene	930				
PL25_04011	CDS	930				hypothetical protein
PL25_04012	gene	867				
PL25_04012	CDS	867				hypothetical protein
PL25_04013	gene	180				
PL25_04013	CDS	180				hypothetical protein
PL25_04014	gene	669				
PL25_04014	CDS	669				hypothetical protein
PL25_04015	gene	645				
PL25_04015	CDS	645				hypothetical protein
PL25_04016	gene	2142				
PL25_04016	CDS	2142				hypothetical protein
PL25_04017	gene	585				
PL25_04017	CDS	585				hypothetical protein
PL25_04018	gene	546				
PL25_04018	CDS	546				hypothetical protein
PL25_04019	gene	585				
PL25_04019	CDS	585				hypothetical protein
PL25_04020	gene	288				
PL25_04020	CDS	288				hypothetical protein
PL25_04021	gene	555				
PL25_04021	CDS	555				hypothetical protein
PL25_04022	gene	564				
PL25_04022	CDS	564				hypothetical protein
PL25_04023	gene	543				
PL25_04023	CDS	543				hypothetical protein
PL25_04024	gene	519				
PL25_04024	CDS	519				hypothetical protein
PL25_04025	gene	1464				
PL25_04025	CDS	1464				hypothetical protein
PL25_04026	gene	843	phpP			
PL25_04026	CDS	843	phpP	3.1.3.16	COG0631	Protein phosphatase PhpP
PL25_04027	gene	804	prkC_2			
PL25_04027	CDS	804	prkC_2	2.7.11.1	COG0515	Serine/threonine-protein kinase PrkC
PL25_04028	gene	1374				
PL25_04028	CDS	1374				hypothetical protein
PL25_04029	gene	846	yfmS_2			
PL25_04029	CDS	846	yfmS_2		COG0840	Putative sensory transducer protein YfmS
PL25_04030	gene	1380	gatA_2			
PL25_04030	CDS	1380	gatA_2	6.3.5.7		Glutamyl-tRNA(Gln) amidotransferase subunit A
PL25_04031	gene	1794	chiA1			
PL25_04031	CDS	1794	chiA1	3.2.1.14		Chitinase A1
PL25_04032	gene	588	yknY			
PL25_04032	CDS	588	yknY	7.6.2.-	COG1136	putative ABC transporter ATP-binding protein YknY
PL25_04033	gene	291				
PL25_04033	CDS	291				hypothetical protein
PL25_04034	gene	747	mta_2			
PL25_04034	CDS	747	mta_2		COG0789	HTH-type transcriptional activator mta
PL25_04035	gene	759	drrB3			
PL25_04035	CDS	759	drrB3			Daunorubicin resistance ABC transporter permease protein DrrB3
PL25_04036	gene	951	drrA1			
PL25_04036	CDS	951	drrA1	7.6.2.2		Daunorubicin resistance ATP-binding protein DrrA1
PL25_04037	gene	330				
PL25_04037	CDS	330				hypothetical protein
PL25_04038	gene	300				
PL25_04038	CDS	300				hypothetical protein
PL25_04039	gene	204				
PL25_04039	CDS	204				hypothetical protein
PL25_04040	gene	558	sipW_2			
PL25_04040	CDS	558	sipW_2	3.4.21.89	COG0681	Signal peptidase I W
PL25_04041	gene	594	tasA_2			
PL25_04041	CDS	594	tasA_2			Major biofilm matrix component
PL25_04042	gene	1668	nprB_2			
PL25_04042	CDS	1668	nprB_2	3.4.24.-	COG3227	Neutral protease B
PL25_04043	gene	1230				
PL25_04043	CDS	1230				hypothetical protein
PL25_04044	gene	378	hxlR_1			
PL25_04044	CDS	378	hxlR_1		COG1733	HTH-type transcriptional activator HxlR
PL25_04045	gene	1233				
PL25_04045	CDS	1233			COG3385	IS4 family transposase ISDre1
PL25_04046	gene	1347				
PL25_04046	CDS	1347			COG3385	IS4 family transposase ISHaha1
PL25_04047	gene	525	yraA_2			
PL25_04047	CDS	525	yraA_2	3.2.-.-	COG0693	Putative cysteine protease YraA
PL25_04048	gene	684	ung			
PL25_04048	CDS	684	ung	3.2.2.27	COG0692	Uracil-DNA glycosylase
PL25_04049	gene	231				
PL25_04049	CDS	231				hypothetical protein
PL25_04050	gene	594				
PL25_04050	CDS	594		2.3.1.-		Acetyltransferase
PL25_04051	gene	582				
PL25_04051	CDS	582				hypothetical protein
PL25_04052	gene	2262				
PL25_04052	CDS	2262				hypothetical protein
PL25_04053	gene	1209	gbsB			
PL25_04053	CDS	1209	gbsB	1.1.1.-	COG1454	Choline dehydrogenase
PL25_04054	gene	1470	gbsA			
PL25_04054	CDS	1470	gbsA	1.2.1.8	COG1012	Betaine aldehyde dehydrogenase
PL25_04055	gene	564	opcR_2			
PL25_04055	CDS	564	opcR_2		COG1510	HTH-type transcriptional repressor OpcR
PL25_04056	gene	906				
PL25_04056	CDS	906				hypothetical protein
PL25_04057	gene	1299	amaB			
PL25_04057	CDS	1299	amaB	3.5.1.87		N-carbamoyl-L-amino acid amidohydrolase
PL25_04058	gene	564				
PL25_04058	CDS	564				hypothetical protein
PL25_04059	gene	1221	ykuI			
PL25_04059	CDS	1221	ykuI		COG2200	putative EAL-domain containing protein YkuI
PL25_04060	gene	1248				
PL25_04060	CDS	1248				hypothetical protein
PL25_04061	gene	333				
PL25_04061	CDS	333				hypothetical protein
PL25_04062	gene	609				
PL25_04062	CDS	609				hypothetical protein
PL25_04063	gene	327				
PL25_04063	CDS	327				hypothetical protein
PL25_04064	gene	2043	katE			
PL25_04064	CDS	2043	katE	1.11.1.6	COG0753	Catalase HPII
PL25_04065	gene	747	linX			
PL25_04065	CDS	747	linX	1.1.1.-	COG1028	2,5-dichloro-2,5-cyclohexadiene-1,4-diol dehydrogenase LinX
PL25_04066	gene	591				
PL25_04066	CDS	591				hypothetical protein
PL25_04067	gene	1686				
PL25_04067	CDS	1686				hypothetical protein
PL25_04068	gene	498				
PL25_04068	CDS	498				hypothetical protein
PL25_04069	gene	1005				
PL25_04069	CDS	1005				hypothetical protein
PL25_04070	gene	1554	gerBA_2			
PL25_04070	CDS	1554	gerBA_2		COG0697	Spore germination protein B1
PL25_04071	gene	1104	yndE			
PL25_04071	CDS	1104	yndE		COG0531	Spore germination protein YndE
PL25_04072	gene	1191	gerAC_2			
PL25_04072	CDS	1191	gerAC_2			Spore germination protein A3
PL25_04073	gene	168				
PL25_04073	CDS	168				hypothetical protein
PL25_04074	gene	1500	lpa			
PL25_04074	CDS	1500	lpa	3.5.1.138		Lipoamidase
PL25_04075	gene	156				
PL25_04075	CDS	156				hypothetical protein
PL25_04076	gene	1524	abgT_2			
PL25_04076	CDS	1524	abgT_2		COG2978	p-aminobenzoyl-glutamate transport protein
PL25_04077	gene	68				
PL25_04077	misc_RNA	68				Bacillaceae-1
PL25_04078	gene	1353	tpa			
PL25_04078	CDS	1353	tpa	2.6.1.77	COG0161	Taurine--pyruvate aminotransferase
PL25_04079	gene	68				
PL25_04079	misc_RNA	68				Bacillaceae-1
PL25_04080	gene	1188	doeA			
PL25_04080	CDS	1188	doeA	3.5.4.44	COG0006	Ectoine hydrolase
PL25_04081	gene	68				
PL25_04081	misc_RNA	68				Bacillaceae-1
PL25_04082	gene	969	ghrB_3			
PL25_04082	CDS	969	ghrB_3	1.1.1.79	COG1052	Glyoxylate/hydroxypyruvate reductase B
PL25_04083	gene	68				
PL25_04083	misc_RNA	68				Bacillaceae-1
PL25_04084	gene	657	rspR			
PL25_04084	CDS	657	rspR		COG1802	HTH-type transcriptional repressor RspR
PL25_04085	gene	975				
PL25_04085	CDS	975		4.3.1.19		L-threonine ammonia-lyase
PL25_04086	gene	846	dat_1			
PL25_04086	CDS	846	dat_1	2.6.1.21		D-alanine aminotransferase
PL25_04087	gene	1143	alr1			
PL25_04087	CDS	1143	alr1	5.1.1.1	COG0787	Alanine racemase 1
PL25_04088	gene	960	moxR1_2			
PL25_04088	CDS	960	moxR1_2		COG0714	Chaperone MoxR1
PL25_04089	gene	1266				
PL25_04089	CDS	1266				hypothetical protein
PL25_04090	gene	2181				
PL25_04090	CDS	2181				hypothetical protein
PL25_04091	gene	102				
PL25_04091	misc_RNA	102				Purine
PL25_04092	gene	1536	guaA			
PL25_04092	CDS	1536	guaA	6.3.5.2		GMP synthase [glutamine-hydrolyzing]
PL25_04093	gene	1059	ubiE_2			
PL25_04093	CDS	1059	ubiE_2	2.1.1.163		Ubiquinone/menaquinone biosynthesis C-methyltransferase UbiE
PL25_04094	gene	885				
PL25_04094	CDS	885			COG0701	Putative two-component membrane permease complex subunit SMU_747c
PL25_04095	gene	321	arsR			
PL25_04095	CDS	321	arsR		COG0640	Arsenical resistance operon repressor
PL25_04096	gene	1392	jefA			
PL25_04096	CDS	1392	jefA		COG0477	Drug efflux pump JefA
PL25_04097	gene	777	fepC			
PL25_04097	CDS	777	fepC	7.2.2.17	COG1120	Ferric enterobactin transport ATP-binding protein FepC
PL25_04098	gene	1032	hmuU			
PL25_04098	CDS	1032	hmuU		COG0609	Hemin transport system permease protein HmuU
PL25_04099	gene	1002				
PL25_04099	CDS	1002				hypothetical protein
PL25_04100	gene	207				
PL25_04100	CDS	207				hypothetical protein
PL25_04101	gene	651				
PL25_04101	CDS	651				hypothetical protein
PL25_04102	gene	825				
PL25_04102	CDS	825				hypothetical protein
PL25_04103	gene	987	dppF_2			
PL25_04103	CDS	987	dppF_2	7.4.2.9	COG4608	Dipeptide transport ATP-binding protein DppF
PL25_04104	gene	996	oppD_7			
PL25_04104	CDS	996	oppD_7	7.4.2.6		Oligopeptide transport ATP-binding protein OppD
PL25_04105	gene	810	gsiD_2			
PL25_04105	CDS	810	gsiD_2		COG1173	Glutathione transport system permease protein GsiD
PL25_04106	gene	945	gsiC_2			
PL25_04106	CDS	945	gsiC_2		COG0601	Glutathione transport system permease protein GsiC
PL25_04107	gene	1551	appA_2			
PL25_04107	CDS	1551	appA_2			Oligopeptide-binding protein AppA
PL25_04108	gene	735				
PL25_04108	CDS	735			COG1234	putative protein
PL25_04109	gene	840	ybbH_2			
PL25_04109	CDS	840	ybbH_2		COG1737	putative HTH-type transcriptional regulator YbbH
PL25_04110	gene	639				
PL25_04110	CDS	639		3.1.3.3		Phosphoserine phosphatase
PL25_04111	gene	183				
PL25_04111	CDS	183				hypothetical protein
PL25_04112	gene	267				
PL25_04112	CDS	267				hypothetical protein
PL25_04113	gene	276				
PL25_04113	CDS	276				hypothetical protein
PL25_04114	gene	231				
PL25_04114	CDS	231				hypothetical protein
PL25_04115	gene	2595	adhE			
PL25_04115	CDS	2595	adhE		COG1012	Aldehyde-alcohol dehydrogenase
PL25_04116	gene	231				
PL25_04116	CDS	231				hypothetical protein
PL25_04117	gene	68				
PL25_04117	misc_RNA	68				Bacillaceae-1
PL25_04118	gene	2256	pflB			
PL25_04118	CDS	2256	pflB	2.3.1.54		Formate acetyltransferase
PL25_04119	gene	750	pflA			
PL25_04119	CDS	750	pflA	1.97.1.4		Pyruvate formate-lyase-activating enzyme
PL25_04120	gene	101				
PL25_04120	misc_RNA	101				Purine
PL25_04121	gene	1335	pbuG			
PL25_04121	CDS	1335	pbuG		COG2252	Guanine/hypoxanthine permease PbuG
PL25_04122	gene	1176				
PL25_04122	CDS	1176				hypothetical protein
PL25_04123	gene	528	msrA			
PL25_04123	CDS	528	msrA	1.8.4.11	COG0225	Peptide methionine sulfoxide reductase MsrA
PL25_04124	gene	708	yiiM			
PL25_04124	CDS	708	yiiM		COG2258	Protein YiiM
PL25_04125	gene	435				
PL25_04125	CDS	435				hypothetical protein
PL25_04126	gene	627				
PL25_04126	CDS	627				hypothetical protein
PL25_04127	gene	101				
PL25_04127	misc_RNA	101				Purine
PL25_04128	gene	486	purE			
PL25_04128	CDS	486	purE	5.4.99.18	COG0041	N5-carboxyaminoimidazole ribonucleotide mutase
PL25_04129	gene	1134	purK			
PL25_04129	CDS	1134	purK	6.3.4.18		N5-carboxyaminoimidazole ribonucleotide synthase
PL25_04130	gene	1296	purB			
PL25_04130	CDS	1296	purB	4.3.2.2	COG0015	Adenylosuccinate lyase
PL25_04131	gene	714	purC			
PL25_04131	CDS	714	purC	6.3.2.6	COG0152	Phosphoribosylaminoimidazole-succinocarboxamide synthase
PL25_04132	gene	252	purS			
PL25_04132	CDS	252	purS	6.3.5.3	COG1828	Phosphoribosylformylglycinamidine synthase subunit PurS
PL25_04133	gene	684	purQ			
PL25_04133	CDS	684	purQ	6.3.5.3	COG0047	Phosphoribosylformylglycinamidine synthase subunit PurQ
PL25_04134	gene	2229	purL			
PL25_04134	CDS	2229	purL	6.3.5.3	COG0046	Phosphoribosylformylglycinamidine synthase subunit PurL
PL25_04135	gene	1410	purF			
PL25_04135	CDS	1410	purF	2.4.2.14	COG0034	Amidophosphoribosyltransferase
PL25_04136	gene	1017	purM			
PL25_04136	CDS	1017	purM	6.3.3.1	COG0150	Phosphoribosylformylglycinamidine cyclo-ligase
PL25_04137	gene	576	purN			
PL25_04137	CDS	576	purN	2.1.2.2		Phosphoribosylglycinamide formyltransferase
PL25_04138	gene	1533	purH			
PL25_04138	CDS	1533	purH			Bifunctional purine biosynthesis protein PurH
PL25_04139	gene	1260	purD			
PL25_04139	CDS	1260	purD	6.3.4.13	COG0151	Phosphoribosylamine--glycine ligase
PL25_04140	gene	696	vanRc			
PL25_04140	CDS	696	vanRc			Regulatory protein VanRc
PL25_04141	gene	1101	vanS			
PL25_04141	CDS	1101	vanS	2.7.13.3		Sensor protein VanS
PL25_04142	gene	891	vanY			
PL25_04142	CDS	891	vanY	3.4.17.-		D-alanyl-D-alanine carboxypeptidase
PL25_04143	gene	1743	yerA			
PL25_04143	CDS	1743	yerA	3.5.4.2	COG1001	Putative adenine deaminase YerA
PL25_04144	gene	1050	yerB			
PL25_04144	CDS	1050	yerB		COG1470	Putative lipoprotein YerB
PL25_04145	gene	315				
PL25_04145	CDS	315				hypothetical protein
PL25_04146	gene	690	pcrB			
PL25_04146	CDS	690	pcrB	2.5.1.-	COG1646	Heptaprenylglyceryl phosphate synthase
PL25_04147	gene	2223	pcrA			
PL25_04147	CDS	2223	pcrA	5.6.2.4	COG0210	ATP-dependent DNA helicase PcrA
PL25_04148	gene	2013	ligA			
PL25_04148	CDS	2013	ligA	6.5.1.2		DNA ligase
PL25_04149	gene	1113	yerH			
PL25_04149	CDS	1113	yerH		COG4851	putative lipoprotein YerH
PL25_04150	gene	1269	nprA_1			
PL25_04150	CDS	1269	nprA_1			Transcriptional activator NprA
PL25_04151	gene	141				
PL25_04151	CDS	141				hypothetical protein
PL25_04152	gene	1521	putP_3			
PL25_04152	CDS	1521	putP_3		COG0591	High-affinity proline transporter PutP
PL25_04153	gene	291	gatC_2			
PL25_04153	CDS	291	gatC_2	6.3.5.-		Aspartyl/glutamyl-tRNA(Asn/Gln) amidotransferase subunit C
PL25_04154	gene	1470	gatA_3			
PL25_04154	CDS	1470	gatA_3	6.3.5.7	COG0154	Glutamyl-tRNA(Gln) amidotransferase subunit A
PL25_04155	gene	1431	gatB			
PL25_04155	CDS	1431	gatB	6.3.5.-	COG0064	Aspartyl/glutamyl-tRNA(Asn/Gln) amidotransferase subunit B
PL25_04156	gene	135				
PL25_04156	CDS	135				hypothetical protein
PL25_04157	gene	915	dagK			
PL25_04157	CDS	915	dagK	2.7.1.107	COG1597	Diacylglycerol kinase
PL25_04158	gene	1386	rlmCD			
PL25_04158	CDS	1386	rlmCD	2.1.1.189	COG2265	23S rRNA (uracil-C(5))-methyltransferase RlmCD
PL25_04159	gene	198				
PL25_04159	CDS	198				hypothetical protein
PL25_04160	gene	90				
PL25_04160	CDS	90				hypothetical protein
PL25_04161	gene	192				
PL25_04161	CDS	192				hypothetical protein
PL25_04162	gene	222				
PL25_04162	CDS	222				hypothetical protein
PL25_04163	gene	825				
PL25_04163	CDS	825				hypothetical protein
PL25_04164	gene	114				
PL25_04164	CDS	114				hypothetical protein
PL25_04165	gene	150				
PL25_04165	CDS	150				hypothetical protein
PL25_04166	gene	1692	yoaH			
PL25_04166	CDS	1692	yoaH		COG0840	Putative methyl-accepting chemotaxis protein YoaH
PL25_04167	gene	363				
PL25_04167	CDS	363				hypothetical protein
PL25_04168	gene	768				
PL25_04168	CDS	768				hypothetical protein
PL25_04169	gene	828	rhaR_6			
PL25_04169	CDS	828	rhaR_6			HTH-type transcriptional activator RhaR
PL25_04170	gene	978	fpuA_2			
PL25_04170	CDS	978	fpuA_2			Petrobactin-binding protein FpuA
PL25_04171	gene	240				
PL25_04171	CDS	240				hypothetical protein
PL25_04172	gene	354				
PL25_04172	CDS	354				hypothetical protein
PL25_04173	gene	726				
PL25_04173	CDS	726				hypothetical protein
PL25_04174	gene	618				
PL25_04174	CDS	618				hypothetical protein
PL25_04175	gene	396				
PL25_04175	CDS	396				hypothetical protein
PL25_04176	gene	915	yicL			
PL25_04176	CDS	915	yicL		COG0697	putative inner membrane transporter YicL
PL25_04177	gene	888	melR			
PL25_04177	CDS	888	melR		COG2169	Melibiose operon regulatory protein
PL25_04178	gene	708				
PL25_04178	CDS	708				hypothetical protein
PL25_04179	gene	456				
PL25_04179	CDS	456				hypothetical protein
PL25_04180	gene	265				
PL25_04180	misc_RNA	265				T-box
PL25_04181	gene	807	metG_2			
PL25_04181	CDS	807	metG_2	6.1.1.10	COG0073	Methionine--tRNA ligase
PL25_04182	gene	1197				
PL25_04182	CDS	1197				hypothetical protein
PL25_04183	gene	930	lpxL			
PL25_04183	CDS	930	lpxL	2.3.1.241		Lipid A biosynthesis lauroyltransferase
PL25_04184	gene	1266	entS_1			
PL25_04184	CDS	1266	entS_1			Enterobactin exporter EntS
PL25_04185	gene	321				
PL25_04185	CDS	321				IS1182 family transposase IS656
PL25_04186	gene	618				
PL25_04186	CDS	618				hypothetical protein
PL25_04187	gene	162				
PL25_04187	CDS	162				hypothetical protein
PL25_04188	gene	1257	nprA_2			
PL25_04188	CDS	1257	nprA_2			Transcriptional activator NprA
PL25_04189	gene	531				
PL25_04189	CDS	531				hypothetical protein
PL25_04190	gene	214				
PL25_04190	misc_RNA	214				T-box
PL25_04191	gene	1029	mccF_1			
PL25_04191	CDS	1029	mccF_1			Microcin C7 self-immunity protein MccF
PL25_04192	gene	204				
PL25_04192	CDS	204				hypothetical protein
PL25_04193	gene	198				
PL25_04193	CDS	198				hypothetical protein
PL25_04194	gene	465				
PL25_04194	CDS	465				hypothetical protein
PL25_04195	gene	561				
PL25_04195	CDS	561				hypothetical protein
PL25_04196	gene	489				
PL25_04196	CDS	489				hypothetical protein
PL25_04197	gene	603				
PL25_04197	CDS	603				hypothetical protein
PL25_04198	gene	312				
PL25_04198	CDS	312				hypothetical protein
PL25_04199	gene	567				
PL25_04199	CDS	567				hypothetical protein
PL25_04200	gene	2001				
PL25_04200	CDS	2001				hypothetical protein
PL25_04201	gene	1827				
PL25_04201	CDS	1827				hypothetical protein
PL25_04202	gene	756				
PL25_04202	CDS	756				hypothetical protein
PL25_04203	gene	216				
PL25_04203	CDS	216				hypothetical protein
PL25_04204	gene	483				
PL25_04204	CDS	483				hypothetical protein
PL25_04205	gene	219				
PL25_04205	CDS	219				hypothetical protein
PL25_04206	gene	195				
PL25_04206	CDS	195				hypothetical protein
PL25_04207	gene	309				
PL25_04207	CDS	309				hypothetical protein
PL25_04208	gene	885	cynR_3			
PL25_04208	CDS	885	cynR_3		COG0583	HTH-type transcriptional regulator CynR
PL25_04209	gene	2178	glcB			
PL25_04209	CDS	2178	glcB	2.3.3.9		Malate synthase G
PL25_04210	gene	252				
PL25_04210	CDS	252				hypothetical protein
PL25_04211	gene	645				
PL25_04211	CDS	645				hypothetical protein
PL25_04212	gene	1182	bpsA			
PL25_04212	CDS	1182	bpsA	2.5.1.128		N(4)-bis(aminopropyl)spermidine synthase
PL25_04213	gene	1092	apaH			
PL25_04213	CDS	1092	apaH	3.6.1.41		Bis(5'-nucleosyl)-tetraphosphatase, symmetrical
PL25_04214	gene	447				
PL25_04214	CDS	447				hypothetical protein
PL25_04215	gene	975				
PL25_04215	CDS	975				hypothetical protein
PL25_04216	gene	252				
PL25_04216	CDS	252				hypothetical protein
PL25_04217	gene	1278	hflX_2			
PL25_04217	CDS	1278	hflX_2		COG2262	GTPase HflX
PL25_04218	gene	432				
PL25_04218	CDS	432			COG1959	Putative HTH-type transcriptional regulator
PL25_04219	gene	417	lrpC_2			
PL25_04219	CDS	417	lrpC_2		COG1522	HTH-type transcriptional regulator LrpC
PL25_04220	gene	582				
PL25_04220	CDS	582				hypothetical protein
PL25_04221	gene	900	trxB_2			
PL25_04221	CDS	900	trxB_2	1.8.1.9	COG0492	Thioredoxin reductase
PL25_04222	gene	585	ubiE_3			
PL25_04222	CDS	585	ubiE_3	2.1.1.163		Ubiquinone/menaquinone biosynthesis C-methyltransferase UbiE
PL25_04223	gene	888	sigJ_2			
PL25_04223	CDS	888	sigJ_2		COG1595	ECF RNA polymerase sigma factor SigJ
PL25_04224	gene	1296				
PL25_04224	CDS	1296				hypothetical protein
PL25_04225	gene	870	cysL_4			
PL25_04225	CDS	870	cysL_4		COG0583	HTH-type transcriptional regulator CysL
PL25_04226	gene	1107	mmgD			
PL25_04226	CDS	1107	mmgD	2.3.3.-	COG0372	Citrate/2-methylcitrate synthase
PL25_04227	gene	1437	mmgE			
PL25_04227	CDS	1437	mmgE	4.2.1.-	COG2079	Citrate/2-methylcitrate dehydratase
PL25_04228	gene	903	mmgF			
PL25_04228	CDS	903	mmgF	4.1.3.-	COG2513	2-methylisocitrate lyase
PL25_04229	gene	816	glnH			
PL25_04229	CDS	816	glnH		COG0834	Glutamine-binding periplasmic protein
PL25_04230	gene	663	glnP			
PL25_04230	CDS	663	glnP		COG0765	Glutamine transport system permease protein GlnP
PL25_04231	gene	723	glnQ_3			
PL25_04231	CDS	723	glnQ_3			Glutamine transport ATP-binding protein GlnQ
PL25_04232	gene	1347				
PL25_04232	CDS	1347			COG3385	IS4 family transposase ISHaha1
PL25_04233	gene	273				
PL25_04233	CDS	273				hypothetical protein
PL25_04234	gene	201				
PL25_04234	CDS	201				hypothetical protein
PL25_04235	gene	642				
PL25_04235	CDS	642				hypothetical protein
PL25_04236	gene	465	ywnA			
PL25_04236	CDS	465	ywnA		COG1959	Putative HTH-type transcriptional regulator YwnA
PL25_04237	gene	483				
PL25_04237	CDS	483				hypothetical protein
PL25_04238	gene	1035	mccF_2			
PL25_04238	CDS	1035	mccF_2			Microcin C7 self-immunity protein MccF
PL25_04239	gene	237				
PL25_04239	CDS	237				hypothetical protein
PL25_04240	gene	651				
PL25_04240	CDS	651				hypothetical protein
PL25_04241	gene	681	chcB2			
PL25_04241	CDS	681	chcB2	1.1.1.438		Cis-4-hydroxycyclohexanecarboxylate dehydrogenase
PL25_04242	gene	756	cpnA_2			
PL25_04242	CDS	756	cpnA_2	1.1.1.163		Cyclopentanol dehydrogenase
PL25_04243	gene	1536				
PL25_04243	CDS	1536				hypothetical protein
PL25_04244	gene	849				
PL25_04244	CDS	849				hypothetical protein
PL25_04245	gene	276	yjdJ			
PL25_04245	CDS	276	yjdJ		COG2388	putative protein YjdJ
PL25_04246	gene	234				
PL25_04246	CDS	234				hypothetical protein
PL25_04247	gene	1206				
PL25_04247	CDS	1206				hypothetical protein
PL25_04248	gene	987				
PL25_04248	CDS	987		3.4.11.25		Beta-peptidyl aminopeptidase BapA
PL25_04249	gene	576	resA_5			
PL25_04249	CDS	576	resA_5			Thiol-disulfide oxidoreductase ResA
PL25_04250	gene	1122	cdaR_3			
PL25_04250	CDS	1122	cdaR_3		COG3835	Carbohydrate diacid regulator
PL25_04251	gene	1413	lctD_1			
PL25_04251	CDS	1413	lctD_1	1.1.1.436	COG0277	Lactate dehydrogenase (NAD(+),ferredoxin) subunit LctD
PL25_04252	gene	1377	glcF			
PL25_04252	CDS	1377	glcF	1.1.99.14	COG0247	Glycolate oxidase iron-sulfur subunit
PL25_04253	gene	4281	bpr_4			
PL25_04253	CDS	4281	bpr_4	3.4.21.-	COG1404	Bacillopeptidase F
PL25_04254	gene	1287	hemAT			
PL25_04254	CDS	1287	hemAT		COG0840	Heme-based aerotactic transducer HemAT
PL25_04255	gene	68				
PL25_04255	misc_RNA	68				Bacillaceae-1
PL25_04256	gene	148				
PL25_04256	misc_RNA	148				FMN
PL25_04257	gene	645	ribE			
PL25_04257	CDS	645	ribE	2.5.1.9	COG0307	Riboflavin synthase
PL25_04258	gene	639	ribB			
PL25_04258	CDS	639	ribB	4.1.99.12		3,4-dihydroxy-2-butanone 4-phosphate synthase
PL25_04259	gene	465	ribH			
PL25_04259	CDS	465	ribH	2.5.1.78	COG0054	6,7-dimethyl-8-ribityllumazine synthase
PL25_04260	gene	1869	ettA_2			
PL25_04260	CDS	1869	ettA_2	3.6.1.-	COG0488	Energy-dependent translational throttle protein EttA
PL25_04261	gene	1233				
PL25_04261	CDS	1233			COG3385	IS4 family transposase ISDre1
PL25_04262	gene	576				
PL25_04262	CDS	576				hypothetical protein
PL25_04263	gene	1719				
PL25_04263	CDS	1719				hypothetical protein
PL25_04264	gene	1071				
PL25_04264	CDS	1071				hypothetical protein
PL25_04265	gene	672				
PL25_04265	CDS	672				hypothetical protein
PL25_04266	gene	216				
PL25_04266	CDS	216				hypothetical protein
PL25_04267	gene	1104	gldA			
PL25_04267	CDS	1104	gldA	1.1.1.6		Glycerol dehydrogenase
PL25_04268	gene	1344	cdr_2			
PL25_04268	CDS	1344	cdr_2	1.8.1.14		Coenzyme A disulfide reductase
PL25_04269	gene	1344				
PL25_04269	CDS	1344				hypothetical protein
PL25_04270	gene	849	kynA			
PL25_04270	CDS	849	kynA	1.13.11.11	COG3483	Tryptophan 2,3-dioxygenase
PL25_04271	gene	654	kynB			
PL25_04271	CDS	654	kynB	3.5.1.9		Kynurenine formamidase
PL25_04272	gene	1272	kynU			
PL25_04272	CDS	1272	kynU	3.7.1.3		Kynureninase
PL25_04273	gene	1584				
PL25_04273	CDS	1584				hypothetical protein
PL25_04274	gene	1170	dapL			
PL25_04274	CDS	1170	dapL	2.6.1.83	COG0436	LL-diaminopimelate aminotransferase
PL25_04275	gene	1662	ilvI			
PL25_04275	CDS	1662	ilvI	2.2.1.6	COG0028	Acetolactate synthase isozyme 3 large subunit
PL25_04276	gene	1494	gucD			
PL25_04276	CDS	1494	gucD	1.2.1.26	COG1012	Alpha-ketoglutaric semialdehyde dehydrogenase
PL25_04277	gene	1173	lysDH			
PL25_04277	CDS	1173	lysDH	1.4.1.18		Lysine 6-dehydrogenase
PL25_04278	gene	768	kipR			
PL25_04278	CDS	768	kipR		COG1414	HTH-type transcriptional regulator KipR
PL25_04279	gene	315				
PL25_04279	CDS	315				hypothetical protein
PL25_04280	gene	1449	gabD_2			
PL25_04280	CDS	1449	gabD_2	1.2.1.79	COG1012	Succinate-semialdehyde dehydrogenase [NADP(+)]
PL25_04281	gene	1206	acdA_3			
PL25_04281	CDS	1206	acdA_3	1.3.99.-	COG1960	Acyl-CoA dehydrogenase
PL25_04282	gene	1161	caiB			
PL25_04282	CDS	1161	caiB	2.8.3.-	COG1804	Succinate--glutarate CoA-transferase
PL25_04283	gene	1008	mreBH			
PL25_04283	CDS	1008	mreBH		COG1077	Cell shape-determining protein MreBH
PL25_04284	gene	924				
PL25_04284	CDS	924				hypothetical protein
PL25_04285	gene	216				
PL25_04285	CDS	216				hypothetical protein
PL25_04286	gene	759				
PL25_04286	CDS	759				hypothetical protein
PL25_04287	gene	996	glsA1			
PL25_04287	CDS	996	glsA1	3.5.1.2	COG2066	Glutaminase 1
PL25_04288	gene	675	yedK			
PL25_04288	CDS	675	yedK	4.-.-.-	COG2135	Abasic site processing protein YedK
PL25_04289	gene	1353				
PL25_04289	CDS	1353				hypothetical protein
PL25_04290	gene	426	yfkJ			
PL25_04290	CDS	426	yfkJ	3.1.3.48	COG0394	Low molecular weight protein-tyrosine-phosphatase YfkJ
PL25_04291	gene	297				
PL25_04291	CDS	297				hypothetical protein
PL25_04292	gene	825				
PL25_04292	CDS	825				hypothetical protein
PL25_04293	gene	1917	zosA			
PL25_04293	CDS	1917	zosA	7.2.2.20	COG2217	Zinc-transporting ATPase
PL25_04294	gene	879	yckB			
PL25_04294	CDS	879	yckB		COG0834	putative ABC transporter extracellular-binding protein YckB
PL25_04295	gene	684	tcyL_3			
PL25_04295	CDS	684	tcyL_3		COG0765	L-cystine transport system permease protein TcyL
PL25_04296	gene	1167	ycaD			
PL25_04296	CDS	1167	ycaD		COG0477	putative MFS-type transporter YcaD
PL25_04297	gene	393				
PL25_04297	CDS	393				hypothetical protein
PL25_04298	gene	804	yfkD			
PL25_04298	CDS	804	yfkD			putative protein YfkD
PL25_04299	gene	204				
PL25_04299	CDS	204				hypothetical protein
PL25_04300	gene	1308				
PL25_04300	CDS	1308				hypothetical protein
PL25_04301	gene	216				
PL25_04301	CDS	216				hypothetical protein
PL25_04302	gene	792	pdaA			
PL25_04302	CDS	792	pdaA	3.5.1.-	COG0726	Peptidoglycan-N-acetylmuramic acid deacetylase PdaA
PL25_04303	gene	1581	acsA_2			
PL25_04303	CDS	1581	acsA_2	6.2.1.1	COG0365	Acetyl-coenzyme A synthetase
PL25_04304	gene	2124	clpE			
PL25_04304	CDS	2124	clpE		COG0542	ATP-dependent Clp protease ATP-binding subunit ClpE
PL25_04305	gene	870	comEC_2			
PL25_04305	CDS	870	comEC_2		COG0658	ComE operon protein 3
PL25_04306	gene	849				
PL25_04306	CDS	849				hypothetical protein
PL25_04307	gene	180				
PL25_04307	CDS	180				hypothetical protein
PL25_04308	gene	1452				
PL25_04308	CDS	1452				IS1182 family transposase ISBsp4
PL25_04309	gene	375	ytrA_3			
PL25_04309	CDS	375	ytrA_3		COG1725	HTH-type transcriptional repressor YtrA
PL25_04310	gene	858	btuD_3			
PL25_04310	CDS	858	btuD_3	7.6.2.8		Vitamin B12 import ATP-binding protein BtuD
PL25_04311	gene	699				
PL25_04311	CDS	699				hypothetical protein
PL25_04312	gene	771	yxlG			
PL25_04312	CDS	771	yxlG		COG1277	putative transmembrane protein YxlG
PL25_04313	gene	909	yxlF			
PL25_04313	CDS	909	yxlF	7.-.-.-	COG1131	putative ABC transporter ATP-binding protein YxlF
PL25_04314	gene	204	yxlE			
PL25_04314	CDS	204	yxlE			Negative regulatory protein YxlE
PL25_04315	gene	1104				
PL25_04315	CDS	1104				hypothetical protein
PL25_04316	gene	393				
PL25_04316	CDS	393				hypothetical protein
PL25_04317	gene	414				
PL25_04317	CDS	414				hypothetical protein
PL25_04318	gene	312				
PL25_04318	CDS	312				hypothetical protein
PL25_04319	gene	132				
PL25_04319	CDS	132				hypothetical protein
PL25_04320	gene	558				
PL25_04320	CDS	558				hypothetical protein
PL25_04321	gene	888				
PL25_04321	CDS	888				Epimerase family protein
PL25_04322	gene	861	recX			
PL25_04322	CDS	861	recX			Regulatory protein RecX
PL25_04323	gene	342	yfhH			
PL25_04323	CDS	342	yfhH			putative protein YfhH
PL25_04324	gene	987	yfhP			
PL25_04324	CDS	987	yfhP		COG1988	putative protein YfhP
PL25_04325	gene	1119	mutY			
PL25_04325	CDS	1119	mutY	3.2.2.31	COG1194	Adenine DNA glycosylase
PL25_04326	gene	177	yfhS			
PL25_04326	CDS	177	yfhS			putative protein YfhS
PL25_04327	gene	174				
PL25_04327	CDS	174				Small, acid-soluble spore protein gamma-type
PL25_04328	gene	528				
PL25_04328	CDS	528		3.6.1.15	COG3557	Nucleoside triphosphate/diphosphate phosphatase
PL25_04329	gene	1758				
PL25_04329	CDS	1758		7.6.2.-		Putative multidrug export ATP-binding/permease protein
PL25_04330	gene	243				
PL25_04330	CDS	243				hypothetical protein
PL25_04331	gene	1296	hemL1			
PL25_04331	CDS	1296	hemL1	5.4.3.8	COG0001	Glutamate-1-semialdehyde 2,1-aminomutase 1
PL25_04332	gene	1917	yxdM			
PL25_04332	CDS	1917	yxdM		COG0577	ABC transporter permease protein YxdM
PL25_04333	gene	777	yxdL_2			
PL25_04333	CDS	777	yxdL_2		COG1136	ABC transporter ATP-binding protein YxdL
PL25_04334	gene	1002	bceS_1			
PL25_04334	CDS	1002	bceS_1	2.7.13.3	COG2205	Sensor protein BceS
PL25_04335	gene	702	graR_2			
PL25_04335	CDS	702	graR_2		COG0745	Response regulator protein GraR
PL25_04336	gene	432				
PL25_04336	CDS	432				hypothetical protein
PL25_04337	gene	471	bcp			
PL25_04337	CDS	471	bcp	1.11.1.24	COG1225	Putative peroxiredoxin bcp
PL25_04338	gene	660	epsL_2			
PL25_04338	CDS	660	epsL_2	2.-.-.-	COG2148	putative sugar transferase EpsL
PL25_04339	gene	609	ldhD			
PL25_04339	CDS	609	ldhD	1.1.1.28	COG1052	D-lactate dehydrogenase
PL25_04340	gene	555	yvqK			
PL25_04340	CDS	555	yvqK	2.5.1.17	COG2096	Corrinoid adenosyltransferase
PL25_04341	gene	444	perR			
PL25_04341	CDS	444	perR		COG0735	Peroxide operon regulator
PL25_04342	gene	393				
PL25_04342	CDS	393				hypothetical protein
PL25_04343	gene	870				
PL25_04343	CDS	870				hypothetical protein
PL25_04344	gene	1565				
PL25_04344	rRNA	1565				16S ribosomal RNA
PL25_04345	gene	68				
PL25_04345	misc_RNA	68				Bacillaceae-1
PL25_04346	gene	2919				
PL25_04346	rRNA	2919				23S ribosomal RNA
PL25_04347	gene	116				
PL25_04347	rRNA	116				5S ribosomal RNA
PL25_04348	gene	75				
PL25_04348	tRNA	75				tRNA-Asn(gtt)
PL25_04349	gene	92				
PL25_04349	tRNA	92				tRNA-Ser(gga)
PL25_04350	gene	75				
PL25_04350	tRNA	75				tRNA-Glu(ttc)
PL25_04351	gene	76				
PL25_04351	tRNA	76				tRNA-Val(tac)
PL25_04352	gene	77				
PL25_04352	tRNA	77				tRNA-Met(cat)
PL25_04353	gene	77				
PL25_04353	tRNA	77				tRNA-Asp(gtc)
PL25_04354	gene	76				
PL25_04354	tRNA	76				tRNA-Phe(gaa)
PL25_04355	gene	85				
PL25_04355	tRNA	85				tRNA-Tyr(gta)
PL25_04356	gene	74				
PL25_04356	tRNA	74				tRNA-Trp(cca)
PL25_04357	gene	76				
PL25_04357	tRNA	76				tRNA-His(gtg)
PL25_04358	gene	75				
PL25_04358	tRNA	75				tRNA-Gln(ttg)
PL25_04359	gene	75				
PL25_04359	tRNA	75				tRNA-Gly(gcc)
PL25_04360	gene	74				
PL25_04360	tRNA	74				tRNA-Cys(gca)
PL25_04361	gene	85				
PL25_04361	tRNA	85				tRNA-Leu(caa)
PL25_04362	gene	969	dus			
PL25_04362	CDS	969	dus	1.3.1.-		putative tRNA-dihydrouridine synthase
PL25_04363	gene	576	adaA_2			
PL25_04363	CDS	576	adaA_2	2.1.1.-	COG2169	Bifunctional transcriptional activator/DNA repair enzyme AdaA
PL25_04364	gene	216				
PL25_04364	CDS	216				hypothetical protein
PL25_04365	gene	240				
PL25_04365	CDS	240				hypothetical protein
PL25_04366	gene	855	purU			
PL25_04366	CDS	855	purU	3.5.1.10		Formyltetrahydrofolate deformylase
PL25_04367	gene	675	rhaR_7			
PL25_04367	CDS	675	rhaR_7			HTH-type transcriptional activator RhaR
PL25_04368	gene	1305	pvdA			
PL25_04368	CDS	1305	pvdA	1.14.13.195		L-ornithine N(5)-monooxygenase
PL25_04369	gene	1278	davT			
PL25_04369	CDS	1278	davT	2.6.1.48		5-aminovalerate aminotransferase DavT
PL25_04370	gene	1164	abo			
PL25_04370	CDS	1164	abo	1.5.3.19		4-methylaminobutanoate oxidase (formaldehyde-forming)
PL25_04371	gene	1089	glmS_2			
PL25_04371	CDS	1089	glmS_2	2.6.1.16	COG0449	Glutamine--fructose-6-phosphate aminotransferase [isomerizing]
PL25_04372	gene	1098	braC3			
PL25_04372	CDS	1098	braC3		COG0683	Leu/Ile/Val-binding protein BraC3
PL25_04373	gene	816				
PL25_04373	CDS	816				hypothetical protein
PL25_04374	gene	1623	metG_3			
PL25_04374	CDS	1623	metG_3	6.1.1.10	COG0073	Methionine--tRNA ligase
PL25_04375	gene	996	argB			
PL25_04375	CDS	996	argB	2.7.2.8		Acetylglutamate kinase
PL25_04376	gene	900	alkA_2			
PL25_04376	CDS	900	alkA_2	3.2.2.21	COG0122	DNA-3-methyladenine glycosylase
PL25_04377	gene	522	adaB			
PL25_04377	CDS	522	adaB	2.1.1.63	COG0350	Methylated-DNA--protein-cysteine methyltransferase, inducible
PL25_04378	gene	1254	yjeH			
PL25_04378	CDS	1254	yjeH		COG0531	L-methionine/branched-chain amino acid exporter YjeH
PL25_04379	gene	969				
PL25_04379	CDS	969				hypothetical protein
PL25_04380	gene	2190	mycA_1			
PL25_04380	CDS	2190	mycA_1	2.3.1.-		Mycosubtilin synthase subunit A
PL25_04381	gene	1656	mycA_2			
PL25_04381	CDS	1656	mycA_2	2.3.1.-		Mycosubtilin synthase subunit A
PL25_04382	gene	5115	grsB			
PL25_04382	CDS	5115	grsB			Gramicidin S synthase 2
PL25_04383	gene	11556	lgrD			
PL25_04383	CDS	11556	lgrD			Linear gramicidin synthase subunit D
PL25_04384	gene	12990	dltA_2			
PL25_04384	CDS	12990	dltA_2	6.2.1.54		D-alanine--D-alanyl carrier protein ligase
PL25_04385	gene	12555	tycC			
PL25_04385	CDS	12555	tycC			Tyrocidine synthase 3
PL25_04386	gene	687	graR_3			
PL25_04386	CDS	687	graR_3		COG0745	Response regulator protein GraR
PL25_04387	gene	1014	bceS_2			
PL25_04387	CDS	1014	bceS_2	2.7.13.3	COG2205	Sensor protein BceS
PL25_04388	gene	747	lgrE			
PL25_04388	CDS	747	lgrE	1.1.-.-		Linear gramicidin dehydrogenase LgrE
PL25_04389	gene	696	sfp_2			
PL25_04389	CDS	696	sfp_2	2.7.8.7		4'-phosphopantetheinyl transferase Sfp
PL25_04390	gene	765	yxdL_3			
PL25_04390	CDS	765	yxdL_3		COG1136	ABC transporter ATP-binding protein YxdL
PL25_04391	gene	1926	bceB_2			
PL25_04391	CDS	1926	bceB_2		COG0577	Bacitracin export permease protein BceB
PL25_04392	gene	3006	swrC_2			
PL25_04392	CDS	3006	swrC_2		COG0841	Swarming motility protein SwrC
PL25_04393	gene	984	btuD_4			
PL25_04393	CDS	984	btuD_4	7.6.2.8		Vitamin B12 import ATP-binding protein BtuD
PL25_04394	gene	774				
PL25_04394	CDS	774				hypothetical protein
PL25_04395	gene	90				
PL25_04395	CDS	90				hypothetical protein
PL25_04396	gene	774				
PL25_04396	CDS	774				hypothetical protein
PL25_04397	gene	507				
PL25_04397	CDS	507				hypothetical protein
PL25_04398	gene	255				
PL25_04398	CDS	255				hypothetical protein
PL25_04399	gene	189				
PL25_04399	CDS	189				hypothetical protein
PL25_04400	gene	441				
PL25_04400	CDS	441				hypothetical protein
PL25_04401	gene	150				
PL25_04401	CDS	150				hypothetical protein
PL25_04402	gene	1425				
PL25_04402	CDS	1425			COG3385	IS4 family transposase ISBce11
PL25_04403	gene	261				
PL25_04403	CDS	261				hypothetical protein
PL25_04404	gene	1149	pbuE_4			
PL25_04404	CDS	1149	pbuE_4		COG2814	Purine efflux pump PbuE
PL25_04405	gene	849	oxyR_2			
PL25_04405	CDS	849	oxyR_2		COG0583	DNA-binding transcriptional dual regulator OxyR
PL25_04406	gene	306	aadK_2			
PL25_04406	CDS	306	aadK_2	2.7.7.-		Aminoglycoside 6-adenylyltransferase
PL25_04407	gene	546	aadK_3			
PL25_04407	CDS	546	aadK_3	2.7.7.-		Aminoglycoside 6-adenylyltransferase
PL25_04408	gene	606	rimJ			
PL25_04408	CDS	606	rimJ	2.3.1.267	COG1670	[Ribosomal protein uS5]-alanine N-acetyltransferase
PL25_04409	gene	756	bioC_6			
PL25_04409	CDS	756	bioC_6	2.1.1.197		Malonyl-[acyl-carrier protein] O-methyltransferase
PL25_04410	gene	852	rhaR_8			
PL25_04410	CDS	852	rhaR_8			HTH-type transcriptional activator RhaR
PL25_04411	gene	567				
PL25_04411	CDS	567				hypothetical protein
PL25_04412	gene	465				
PL25_04412	CDS	465				hypothetical protein
PL25_04413	gene	2070	pbpA_4			
PL25_04413	CDS	2070	pbpA_4	3.4.16.4	COG0768	Penicillin-binding protein 2A
PL25_04414	gene	297				
PL25_04414	CDS	297				hypothetical protein
PL25_04415	gene	156				
PL25_04415	CDS	156				hypothetical protein
PL25_04416	gene	1101	eutH			
PL25_04416	CDS	1101	eutH			putative ethanolamine permease EutH
PL25_04417	gene	645				
PL25_04417	CDS	645				hypothetical protein
PL25_04418	gene	666				
PL25_04418	CDS	666				hypothetical protein
PL25_04419	gene	153				
PL25_04419	CDS	153				hypothetical protein
PL25_04420	gene	150				
PL25_04420	CDS	150				hypothetical protein
PL25_04421	gene	1461	bicA			
PL25_04421	CDS	1461	bicA		COG0659	Bicarbonate transporter BicA
PL25_04422	gene	417	nhaX_2			
PL25_04422	CDS	417	nhaX_2		COG0589	Stress response protein NhaX
PL25_04423	gene	1125	thiO_2			
PL25_04423	CDS	1125	thiO_2	1.4.3.19	COG0665	Glycine oxidase
PL25_04424	gene	453				
PL25_04424	CDS	453				hypothetical protein
PL25_04425	gene	579				
PL25_04425	CDS	579				hypothetical protein
PL25_04426	gene	573				
PL25_04426	CDS	573				hypothetical protein
PL25_04427	gene	933	ppaC			
PL25_04427	CDS	933	ppaC	3.6.1.1	COG1227	Manganese-dependent inorganic pyrophosphatase
PL25_04428	gene	153	sspP			
PL25_04428	CDS	153	sspP			Small, acid-soluble spore protein P
PL25_04429	gene	390	mscL			
PL25_04429	CDS	390	mscL		COG1970	Large-conductance mechanosensitive channel
PL25_04430	gene	561				
PL25_04430	CDS	561				hypothetical protein
PL25_04431	gene	441				
PL25_04431	CDS	441				hypothetical protein
PL25_04432	gene	387				
PL25_04432	CDS	387				hypothetical protein
PL25_04433	gene	1233				
PL25_04433	CDS	1233			COG3385	IS4 family transposase ISDre1
PL25_04434	gene	558				
PL25_04434	CDS	558				hypothetical protein
PL25_04435	gene	672				
PL25_04435	CDS	672				26 kDa periplasmic immunogenic protein
PL25_04436	gene	369				
PL25_04436	CDS	369				hypothetical protein
PL25_04437	gene	492	mshD_2			
PL25_04437	CDS	492	mshD_2	2.3.1.189		Mycothiol acetyltransferase
PL25_04438	gene	648				
PL25_04438	CDS	648				hypothetical protein
PL25_04439	gene	498				
PL25_04439	CDS	498				hypothetical protein
PL25_04440	gene	405	yycE			
PL25_04440	CDS	405	yycE		COG0346	putative protein YycE
PL25_04441	gene	459	yvbK			
PL25_04441	CDS	459	yvbK	2.3.1.-	COG0456	putative N-acetyltransferase YvbK
PL25_04442	gene	705	ygeA			
PL25_04442	CDS	705	ygeA	5.1.1.13	COG1794	L-aspartate/glutamate-specific racemase
PL25_04443	gene	417				
PL25_04443	CDS	417				hypothetical protein
PL25_04444	gene	618				
PL25_04444	CDS	618				hypothetical protein
PL25_04445	gene	258	aacA-aphD			
PL25_04445	CDS	258	aacA-aphD			Bifunctional AAC/APH
PL25_04446	gene	150				
PL25_04446	CDS	150				hypothetical protein
PL25_04447	gene	147				
PL25_04447	CDS	147				hypothetical protein
PL25_04448	gene	420				
PL25_04448	CDS	420				hypothetical protein
PL25_04449	gene	462	nudC			
PL25_04449	CDS	462	nudC	3.6.1.22		NAD-capped RNA hydrolase NudC
PL25_04450	gene	594				
PL25_04450	CDS	594				hypothetical protein
PL25_04451	gene	1557	emrB_2			
PL25_04451	CDS	1557	emrB_2		COG2814	Multidrug export protein EmrB
PL25_04452	gene	105				
PL25_04452	CDS	105				hypothetical protein
PL25_04453	gene	552	crdB			
PL25_04453	CDS	552	crdB	1.3.1.-		NADH:(hydroxy)cinnamate reductase subunit CrdB
PL25_04454	gene	423	fosB			
PL25_04454	CDS	423	fosB	2.5.1.-		Metallothiol transferase FosB
PL25_04455	gene	411				
PL25_04455	CDS	411				hypothetical protein
PL25_04456	gene	726				
PL25_04456	CDS	726				hypothetical protein
PL25_04457	gene	477				
PL25_04457	CDS	477				hypothetical protein
PL25_04458	gene	1422	farB_2			
PL25_04458	CDS	1422	farB_2			Fatty acid resistance protein FarB
PL25_04459	gene	1092	proB			
PL25_04459	CDS	1092	proB	2.7.2.11	COG0263	Glutamate 5-kinase 1
PL25_04460	gene	1248	proA			
PL25_04460	CDS	1248	proA	1.2.1.41	COG0014	Gamma-glutamyl phosphate reductase
PL25_04461	gene	153				
PL25_04461	CDS	153				hypothetical protein
PL25_04462	gene	123				
PL25_04462	CDS	123				hypothetical protein
PL25_04463	gene	330	csaA			
PL25_04463	CDS	330	csaA		COG0073	putative chaperone CsaA
PL25_04464	gene	432				
PL25_04464	CDS	432				hypothetical protein
PL25_04465	gene	1047	lctD_2			
PL25_04465	CDS	1047	lctD_2	1.1.1.436	COG0277	Lactate dehydrogenase (NAD(+),ferredoxin) subunit LctD
PL25_04466	gene	351	ydiJ			
PL25_04466	CDS	351	ydiJ	1.1.99.39	COG0247	D-2-hydroxyglutarate dehydrogenase
PL25_04467	gene	270				
PL25_04467	CDS	270				hypothetical protein
PL25_04468	gene	939	rihB_1			
PL25_04468	CDS	939	rihB_1	3.2.2.8		Pyrimidine-specific ribonucleoside hydrolase RihB
PL25_04469	gene	951	rihB_2			
PL25_04469	CDS	951	rihB_2	3.2.2.8	COG1957	Pyrimidine-specific ribonucleoside hydrolase RihB
PL25_04470	gene	1212	nupX			
PL25_04470	CDS	1212	nupX		COG1972	Putative nucleoside permease NupX
PL25_04471	gene	936	rihB_3			
PL25_04471	CDS	936	rihB_3	3.2.2.8	COG1957	Pyrimidine-specific ribonucleoside hydrolase RihB
PL25_04472	gene	378				
PL25_04472	CDS	378				hypothetical protein
PL25_04473	gene	1881	htpG			
PL25_04473	CDS	1881	htpG		COG0326	Chaperone protein HtpG
PL25_04474	gene	993				
PL25_04474	CDS	993				hypothetical protein
PL25_04475	gene	762	ssuC_2			
PL25_04475	CDS	762	ssuC_2		COG0600	Putative aliphatic sulfonates transport permease protein SsuC
PL25_04476	gene	798	nrtD_2			
PL25_04476	CDS	798	nrtD_2	7.3.2.4	COG1116	Nitrate import ATP-binding protein NrtD
PL25_04477	gene	897	ectD			
PL25_04477	CDS	897	ectD	1.14.11.55		Ectoine dioxygenase
PL25_04478	gene	1095	ilvK			
PL25_04478	CDS	1095	ilvK	2.6.1.42	COG0115	Branched-chain-amino-acid aminotransferase 2
PL25_04479	gene	786	serB			
PL25_04479	CDS	786	serB	3.1.3.3	COG1011	Phosphoserine phosphatase
PL25_04480	gene	1584	serA			
PL25_04480	CDS	1584	serA	1.1.1.95	COG0111	D-3-phosphoglycerate dehydrogenase
PL25_04481	gene	1152				
PL25_04481	CDS	1152		2.6.1.51	COG0075	Serine-pyruvate aminotransferase
PL25_04482	gene	1449	cstA_3			
PL25_04482	CDS	1449	cstA_3		COG1966	Peptide transporter CstA
PL25_04483	gene	987	ccpA_2			
PL25_04483	CDS	987	ccpA_2			Catabolite control protein A
PL25_04484	gene	897	rbsK			
PL25_04484	CDS	897	rbsK	2.7.1.15	COG0524	Ribokinase
PL25_04485	gene	1518	rbsA			
PL25_04485	CDS	1518	rbsA	7.5.2.7	COG1129	Ribose import ATP-binding protein RbsA
PL25_04486	gene	936	rbsC			
PL25_04486	CDS	936	rbsC		COG1172	Ribose import permease protein RbsC
PL25_04487	gene	945	rbsB			
PL25_04487	CDS	945	rbsB		COG1879	Ribose import binding protein RbsB
PL25_04488	gene	696				
PL25_04488	CDS	696				hypothetical protein
PL25_04489	gene	615	polC_2			
PL25_04489	CDS	615	polC_2	2.7.7.7	COG2176	DNA polymerase III PolC-type
PL25_04490	gene	1347				
PL25_04490	CDS	1347			COG3385	IS4 family transposase ISHaha1
PL25_04491	gene	1605	fcs			
PL25_04491	CDS	1605	fcs	6.2.1.34		Feruloyl-CoA synthase
PL25_04492	gene	141				
PL25_04492	CDS	141				hypothetical protein
PL25_04493	gene	258	csgA			
PL25_04493	CDS	258	csgA			Sigma-G-dependent sporulation-specific SASP protein
PL25_04494	gene	184				
PL25_04494	misc_RNA	184				6S
PL25_04495	gene	759	nhoA			
PL25_04495	CDS	759	nhoA	2.3.1.118		Arylamine N-acetyltransferase / N-hydroxyarylamine O-acetyltransferase
PL25_04496	gene	369				
PL25_04496	CDS	369				hypothetical protein
PL25_04497	gene	102				
PL25_04497	misc_RNA	102				Purine
PL25_04498	gene	588	xpt			
PL25_04498	CDS	588	xpt	2.4.2.22	COG0503	Xanthine phosphoribosyltransferase
PL25_04499	gene	1293				
PL25_04499	CDS	1293				Nucleobase transporter PlUacP
PL25_04500	gene	1446	farB_3			
PL25_04500	CDS	1446	farB_3			Fatty acid resistance protein FarB
PL25_04501	gene	138				
PL25_04501	CDS	138				hypothetical protein
PL25_04502	gene	150				
PL25_04502	CDS	150				hypothetical protein
PL25_04503	gene	267				
PL25_04503	CDS	267				hypothetical protein
PL25_04504	gene	384				
PL25_04504	CDS	384				hypothetical protein
PL25_04505	gene	471				
PL25_04505	CDS	471				hypothetical protein
PL25_04506	gene	189				
PL25_04506	CDS	189				hypothetical protein
PL25_04507	gene	516				
PL25_04507	CDS	516				hypothetical protein
PL25_04508	gene	849				
PL25_04508	CDS	849		3.13.2.3	COG1912	(R)-S-adenosyl-L-methionine hydrolase
PL25_04509	gene	810				
PL25_04509	CDS	810				hypothetical protein
PL25_04510	gene	1074	lnrJ			
PL25_04510	CDS	1074	lnrJ	2.7.13.3	COG4585	Sensor histidine kinase LnrJ
PL25_04511	gene	642	lnrK_4			
PL25_04511	CDS	642	lnrK_4		COG2197	Transcriptional regulatory protein LnrK
PL25_04512	gene	927	lnrL_4			
PL25_04512	CDS	927	lnrL_4	7.6.2.-	COG1131	Linearmycin resistance ATP-binding protein LnrL
PL25_04513	gene	1254	lnrM			
PL25_04513	CDS	1254	lnrM		COG0842	Linearmycin resistance permease protein LnrM
PL25_04514	gene	1116	lnrN			
PL25_04514	CDS	1116	lnrN		COG0842	Linearmycin resistance permease protein LnrN
PL25_04515	gene	2163	smc_5			
PL25_04515	CDS	2163	smc_5			Chromosome partition protein Smc
PL25_04516	gene	489				
PL25_04516	CDS	489				hypothetical protein
PL25_04517	gene	957	menH_2			
PL25_04517	CDS	957	menH_2	4.2.99.20		2-succinyl-6-hydroxy-2,4-cyclohexadiene-1-carboxylate synthase
PL25_04518	gene	882				
PL25_04518	CDS	882				putative HTH-type transcriptional regulator
PL25_04519	gene	1101	carA			
PL25_04519	CDS	1101	carA	6.3.5.5		Carbamoyl phosphate synthase arginine-specific small chain
PL25_04520	gene	3234	carB			
PL25_04520	CDS	3234	carB	6.3.4.16		Carbamoyl phosphate synthase large chain
PL25_04521	gene	2004	dpp5			
PL25_04521	CDS	2004	dpp5	3.4.14.-	COG0823	Dipeptidyl-peptidase 5
PL25_04522	gene	504				
PL25_04522	CDS	504				hypothetical protein
PL25_04523	gene	306				
PL25_04523	CDS	306				hypothetical protein
PL25_04524	gene	876	dat_2			
PL25_04524	CDS	876	dat_2	2.6.1.21		D-alanine aminotransferase
PL25_04525	gene	74				
PL25_04525	tRNA	74				tRNA-Gly(tcc)
PL25_04526	gene	68				
PL25_04526	misc_RNA	68				Bacillaceae-1
PL25_04527	gene	1704				
PL25_04527	CDS	1704				hypothetical protein
PL25_04528	gene	1146	queG			
PL25_04528	CDS	1146	queG	1.17.99.6	COG1600	Epoxyqueuosine reductase
PL25_04529	gene	843				
PL25_04529	CDS	843				hypothetical protein
PL25_04530	gene	474	cspR			
PL25_04530	CDS	474	cspR	2.1.1.207	COG0219	Putative tRNA (cytidine(34)-2'-O)-methyltransferase
PL25_04531	gene	102				
PL25_04531	CDS	102				hypothetical protein
PL25_04532	gene	2853	odhA			
PL25_04532	CDS	2853	odhA	1.2.4.2		2-oxoglutarate dehydrogenase E1 component
PL25_04533	gene	1251	odhB			
PL25_04533	CDS	1251	odhB	2.3.1.61		Dihydrolipoyllysine-residue succinyltransferase component of 2-oxoglutarate dehydrogenase complex
PL25_04534	gene	1188	nupC			
PL25_04534	CDS	1188	nupC		COG1972	Nucleoside permease NupC
PL25_04535	gene	1362	norM			
PL25_04535	CDS	1362	norM		COG0534	Multidrug resistance protein NorM
PL25_04536	gene	1077	murG			
PL25_04536	CDS	1077	murG	2.4.1.227		UDP-N-acetylglucosamine--N-acetylmuramyl-(pentapeptide) pyrophosphoryl-undecaprenol N-acetylglucosamine transferase
PL25_04537	gene	1140				
PL25_04537	CDS	1140				hypothetical protein
PL25_04538	gene	1122	gerBB			
PL25_04538	CDS	1122	gerBB		COG0814	Spore germination protein B2
PL25_04539	gene	1503	gerAA			
PL25_04539	CDS	1503	gerAA		COG0697	Spore germination protein A1
PL25_04540	gene	1749	yheI			
PL25_04540	CDS	1749	yheI	7.6.2.-	COG1132	putative multidrug resistance ABC transporter ATP-binding/permease protein YheI
PL25_04541	gene	2031	yheH			
PL25_04541	CDS	2031	yheH	7.6.2.-	COG1132	putative multidrug resistance ABC transporter ATP-binding/permease protein YheH
PL25_04542	gene	816				
PL25_04542	CDS	816				hypothetical protein
PL25_04543	gene	726				
PL25_04543	CDS	726				hypothetical protein
PL25_04544	gene	1593				
PL25_04544	CDS	1593			COG1292	putative glycine betaine transporter
PL25_04545	gene	561	opcR_3			
PL25_04545	CDS	561	opcR_3		COG1510	HTH-type transcriptional repressor OpcR
PL25_04546	gene	894	cdhC			
PL25_04546	CDS	894	cdhC	2.3.1.317		3-dehydrocarnitine:acetyl-CoA trimethylamine transferase
PL25_04547	gene	984	Xt-cdh			
PL25_04547	CDS	984	Xt-cdh	1.1.1.108		L-carnitine dehydrogenase
PL25_04548	gene	474	cdhB			
PL25_04548	CDS	474	cdhB	3.1.2.33		Betainyl-CoA thioesterase
PL25_04549	gene	729	sigI			
PL25_04549	CDS	729	sigI		COG1191	RNA polymerase sigma factor SigI
PL25_04550	gene	1209				
PL25_04550	CDS	1209				hypothetical protein
PL25_04551	gene	237				
PL25_04551	CDS	237				hypothetical protein
PL25_04552	gene	588				
PL25_04552	CDS	588				hypothetical protein
PL25_04553	gene	639	yrrT			
PL25_04553	CDS	639	yrrT	2.1.1.-	COG2226	putative methyltransferase YrrT
PL25_04554	gene	462	luxS			
PL25_04554	CDS	462	luxS	4.4.1.21		S-ribosylhomocysteine lyase
PL25_04555	gene	921	mccA			
PL25_04555	CDS	921	mccA	2.5.1.134	COG0031	O-acetylserine dependent cystathionine beta-synthase
PL25_04556	gene	1134	mccB			
PL25_04556	CDS	1134	mccB	4.4.1.1	COG0626	Cystathionine gamma-lyase
PL25_04557	gene	1368	tpdA			
PL25_04557	CDS	1368	tpdA	3.4.13.23		Cysteinylglycine-S-conjugate dipeptidase
PL25_04558	gene	759	yueD			
PL25_04558	CDS	759	yueD	1.1.1.320	COG1028	Benzil reductase ((S)-benzoin forming)
PL25_04559	gene	135				
PL25_04559	CDS	135				hypothetical protein
PL25_04560	gene	1641				
PL25_04560	CDS	1641				hypothetical protein
PL25_04561	gene	726	natA			
PL25_04561	CDS	726	natA	7.2.2.4	COG4555	ABC transporter ATP-binding protein NatA
PL25_04562	gene	753	map			
PL25_04562	CDS	753	map	3.4.11.18	COG0024	Methionine aminopeptidase 1
PL25_04563	gene	1377	nhaC			
PL25_04563	CDS	1377	nhaC		COG1757	Na(+)/H(+) antiporter NhaC
PL25_04564	gene	726	ygaZ			
PL25_04564	CDS	726	ygaZ		COG1296	Inner membrane protein YgaZ
PL25_04565	gene	291				
PL25_04565	CDS	291				hypothetical protein
PL25_04566	gene	870	mneS			
PL25_04566	CDS	870	mneS		COG0053	Manganese efflux system protein MneS
PL25_04567	gene	234				
PL25_04567	CDS	234				hypothetical protein
PL25_04568	gene	1347				
PL25_04568	CDS	1347			COG3385	IS4 family transposase ISHaha1
PL25_04569	gene	1299				
PL25_04569	CDS	1299				hypothetical protein
PL25_04570	gene	1413				
PL25_04570	CDS	1413				hypothetical protein
PL25_04571	gene	915				
PL25_04571	CDS	915				hypothetical protein
PL25_04572	gene	1413	fumC			
PL25_04572	CDS	1413	fumC	4.2.1.2		Fumarate hydratase class II
PL25_04573	gene	198	sasP-C_3			
PL25_04573	CDS	198	sasP-C_3			Small, acid-soluble spore protein C
PL25_04574	gene	1098	msmX			
PL25_04574	CDS	1098	msmX	7.5.2.-	COG3842	Oligosaccharides import ATP-binding protein MsmX
PL25_04575	gene	894	lrp			
PL25_04575	CDS	894	lrp			Leucine-rich protein
PL25_04576	gene	360				
PL25_04576	CDS	360				hypothetical protein
PL25_04577	gene	774	paaF			
PL25_04577	CDS	774	paaF	4.2.1.17	COG1024	2,3-dehydroadipyl-CoA hydratase
PL25_04578	gene	186				
PL25_04578	CDS	186				hypothetical protein
PL25_04579	gene	900				
PL25_04579	CDS	900		7.6.2.-	COG1131	Multidrug efflux system ATP-binding protein
PL25_04580	gene	1260	yhaP_2			
PL25_04580	CDS	1260	yhaP_2		COG1668	putative protein YhaP
PL25_04581	gene	1227	yhaO			
PL25_04581	CDS	1227	yhaO		COG0420	putative metallophosphoesterase YhaO
PL25_04582	gene	2943	yhaN			
PL25_04582	CDS	2943	yhaN		COG4717	putative protein YhaN
PL25_04583	gene	546	opcR_4			
PL25_04583	CDS	546	opcR_4		COG1510	HTH-type transcriptional repressor OpcR
PL25_04584	gene	1038	yhaM			
PL25_04584	CDS	1038	yhaM	3.1.-.-	COG3481	3'-5' exoribonuclease YhaM
PL25_04585	gene	204				
PL25_04585	CDS	204				hypothetical protein
PL25_04586	gene	897	prsA_3			
PL25_04586	CDS	897	prsA_3	5.2.1.8	COG0760	Foldase protein PrsA
PL25_04587	gene	186				
PL25_04587	CDS	186				hypothetical protein
PL25_04588	gene	555				
PL25_04588	CDS	555				hypothetical protein
PL25_04589	gene	345	yhaI			
PL25_04589	CDS	345	yhaI			putative protein YhaI
PL25_04590	gene	489	opcR_5			
PL25_04590	CDS	489	opcR_5		COG1510	HTH-type transcriptional repressor OpcR
PL25_04591	gene	1200	gbuA			
PL25_04591	CDS	1200	gbuA	7.6.2.9		Glycine betaine/carnitine transport ATP-binding protein GbuA
PL25_04592	gene	855	gbuB			
PL25_04592	CDS	855	gbuB			Glycine betaine/carnitine transport permease protein GbuB
PL25_04593	gene	906				
PL25_04593	CDS	906				hypothetical protein
PL25_04594	gene	68				
PL25_04594	misc_RNA	68				Ref64
PL25_04595	gene	1674				
PL25_04595	CDS	1674				IS1182 family transposase IS663
PL25_04596	gene	939	gbuC			
PL25_04596	CDS	939	gbuC			Glycine betaine/carnitine transport binding protein GbuC
PL25_04597	gene	360				
PL25_04597	CDS	360				hypothetical protein
PL25_04598	gene	522	trpP			
PL25_04598	CDS	522	trpP			putative tryptophan transport protein
PL25_04599	gene	432	hit			
PL25_04599	CDS	432	hit		COG0537	Protein hit
PL25_04600	gene	747	ecsA			
PL25_04600	CDS	747	ecsA		COG1131	ABC-type transporter ATP-binding protein EcsA
PL25_04601	gene	1212				
PL25_04601	CDS	1212				hypothetical protein
PL25_04602	gene	1176				
PL25_04602	CDS	1176		3.5.1.47		N-acetyldiaminopimelate deacetylase
PL25_04603	gene	438				
PL25_04603	CDS	438				hypothetical protein
PL25_04604	gene	651				
PL25_04604	CDS	651				hypothetical protein
PL25_04605	gene	1239	entS_2			
PL25_04605	CDS	1239	entS_2			Enterobactin exporter EntS
PL25_04606	gene	732	liaF_2			
PL25_04606	CDS	732	liaF_2		COG4758	Protein LiaF
PL25_04607	gene	1032	liaS_2			
PL25_04607	CDS	1032	liaS_2	2.7.13.3	COG4585	Sensor histidine kinase LiaS
PL25_04608	gene	633	liaR_2			
PL25_04608	CDS	633	liaR_2		COG2197	Transcriptional regulatory protein LiaR
PL25_04609	gene	435	bdbC			
PL25_04609	CDS	435	bdbC			disulfide formation protein
PL25_04610	gene	480				
PL25_04610	CDS	480				hypothetical protein
PL25_04611	gene	495	hmoB			
PL25_04611	CDS	495	hmoB	1.14.14.18	COG2329	Heme-degrading monooxygenase HmoB
PL25_04612	gene	513				
PL25_04612	CDS	513				hypothetical protein
PL25_04613	gene	2172	pbpF			
PL25_04613	CDS	2172	pbpF		COG0744	Penicillin-binding protein 1F
PL25_04614	gene	1041	hemE			
PL25_04614	CDS	1041	hemE	4.1.1.37	COG0407	Uroporphyrinogen decarboxylase
PL25_04615	gene	942	cpfC			
PL25_04615	CDS	942	cpfC	4.99.1.9	COG0276	Coproporphyrin III ferrochelatase
PL25_04616	gene	1404	cgoX			
PL25_04616	CDS	1404	cgoX	1.3.3.15	COG1232	Coproporphyrinogen III oxidase
PL25_04617	gene	129				
PL25_04617	CDS	129				hypothetical protein
PL25_04618	gene	732				
PL25_04618	CDS	732			COG1234	putative protein
PL25_04619	gene	996	lplJ			
PL25_04619	CDS	996	lplJ	6.3.1.20	COG0095	Lipoate-protein ligase LplJ
PL25_04620	gene	1536	lcfB			
PL25_04620	CDS	1536	lcfB	6.2.1.3	COG0318	Long-chain-fatty-acid--CoA ligase
PL25_04621	gene	144				
PL25_04621	CDS	144				hypothetical protein
PL25_04622	gene	528	comK			
PL25_04622	CDS	528	comK		COG4903	Competence transcription factor
PL25_04623	gene	384				
PL25_04623	CDS	384				hypothetical protein
PL25_04624	gene	657				
PL25_04624	CDS	657				hypothetical protein
PL25_04625	gene	552	spsB			
PL25_04625	CDS	552	spsB	3.4.21.89		Signal peptidase IB
PL25_04626	gene	3498	addB			
PL25_04626	CDS	3498	addB	3.1.-.-	COG3857	ATP-dependent helicase/deoxyribonuclease subunit B
PL25_04627	gene	3726	addA			
PL25_04627	CDS	3726	addA	3.1.-.-	COG1074	ATP-dependent helicase/nuclease subunit A
PL25_04628	gene	219	gerPF			
PL25_04628	CDS	219	gerPF			putative spore germination protein GerPF
PL25_04629	gene	369	gerPE			
PL25_04629	CDS	369	gerPE			putative spore germination protein GerPE
PL25_04630	gene	174	gerPD			
PL25_04630	CDS	174	gerPD			putative spore germination protein GerPD
PL25_04631	gene	588	gerPC			
PL25_04631	CDS	588	gerPC			putative spore germination protein GerPC
PL25_04632	gene	201	gerPB			
PL25_04632	CDS	201	gerPB			putative spore germination protein GerPB
PL25_04633	gene	222	gerPA			
PL25_04633	CDS	222	gerPA			putative spore germination protein GerPA
PL25_04634	gene	1182				
PL25_04634	CDS	1182				hypothetical protein
PL25_04635	gene	561				
PL25_04635	CDS	561				IS1595 family transposase ISSpgl1
PL25_04636	gene	1197	rocD			
PL25_04636	CDS	1197	rocD	2.6.1.13	COG4992	Ornithine aminotransferase
PL25_04637	gene	360				
PL25_04637	CDS	360				hypothetical protein
PL25_04638	gene	1488	tvaII			
PL25_04638	CDS	1488	tvaII	3.2.1.135		Neopullulanase 2
PL25_04639	gene	1347				
PL25_04639	CDS	1347			COG3385	IS4 family transposase ISHaha1
PL25_04640	gene	216				
PL25_04640	CDS	216				hypothetical protein
PL25_04641	gene	843	glpQ			
PL25_04641	CDS	843	glpQ	3.1.4.46	COG0584	Glycerophosphodiester phosphodiesterase
PL25_04642	gene	873	ydaD			
PL25_04642	CDS	873	ydaD	1.-.-.-	COG1028	General stress protein 39
PL25_04643	gene	225				
PL25_04643	CDS	225				hypothetical protein
PL25_04644	gene	2229				
PL25_04644	CDS	2229				hypothetical protein
PL25_04645	gene	858				
PL25_04645	CDS	858			COG1307	Fatty acid-binding protein
PL25_04646	gene	843				
PL25_04646	CDS	843				hypothetical protein
PL25_04647	gene	426				
PL25_04647	CDS	426				hypothetical protein
PL25_04648	gene	264				
PL25_04648	CDS	264				hypothetical protein
PL25_04649	gene	207				
PL25_04649	CDS	207				hypothetical protein
PL25_04650	gene	150				
PL25_04650	CDS	150				hypothetical protein
PL25_04651	gene	834	yitU			
PL25_04651	CDS	834	yitU	3.1.3.104	COG0561	5-amino-6-(5-phospho-D-ribitylamino)uracil phosphatase YitU
PL25_04652	gene	762				
PL25_04652	CDS	762				hypothetical protein
PL25_04653	gene	312	sufT			
PL25_04653	CDS	312	sufT			Fe-S protein maturation auxiliary factor SufT
PL25_04654	gene	693	fnr_2			
PL25_04654	CDS	693	fnr_2		COG0664	Anaerobic regulatory protein
PL25_04655	gene	822	uppP			
PL25_04655	CDS	822	uppP	3.6.1.27		Undecaprenyl-diphosphatase
PL25_04656	gene	309				
PL25_04656	CDS	309				hypothetical protein
PL25_04657	gene	195				
PL25_04657	CDS	195				hypothetical protein
PL25_04658	gene	576				
PL25_04658	CDS	576				hypothetical protein
PL25_04659	gene	963	nupN_2			
PL25_04659	CDS	963	nupN_2		COG1744	ABC transporter guanosine-binding protein NupN
PL25_04660	gene	942	fabHA			
PL25_04660	CDS	942	fabHA	2.3.1.180	COG0332	Beta-ketoacyl-[acyl-carrier-protein] synthase III 1
PL25_04661	gene	1239	fabF			
PL25_04661	CDS	1239	fabF	2.3.1.179	COG0304	3-oxoacyl-[acyl-carrier-protein] synthase 2
PL25_04662	gene	219				
PL25_04662	CDS	219				hypothetical protein
PL25_04663	gene	762				
PL25_04663	CDS	762				hypothetical protein
PL25_04664	gene	996	trpS			
PL25_04664	CDS	996	trpS	6.1.1.2	COG0180	Tryptophan--tRNA ligase
PL25_04665	gene	939	panE_2			
PL25_04665	CDS	939	panE_2	1.1.1.169		2-dehydropantoate 2-reductase
PL25_04666	gene	165				
PL25_04666	CDS	165				hypothetical protein
PL25_04667	gene	390	panD			
PL25_04667	CDS	390	panD	4.1.1.11	COG0853	Aspartate 1-decarboxylase
PL25_04668	gene	873	panC			
PL25_04668	CDS	873	panC	6.3.2.1	COG0414	Pantothenate synthetase
PL25_04669	gene	831	panB			
PL25_04669	CDS	831	panB	2.1.2.11		3-methyl-2-oxobutanoate hydroxymethyltransferase
PL25_04670	gene	1203				
PL25_04670	CDS	1203				hypothetical protein
PL25_04671	gene	1716				
PL25_04671	CDS	1716				IS1182 family transposase IS663
PL25_04672	gene	68				
PL25_04672	misc_RNA	68				Ref64
PL25_04673	gene	594	yjbC			
PL25_04673	CDS	594	yjbC	2.3.1.-	COG0456	Putative acetyltransferase YjbC
PL25_04674	gene	1371	amtB			
PL25_04674	CDS	1371	amtB		COG0004	Ammonium transporter AmtB
PL25_04675	gene	342	glnB			
PL25_04675	CDS	342	glnB		COG0347	Nitrogen regulatory protein P-II
PL25_04676	gene	396	spx_2			
PL25_04676	CDS	396	spx_2		COG1393	Global transcriptional regulator Spx
PL25_04677	gene	681	mecA			
PL25_04677	CDS	681	mecA		COG4862	Adapter protein MecA 1
PL25_04678	gene	216				
PL25_04678	CDS	216				hypothetical protein
PL25_04679	gene	198				
PL25_04679	CDS	198				hypothetical protein
PL25_04680	gene	1188				
PL25_04680	CDS	1188				hypothetical protein
PL25_04681	gene	1809	pepF			
PL25_04681	CDS	1809	pepF	3.4.24.-	COG1164	Oligopeptidase PepF
PL25_04682	gene	180				
PL25_04682	CDS	180				hypothetical protein
PL25_04683	gene	112				
PL25_04683	misc_RNA	112				RsaE
PL25_04684	gene	894	spxH			
PL25_04684	CDS	894	spxH		COG2761	ClpXP adapter protein SpxH
PL25_04685	gene	381	yjbI			
PL25_04685	CDS	381	yjbI		COG2346	Group 2 truncated hemoglobin YjbI
PL25_04686	gene	576	yjbK			
PL25_04686	CDS	576	yjbK	3.6.1.-	COG4116	Putative triphosphatase YjbK
PL25_04687	gene	609	yjbM			
PL25_04687	CDS	609	yjbM	2.7.6.5	COG2357	GTP pyrophosphokinase YjbM
PL25_04688	gene	804	ppnKA			
PL25_04688	CDS	804	ppnKA	2.7.1.23	COG0061	NAD kinase 1
PL25_04689	gene	882	rluD_2			
PL25_04689	CDS	882	rluD_2	5.4.99.23	COG0564	Ribosomal large subunit pseudouridine synthase D
PL25_04690	gene	741	prpE			
PL25_04690	CDS	741	prpE	3.6.1.17	COG0639	Bis(5'-nucleosyl)-tetraphosphatase PrpE [asymmetrical]
PL25_04691	gene	1383	mgtE			
PL25_04691	CDS	1383	mgtE		COG2239	Magnesium transporter MgtE
PL25_04692	gene	504				
PL25_04692	CDS	504				hypothetical protein
PL25_04693	gene	459	cotY			
PL25_04693	CDS	459	cotY			Spore coat protein Y
PL25_04694	gene	288				
PL25_04694	CDS	288				hypothetical protein
PL25_04695	gene	204				
PL25_04695	CDS	204				hypothetical protein
PL25_04696	gene	255				
PL25_04696	CDS	255				hypothetical protein
PL25_04697	gene	708				
PL25_04697	CDS	708				hypothetical protein
PL25_04698	gene	423	yjcF			
PL25_04698	CDS	423	yjcF	2.3.1.-	COG2153	putative N-acetyltransferase YjcF
PL25_04699	gene	522	yjcG			
PL25_04699	CDS	522	yjcG	3.1.-.-	COG1514	Putative phosphoesterase YjcG
PL25_04700	gene	726				
PL25_04700	CDS	726				hypothetical protein
PL25_04701	gene	1821				
PL25_04701	CDS	1821			COG1132	putative ABC transporter ATP-binding protein
PL25_04702	gene	1731				
PL25_04702	CDS	1731			COG1132	putative ABC transporter ATP-binding protein
PL25_04703	gene	73				
PL25_04703	tRNA	73				tRNA-Val(gac)
PL25_04704	gene	336	xerC_6			
PL25_04704	CDS	336	xerC_6			Tyrosine recombinase XerC
PL25_04705	gene	426				
PL25_04705	CDS	426				hypothetical protein
PL25_04706	gene	417	immA			
PL25_04706	CDS	417	immA	3.4.-.-	COG2856	Metallopeptidase ImmA
PL25_04707	gene	417				
PL25_04707	CDS	417				hypothetical protein
PL25_04708	gene	738				
PL25_04708	CDS	738				hypothetical protein
PL25_04709	gene	1179				
PL25_04709	CDS	1179				hypothetical protein
PL25_04710	gene	174				
PL25_04710	CDS	174				hypothetical protein
PL25_04711	gene	432				
PL25_04711	CDS	432				hypothetical protein
PL25_04712	gene	765				
PL25_04712	CDS	765				IS21 family transposase IS643
PL25_04713	gene	1491				
PL25_04713	CDS	1491				hypothetical protein
PL25_04714	gene	561				
PL25_04714	CDS	561				hypothetical protein
PL25_04715	gene	573				
PL25_04715	CDS	573				hypothetical protein
PL25_04716	gene	1047	recF_2			
PL25_04716	CDS	1047	recF_2			DNA replication and repair protein RecF
PL25_04717	gene	1356				
PL25_04717	CDS	1356				IS1182 family transposase IS656
PL25_04718	gene	456				
PL25_04718	CDS	456				hypothetical protein
PL25_04719	gene	108				
PL25_04719	CDS	108				hypothetical protein
PL25_04720	gene	165				
PL25_04720	CDS	165				hypothetical protein
PL25_04721	gene	393				
PL25_04721	CDS	393				hypothetical protein
PL25_04722	gene	192				
PL25_04722	CDS	192				hypothetical protein
PL25_04723	gene	681				
PL25_04723	CDS	681				hypothetical protein
PL25_04724	gene	231				
PL25_04724	CDS	231				hypothetical protein
PL25_04725	gene	264				
PL25_04725	CDS	264				hypothetical protein
PL25_04726	gene	306				
PL25_04726	CDS	306				hypothetical protein
PL25_04727	gene	306				
PL25_04727	CDS	306			COG1695	Transcriptional regulator
PL25_04728	gene	1197	chrA			
PL25_04728	CDS	1197	chrA			Chromate transport protein
PL25_04729	gene	1356				
PL25_04729	CDS	1356				hypothetical protein
PL25_04730	gene	492				
PL25_04730	CDS	492				hypothetical protein
PL25_04731	gene	1050				
PL25_04731	CDS	1050				hypothetical protein
PL25_04732	gene	1233	entS_3			
PL25_04732	CDS	1233	entS_3			Enterobactin exporter EntS
PL25_04733	gene	192				
PL25_04733	CDS	192				hypothetical protein
PL25_04734	gene	522				
PL25_04734	CDS	522				hypothetical protein
PL25_04735	gene	273				
PL25_04735	CDS	273				hypothetical protein
PL25_04736	gene	1023				
PL25_04736	CDS	1023				IS1595 family transposase ISSpps1
PL25_04737	gene	219				
PL25_04737	CDS	219				hypothetical protein
PL25_04738	gene	444				
PL25_04738	CDS	444				hypothetical protein
PL25_04739	gene	741				
PL25_04739	CDS	741				hypothetical protein
PL25_04740	gene	543	puuR_2			
PL25_04740	CDS	543	puuR_2		COG1396	HTH-type transcriptional regulator PuuR
PL25_04741	gene	1116	capA_1			
PL25_04741	CDS	1116	capA_1	3.5.2.-		Caprolactamase subunit alpha
PL25_04742	gene	981	capA_2			
PL25_04742	CDS	981	capA_2	3.5.2.-		Caprolactamase subunit alpha
PL25_04743	gene	1734	capB			
PL25_04743	CDS	1734	capB	3.5.2.-		Caprolactamase subunit beta
PL25_04744	gene	312				
PL25_04744	CDS	312				hypothetical protein
PL25_04745	gene	1350	codB_2			
PL25_04745	CDS	1350	codB_2		COG1457	Cytosine permease
PL25_04746	gene	468				
PL25_04746	CDS	468				hypothetical protein
PL25_04747	gene	852	cntI			
PL25_04747	CDS	852	cntI			Pseudopaline exporter CntI
PL25_04748	gene	147				
PL25_04748	CDS	147				hypothetical protein
PL25_04749	gene	732				
PL25_04749	CDS	732		3.5.1.104		Peptidoglycan-N-acetylglucosamine deacetylase
PL25_04750	gene	327				
PL25_04750	CDS	327				hypothetical protein
PL25_04751	gene	654				
PL25_04751	CDS	654				hypothetical protein
PL25_04752	gene	963				
PL25_04752	CDS	963				hypothetical protein
PL25_04753	gene	423				
PL25_04753	CDS	423				hypothetical protein
PL25_04754	gene	1200				
PL25_04754	CDS	1200				hypothetical protein
PL25_04755	gene	855	ywpJ			
PL25_04755	CDS	855	ywpJ	3.1.3.-	COG0561	Phosphatase YwpJ
PL25_04756	gene	780	glcR_2			
PL25_04756	CDS	780	glcR_2		COG1349	HTH-type transcriptional repressor GlcR
PL25_04757	gene	309				
PL25_04757	CDS	309				hypothetical protein
PL25_04758	gene	645				
PL25_04758	CDS	645				hypothetical protein
PL25_04759	gene	807				
PL25_04759	CDS	807				hypothetical protein
PL25_04760	gene	1830				
PL25_04760	CDS	1830				hypothetical protein
PL25_04761	gene	693	zorB			
PL25_04761	CDS	693	zorB			Zorya protein ZorB
PL25_04762	gene	1224	nanX			
PL25_04762	CDS	1224	nanX		COG2814	Sialic acid transporter NanX
PL25_04763	gene	696				
PL25_04763	CDS	696				hypothetical protein
PL25_04764	gene	1458	mleN			
PL25_04764	CDS	1458	mleN		COG1757	Malate-2H(+)/Na(+)-lactate antiporter
PL25_04765	gene	843	dkgB			
PL25_04765	CDS	843	dkgB	1.1.1.274		2,5-diketo-D-gluconic acid reductase B
PL25_04766	gene	270	rpsN			
PL25_04766	CDS	270	rpsN		COG0199	Small ribosomal subunit protein uS14A
PL25_04767	gene	1095	adcA_2			
PL25_04767	CDS	1095	adcA_2		COG0803	Zinc-binding lipoprotein AdcA
PL25_04768	gene	348	hxlR_2			
PL25_04768	CDS	348	hxlR_2		COG1733	HTH-type transcriptional activator HxlR
PL25_04769	gene	1059	fgd			
PL25_04769	CDS	1059	fgd	1.1.98.2		F420-dependent glucose-6-phosphate dehydrogenase
PL25_04770	gene	567				
PL25_04770	CDS	567		1.5.1.45	COG0431	NAD(P)H-dependent FAD/FMN reductase
PL25_04771	gene	792	lsrF			
PL25_04771	CDS	792	lsrF	2.3.1.245	COG1830	3-hydroxy-5-phosphonooxypentane-2,4-dione thiolase
PL25_04772	gene	546	glpP_2			
PL25_04772	CDS	546	glpP_2		COG1954	Glycerol uptake operon antiterminator regulatory protein
PL25_04773	gene	1263	gatC_3			
PL25_04773	CDS	1263	gatC_3		COG3775	PTS system galactitol-specific EIIC component
PL25_04774	gene	1518	lyx			
PL25_04774	CDS	1518	lyx	2.7.1.-	COG1070	L-xylulose/3-keto-L-gulonate kinase
PL25_04775	gene	783	fabG_6			
PL25_04775	CDS	783	fabG_6	1.1.1.100		3-oxoacyl-[acyl-carrier-protein] reductase FabG
PL25_04776	gene	1002	ghrB_4			
PL25_04776	CDS	1002	ghrB_4	1.1.1.81		Glyoxylate/hydroxypyruvate reductase B
PL25_04777	gene	621				
PL25_04777	CDS	621				hypothetical protein
PL25_04778	gene	621	sodA_2			
PL25_04778	CDS	621	sodA_2	1.15.1.1		Superoxide dismutase [Mn]
PL25_04779	gene	624				
PL25_04779	CDS	624		1.5.1.45	COG0431	NAD(P)H-dependent FAD/FMN reductase
PL25_04780	gene	1401				
PL25_04780	CDS	1401				hypothetical protein
PL25_04781	gene	1743				
PL25_04781	CDS	1743				hypothetical protein
PL25_04782	gene	627				
PL25_04782	CDS	627				hypothetical protein
PL25_04783	gene	894				
PL25_04783	CDS	894				hypothetical protein
PL25_04784	gene	594	plsC_2			
PL25_04784	CDS	594	plsC_2	2.3.1.-	COG0204	1-acyl-sn-glycerol-3-phosphate acyltransferase
PL25_04785	gene	465				
PL25_04785	CDS	465				hypothetical protein
PL25_04786	gene	624	cdaS			
PL25_04786	CDS	624	cdaS	2.7.7.85		Diadenylate cyclase CdaS
PL25_04787	gene	906	gltC_2			
PL25_04787	CDS	906	gltC_2		COG0583	Transcriptional dual regulator GltC
PL25_04788	gene	1467				
PL25_04788	CDS	1467		1.14.14.9	COG2368	4-hydroxyphenylacetate 3-monooxygenase oxygenase component
PL25_04789	gene	474	nphA2_2			
PL25_04789	CDS	474	nphA2_2	1.5.1.36		NADH-dependent flavin reductase
PL25_04790	gene	1503	hpcC			
PL25_04790	CDS	1503	hpcC	1.2.1.60	COG1012	5-carboxymethyl-2-hydroxymuconate semialdehyde dehydrogenase
PL25_04791	gene	981	bphC			
PL25_04791	CDS	981	bphC	1.13.11.39		Manganese-dependent 2,3-dihydroxybiphenyl 1,2-dioxygenase
PL25_04792	gene	921	dapA_3			
PL25_04792	CDS	921	dapA_3	4.3.3.7	COG0329	4-hydroxy-tetrahydrodipicolinate synthase
PL25_04793	gene	789	hpcE_1			
PL25_04793	CDS	789	hpcE_1			Homoprotocatechuate catabolism bifunctional isomerase/decarboxylase
PL25_04794	gene	762	hpcE_2			
PL25_04794	CDS	762	hpcE_2			Homoprotocatechuate catabolism bifunctional isomerase/decarboxylase
PL25_04795	gene	381	hpcD			
PL25_04795	CDS	381	hpcD	5.3.3.10		5-carboxymethyl-2-hydroxymuconate Delta-isomerase
PL25_04796	gene	678				
PL25_04796	CDS	678				hypothetical protein
PL25_04797	gene	1035				
PL25_04797	CDS	1035			COG1638	Solute-binding protein
PL25_04798	gene	489				
PL25_04798	CDS	489				hypothetical protein
PL25_04799	gene	1305	dctM			
PL25_04799	CDS	1305	dctM			C4-dicarboxylate TRAP transporter large permease protein DctM
PL25_04800	gene	47				
PL25_04800	misc_RNA	47				PreQ1
PL25_04801	gene	666	queC			
PL25_04801	CDS	666	queC	6.3.4.20	COG0603	7-cyano-7-deazaguanine synthase
PL25_04802	gene	450	queD			
PL25_04802	CDS	450	queD	4.1.2.50	COG0720	6-carboxy-5,6,7,8-tetrahydropterin synthase
PL25_04803	gene	723	queE_2			
PL25_04803	CDS	723	queE_2	4.3.99.3	COG0602	7-carboxy-7-deazaguanine synthase
PL25_04804	gene	195				
PL25_04804	CDS	195				hypothetical protein
PL25_04805	gene	270				
PL25_04805	CDS	270				hypothetical protein
PL25_04806	gene	114				
PL25_04806	CDS	114				hypothetical protein
PL25_04807	gene	153				
PL25_04807	CDS	153				hypothetical protein
PL25_04808	gene	465				
PL25_04808	CDS	465				hypothetical protein
PL25_04809	gene	348				
PL25_04809	CDS	348				hypothetical protein
PL25_04810	gene	1083	pucR_1			
PL25_04810	CDS	1083	pucR_1		COG2508	Purine catabolism regulatory protein
PL25_04811	gene	588	pucR_2			
PL25_04811	CDS	588	pucR_2		COG2508	Purine catabolism regulatory protein
PL25_04812	gene	465	allB			
PL25_04812	CDS	465	allB	3.5.2.5	COG0044	Allantoinase
